site,url,slug,lastmod,title,description,keywords,h1,h2,error
pilates-k,https://pilates-k.jp/column/pilates-4-times-a-month,pilates-4-times-a-month,2026-01-08T16:05:26+00:00,月4回のピラティスでも効果を実感できる？おすすめの頻度やメリット解説 | pilates K（ピラティスケー）,ピラティスを月4回実施する場合に期待できる効果や、おすすめの頻度をご紹介します。また初心者が効果を感じるためにピラティスを月4回実施する際のポイントもお伝えします。,,月4回のピラティスでも効果を実感できる？おすすめの頻度やメリット解説,ピラティスは月4回でも効果が期待できる？ | 月4回のピラティスに期待できるメリット | 月4回ピラティスをする際の注意点 | ピラティスをするのにおすすめの頻度 | 月4回のピラティスで効果を感じにくい場合の対処法 | 月4回のピラティスで少しずつ効果を実感してみよう！ | ダイエット | 女性のインナーマッスルの鍛え方│トレーニングでぽっこり下腹にアプローチ,
pilates-k,https://pilates-k.jp/column/pilates-beginner,pilates-beginner,2025-12-12T09:32:48+00:00,ピラティスは初心者でも挑戦できる？おすすめの学び方や教室選びのポイント | pilates K（ピラティスケー）,ピラティスは、ゆったりとした動作で体の使い方を学ぶエクササイズです。ヨガと似ていますが、目的や効果には違いがあります。 初心者には難しく感じることもありますが、インストラクターの指導のもとで続けることで、姿勢の改善や日常 […],,ピラティスは初心者でも挑戦できる？おすすめの学び方や教室選びのポイント,初心者が知っておきたいピラティスの基本 | ピラティスは初心者にはキツイって本当？ | 初心者がピラティスを始める3つのメリット | 初心者がピラティスを始める際のポイント | 初心者がピラティスを学ぶ手段 | 初心者はピラティス教室で基本を学ぼう！ | ダイエット | 女性のインナーマッスルの鍛え方│トレーニングでぽっこり下腹にアプローチ,
pilates-k,https://pilates-k.jp/column/what-is-pilates,what-is-pilates,2026-01-08T16:04:09+00:00,ピラティスとは？効果やヨガとの違い、初心者向けのポーズを紹介 | pilates K（ピラティスケー）,ピラティスとは、骨格や筋肉を意識しながら身体の深層部にあるインナーマッスルを鍛えるエクササイズです。動きとともに胸式呼吸を行い、身体全体のバランスを整えます。 本記事では、ピラティスの特徴やヨガとの違い、主に期待できる効 […],,ピラティスとは？効果やヨガとの違い、初心者向けのポーズを紹介,ピラティスとは？ | ピラティスの効果 | マットピラティスとマシンピラティスの違い | ピラティスとヨガの違い | ピラティスの実践方法 | ピラティス初心者向けの基本のポーズと呼吸法 | ピラティスの効果が表れるのはいつごろ？ | ピラティスにチャレンジしてみよう,
pilates-k,https://pilates-k.jp/column/pilates-effect-one-month,pilates-effect-one-month,2026-01-08T16:06:21+00:00,ピラティスは1ヶ月でも効果を実感できる？期待できる身体や心の変化も解説 | pilates K（ピラティスケー）,ピラティスは継続することで効果を実感できるエクササイズですが、1ヶ月でも効果を感じることは可能です。正しいフォームで集中的にエクササイズすることで、姿勢を良くしたり、ボディメイクでスタイルを良くしたりする効果が期待できま […],,ピラティスは1ヶ月でも効果を実感できる？期待できる身体や心の変化も解説,ピラティスは1ヶ月でも効果を実感できる？ | ピラティスで期待できる効果とは？ | ピラティスの効果を1ヶ月で実感する方法 | ピラティスの効果が出ない理由とは？ | ピラティスで身体や体型に変化を感じられる期間は？ | ピラティスのレッスン方法ごとの効果 | ピラティスは長く続けることで効果を実感できる | ダイエット,
pilates-k,https://pilates-k.jp/column/pilates-posture-improvement,pilates-posture-improvement,2026-02-13T00:15:23+00:00,ピラティスは姿勢リセットにおすすめ！なぜ効果があるのか、必要な期間、簡単にできる自宅ケアまで解説 | pilates K（ピラティスケー）,「ピラティスは姿勢に良いって聞くけれど、本当に効果があるの？」「猫背や反り腰が気になるからピラティス始めてみたいけど、難しいのかな…」 ピラティスは姿勢リセットにぴったりのエクササイズです。 ピラティスは呼吸法とインナー […],,ピラティスは姿勢リセットにおすすめ！なぜ効果があるのか、必要な期間、簡単にできる自宅ケアまで解説,ピラティスはなぜ姿勢リセットにいいと言われているのか | ピラティスで姿勢リセットするとどんなメリットがあるのか | ピラティスで姿勢リセットするのに必要な期間は？ | 自宅ピラティスで簡単にできる姿勢リセットメニュー | マシンピラティスで効果的に姿勢リセット！マットとの違いも解説 | ピラティスで姿勢リセットするときに注意するポイント | ピラティスと姿勢リセットについてQ&amp;A | ピラティスで姿勢リセットを習慣化して無理なく整った毎日へ,
pilates-k,https://pilates-k.jp/column/pilates-is-hard,pilates-is-hard,2025-12-12T09:35:32+00:00,ピラティスがつらい・きついのはなぜ？初心者でも挫折しないためにできること | pilates K（ピラティスケー）,ピラティスは、体幹を鍛えながら姿勢や柔軟性の改善を目指すエクササイズとして、多くの方に選ばれています。しかし、実際に始めてみると「思ったよりつらい」「周囲についていけない」と感じてしまう初心者の方も少なくありません。 見 […],,ピラティスがつらい・きついのはなぜ？初心者でも挫折しないためにできること,ピラティス初心者が「ついていけない」と感じるのはなぜ？ | ピラティスがつらい・きついと感じたときの対処法 | ピラティスがつらいならプロの手を借りるのもおすすめ | ダイエット | 女性のインナーマッスルの鍛え方│トレーニングでぽっこり下腹にアプローチ | 女性の筋トレで体重が増える期間は？痩せない理由や効果を出すコツを紹介 | 有酸素運動の時間は何分がベスト？ポイントを知りダイエット効果を高めよう | ぽっこりお腹にアプローチ！お腹を痩せやすくする方法を紹介,
pilates-k,https://pilates-k.jp/column/pilates-meal,pilates-meal,2026-02-12T23:52:37+00:00,ピラティスをするときの食事は？レッスン前後のタイミング・ダイエット向きメニューまで解説！ | pilates K（ピラティスケー）,「ピラティス前っていつまで食事してもいいの？」「反対にピラティスの後はいつから、なにを食べたらいいんだろう…？」 せっかくピラティスに通うなら、しっかり効果を出したいですよね。 実は、食事のタイミングや内容を少し意識する […],,ピラティスをするときの食事は？レッスン前後のタイミング・ダイエット向きメニューまで解説！,ピラティス前後の食事はそれぞれ役割が違う | 食事はピラティスの何時間前までに何を摂るのがおすすめ？ | ピラティス後はいつから食べてOK？ | ピラティスの効果UPに期待できる！おすすめの食事と栄養素 | ピラティスと食事でダイエットも目指せる？ | ピラティスの食事に関するQ&amp;A | 食事でピラティスの効果にやさしくアプローチしよう | ダイエット,
pilates-k,https://pilates-k.jp/column/pilates-before-sleep,pilates-before-sleep,2026-02-13T00:07:29+00:00,寝る前ピラティスで「ぐっすり眠れて、朝が軽い」をつくる！効果・注意点・おすすめポーズ | pilates K（ピラティスケー）,「寝る前にピラティスすると寝つきやすくなるの？」「ダイエット効果もあるのかな？」 ピラティスは心と体の両方にアプローチできるエクササイズのため、寝る前に取り入れることで、寝つきが良くなりやすいといわれています。 それだけ […],,寝る前ピラティスで「ぐっすり眠れて、朝が軽い」をつくる！効果・注意点・おすすめポーズ,寝る前のピラティス効果｜睡眠の質UPと翌朝の軽さUP | 寝る前のピラティスで痩せる？できること・できないこと | 寝る前ピラティスの効果を高める5つのコツ | 寝る前はピラティスとストレッチどちらがいい？ | 寝る前ピラティスのおすすめ10分ルーティン | 寝る前ピラティスのQ&amp;A | 寝る前のピラティスで疲れを取って明日に備えよう | ダイエット,
pilates-k,https://pilates-k.jp/column/pilates-maternity,pilates-maternity,2026-02-13T00:09:45+00:00,妊娠中にピラティスをしてもいい？いつから始められるの？注意するポイントや効果まで解説 | pilates K（ピラティスケー）,「妊娠中、ピラティスはいつからできる？」 「マタニティピラティスは良いって聞くけど、どう良いの？」 妊娠中のピラティスには腰痛や肩こりの予防、体力の向上、むくみ予防などさまざまなメリットが期待できます。 この記事では妊娠 […],,妊娠中にピラティスをしてもいい？いつから始められるの？注意するポイントや効果まで解説,妊娠中のピラティスの効果｜むくみ・腰痛・気分のリフレッシュに | 妊娠中のピラティスはいつから始めてOK？ | 妊娠中のピラティスはいつまでできる？後期～臨月の判断基準 | 妊娠中のピラティスを安全に行うための5つのポイント | 妊娠中のピラティスはマシンとマットどちらがおすすめ？ | 妊娠中のピラティスでおすすめのメニュー | 妊娠中のピラティスについてQ&amp;A（重複する内容はページ内リンクを） | 妊娠中のピラティスで快適なマタニティライフを送ろう,
pilates-k,https://pilates-k.jp/column/pilates-arched-waist,pilates-arched-waist,2026-01-16T07:53:36+00:00,ピラティスで反り腰を根本アプローチ！効果・自宅エクササイズ・マシンとマットの選び方まで解説 | pilates K（ピラティスケー）,「ピラティスは反り腰にいいって本当？」 「手軽に家で出来るメニューが知りたい…」 ピラティスは本来の正しい姿勢に戻すことで、体の不調を改善に導くエクササイズです。 そのため、正しいフォームで行うことで反り腰に効果があると […],,ピラティスで反り腰を根本アプローチ！効果・自宅エクササイズ・マシンとマットの選び方まで解説,ピラティスが反り腰改善のサポートに向いている4つの理由 | ピラティスの前に！反り腰をチェック | 反り腰に効く！ピラティスの自宅で出来る簡単メニュー | ピラティスで反り腰が悪化しないためのコツ | ピラティス以外で反り腰を予防するポイント | ピラティスと反り腰についてQ&amp;A | 10分ピラティスで反り腰にならないカラダを手に入れよう | ダイエット,
pilates-k,https://pilates-k.jp/column/pilates-lowerback-pain,pilates-lowerback-pain,2026-01-16T07:53:53+00:00,腰痛に悩む人のピラティス活用術！悪化させない始め方と簡単にできる自宅メニューを解説 | pilates K（ピラティスケー）,「ピラティスは腰痛に効くの？」 「腰痛があってもピラティスは始められる？」 結論から言うと、ピラティスは腰痛改善の効果が期待でき、腰痛もちの方も適切な強度とフォームで安全にピラティスを始められます。 この記事では、なぜピ […],,腰痛に悩む人のピラティス活用術！悪化させない始め方と簡単にできる自宅メニューを解説,ピラティスで腰痛はよくなる？変わるポイントと限界を知ろう | ピラティスの基本｜これで腰痛を悪化させない！ | 腰痛に効果のあるピラティスを選ぼう | ピラティスで腰を痛めてしまったら | ピラティスと腰痛でよくあるQ&amp;A | ピラティスで腰痛のない毎日を目指そう | ダイエット | 女性のインナーマッスルの鍛え方│トレーニングでぽっこり下腹にアプローチ,
pilates-k,https://pilates-k.jp/column/pilates-swelling,pilates-swelling,2026-01-16T07:54:06+00:00,ピラティスはむくみに効果がある？顔や足がスッキリする理由と自宅で出来る簡単エクササイズ | pilates K（ピラティスケー）,「ピラティスはむくみに効果があるって本当？」「朝は顔がぽってり、夕方になると足がパンパン…家でケアしたい、、、！」 実は、むくみ対策とピラティスの相性はとても良いのです。 胸式呼吸と姿勢・体の使い方を整えることで、静脈や […],,ピラティスはむくみに効果がある？顔や足がスッキリする理由と自宅で出来る簡単エクササイズ,ピラティスでむくみは本当に変わる？仕組みを簡単に解説 | ピラティスでむくみが軽くなる4つの理由 | ピラティスで顔のむくみをすっきり｜洗顔後の1分ケア | ピラティスで足のむくみをリセット｜朝・夜別のルーティン | マシンピラティスとマット、むくみケアにおすすめなのは？ | ピラティスでむくみを悪化させないためのポイント | ピラティスとむくみのQ&amp;A | ピラティスでむくみをためない身体へ,
pilates-k,https://pilates-k.jp/column/pilates-mental,pilates-mental,2026-01-16T07:55:44+00:00,ピラティスでメンタルリセット！効果やヨガとの比較、自宅で出来るメニューも解説 | pilates K（ピラティスケー）,「ピラティスはメンタルケアにも良いって聞いたけど…」 「ピラティスとヨガどちらがいいんだろう？」 結論から言うと、ピラティスはメンタルケアと相性のいいエクササイズです。 呼吸のリズムに合わせてやさしい動きをくり返すことで […],,ピラティスでメンタルリセット！効果やヨガとの比較、自宅で出来るメニューも解説,ピラティスでメンタルケアするポイント | なぜピラティスはメンタルケアに良いのか | ピラティスとヨガはどちらがメンタルケアに向いているのか | 自宅ピラティスでメンタルケアのルーティン | ピラティスでメンタルを悪化させない注意点 | ピラティスとメンタルについてQ&amp;A | ピラティスで無理のないメンタルケアを始めてみよう | ダイエット,
pilates-k,https://pilates-k.jp/column/pilates-plump-person,pilates-plump-person,2026-01-16T07:55:31+00:00,ピラティスはふくよかな人もできる？向いている人の特徴も解説 | pilates K（ピラティスケー）,ピラティスは、太っている人でももちろんできます。激しい動きを伴わず、呼吸に合わせた連続した動きを積み重ねていくことから、膝や足首にかかる負担が少なく、体型にかかわらず取り組めるエクササイズの1つです。 本記事では、ピラテ […],,ピラティスはふくよかな人もできる？向いている人の特徴も解説,ピラティスは太っている人でもできる？ | 太っている人も！ピラティスに期待できる効果 | ピラティスとヨガの違い | ピラティスに向いている人の特徴 | ピラティスに向いていない人の特徴 | 太っている人がピラティスに取り組む際のポイント | 太っている人におすすめのピラティスの服装 | 太っている人こそピラティスを始めよう,
pilates-k,https://pilates-k.jp/column/pilates-is-difficult,pilates-is-difficult,2026-01-08T16:07:27+00:00,ピラティスは難しい？初心者に向けた呼吸のコツなどを解説 | pilates K（ピラティスケー）,近年、健康や美容のためにピラティスを始める方が増えています。しかし、独特の動きや呼吸法を身につける必要があるため「難しい」と感じる方も少なくありません。 この記事では、初心者がピラティスを難しいと感じる理由や、その克服法 […],,ピラティスは難しい？初心者に向けた呼吸のコツなどを解説,そもそも「ピラティス」とは | 初心者がピラティスを難しいと感じる理由 | ピラティスの難しさを克服するためのポイント | ピラティスは難しい？と不安なときはレッスンスタジオに相談を | ダイエット | 女性のインナーマッスルの鍛え方│トレーニングでぽっこり下腹にアプローチ | 女性の筋トレで体重が増える期間は？痩せない理由や効果を出すコツを紹介 | 有酸素運動の時間は何分がベスト？ポイントを知りダイエット効果を高めよう,
pilates-k,https://pilates-k.jp/column/pilates-calories-consumed,pilates-calories-consumed,2026-01-08T16:08:16+00:00,ピラティスの消費カロリーはどの程度？痩せるためのコツも紹介 | pilates K（ピラティスケー）,ダイエットをしている方なら、ピラティスでどの程度のカロリーが消費されるのか気になるのではないでしょうか。消費カロリーがわかれば、エクササイズの頻度や時間の計画を立てやすくなります。 本記事では、ピラティスの消費カロリーを […],,ピラティスの消費カロリーはどの程度？痩せるためのコツも紹介,ピラティスの消費カロリーは1時間150kcal | ピラティスは痩せるエクササイズ？ | ピラティスでダイエットを目指す7つのコツ | ピラティスを続けよう | ダイエット | 女性のインナーマッスルの鍛え方│トレーニングでぽっこり下腹にアプローチ | 女性の筋トレで体重が増える期間は？痩せない理由や効果を出すコツを紹介 | 有酸素運動の時間は何分がベスト？ポイントを知りダイエット効果を高めよう,
pilates-k,https://pilates-k.jp/column/pilates-diet-effect,pilates-diet-effect,2025-12-12T09:37:31+00:00,ピラティスはダイエットにも健康にも効果あり！理想の身体になれる理由 | pilates K（ピラティスケー）,「ダイエットのために運動をしたいけど、激しい運動は苦手…」そんな方にはピラティスがおすすめです！ 今回はピラティスのダイエット効果について解説しますね。 ピラティスで期待できるダイエット効果や、体質改善効果をご紹介！効果 […],,ピラティスはダイエットにも健康にも効果あり！理想の身体になれる理由,ピラティスとは？まずはピラティスについて知ろう！ | ピラティスで理想の身体に！期待できるダイエット効果や体質改善 | ピラティスでのダイエット効果を上げるにはどのくらいの頻度が良い？ | ピラティスでダイエット！ ゆっくりと効果を感じよう | ダイエット | 女性のインナーマッスルの鍛え方│トレーニングでぽっこり下腹にアプローチ | 女性の筋トレで体重が増える期間は？痩せない理由や効果を出すコツを紹介 | 有酸素運動の時間は何分がベスト？ポイントを知りダイエット効果を高めよう,
pilates-k,https://pilates-k.jp/column/pilates-at-home,pilates-at-home,2026-01-08T16:09:02+00:00,初心者でも自宅でピラティスができる？やり方や家でできる基本メニューを紹介 | pilates K（ピラティスケー）,「自宅でピラティスをしたいけど、効果はある？」と考えている方もいるのではないでしょうか？自宅でもピラティスのレッスンはできますが、正しい動きと呼吸法で行うことが大切です。 本記事では、自宅でピラティスを行うときのポイント […],,初心者でも自宅でピラティスができる？やり方や家でできる基本メニューを紹介,初心者も自宅でピラティスのレッスンはできる？ | 家でできるピラティスの基本ポーズ | お家ピラティスで効果を上げるポイント | お家ピラティスのメリット | お家ピラティスのデメリット | 初心者にはスタジオで受けるマシン・ピラティスがおすすめ | 自宅で行うピラティスは正しいフォームと呼吸を意識しよう | ダイエット,
pilates-k,https://pilates-k.jp/column/pilates-method,pilates-method,2025-12-12T09:38:15+00:00,ピラティスの基本のやり方は？種類やレッスン内容も知ろう | pilates K（ピラティスケー）,こんにちは、ピラティススタジオ「ピラティス K」です。 「ピラティス」という名前は聞いたことがあっても、それが具体的にどんなトレーニングなのか分からないという方も多いのではないでしょうか。 今回は、ピラティスのやり方につ […],,ピラティスの基本のやり方は？種類やレッスン内容も知ろう,ピラティスは2種類ある！ピラティスの基本や種類を知ろう | 呼吸法や注意点などピラティスの基本のやり方は？ | ピラティスのレッスンにもいろいろある！自分に合ったやり方を選ぼう | ピラティスの基本や種類を知って、自分に合ったやり方を選ぼう！ | ダイエット | 女性のインナーマッスルの鍛え方│トレーニングでぽっこり下腹にアプローチ | 女性の筋トレで体重が増える期間は？痩せない理由や効果を出すコツを紹介 | 有酸素運動の時間は何分がベスト？ポイントを知りダイエット効果を高めよう,
pilates-k,https://pilates-k.jp/column/pilates-aerobic-exercise,pilates-aerobic-exercise,2026-01-08T16:09:42+00:00,ピラティスは有酸素運動？筋トレとの違いやダイエットに成功するコツを解説 | pilates K（ピラティスケー）,ピラティスは有酸素運動なのか、それとも無酸素運動なのか、気になっている方も多いのではないでしょうか。ピラティスには有酸素運動に似た側面がありますが、厳密にはやや異なります。 本記事では、ピラティスと有酸素運動の関係や、組 […],,ピラティスは有酸素運動？筋トレとの違いやダイエットに成功するコツを解説,ピラティスは有酸素運動？ | ピラティスと有酸素運動を組み合わせる効果 | ピラティスと筋トレはどう違う？ | ピラティスの種類 | ピラティスでダイエット効果を高めるコツ | ピラティスは有酸素運動の一種 | ダイエット | 女性のインナーマッスルの鍛え方│トレーニングでぽっこり下腹にアプローチ,
pilates-k,https://pilates-k.jp/column/pilates-poses,pilates-poses,2026-01-08T16:10:17+00:00,ピラティスの基本ポーズとは？やり方や効果を解説 | pilates K（ピラティスケー）,「ピラティスを始めたいけど、ポーズが難しそう」と感じる方も多いのではないでしょうか。ピラティスには基本のポーズや初心者におすすめのポーズがあり、コツを覚えれば初めての方でもスムーズに行うことが可能です。 本記事では、ピラ […],,ピラティスの基本ポーズとは？やり方や効果を解説,ピラティスとは？ | ピラティスの基本ポーズ | 初心者におすすめのポーズ | 初心者にはマシンピラティスがおすすめ | ピラティスは基本のポーズを習得しよう | ダイエット | 女性のインナーマッスルの鍛え方│トレーニングでぽっこり下腹にアプローチ | 女性の筋トレで体重が増える期間は？痩せない理由や効果を出すコツを紹介,
pilates-k,https://pilates-k.jp/column/pilates-has-changed-my-body-shape,pilates-has-changed-my-body-shape,2026-01-08T16:11:37+00:00,ピラティスで体型が変わったと思うまでの期間は？体型変化の理由も解説 | pilates K（ピラティスケー）,ピラティスで体型が変わったと感じ始めるのは、週2回ペースで行う場合、開始後2～3ヵ月後あたりといわれています。 体型の変化を感じ始めた後も、継続することが大切です。本記事では、ピラティスで体型が変わったと感じ始める時期の […],,ピラティスで体型が変わったと思うまでの期間は？体型変化の理由も解説,ピラティスで体型が変わり始めたと感じる時期の目安 | ピラティスで体型が変わったと感じられる理由 | 体型の変化を感じやすいのはピラティス？ヨガ？ | ピラティスで体型が変わった人の共通点 | ピラティスは太った人でも体型変化を目指せる | ピラティスで体型変化を感じやすいレッスン形式は？ | ピラティスで体型変化を実感するためのポイント | ピラティスを始めて理想の体型を目指そう,
pilates-k,https://pilates-k.jp/column/machine-pilates-lose-weight,machine-pilates-lose-weight,2026-01-16T07:52:44+00:00,マシンピラティスで痩せた人の特徴とダイエットや期待できる効果を解説 | pilates K（ピラティスケー）,マシンピラティスは専用のマシンで負荷を調整したり動きをサポートしたりできるため、効率的な運動が可能といわれています。そのため、痩せたい方が挑戦することも少なくありません。 本記事では、マシンピラティスで本当に痩せられるの […],,マシンピラティスで痩せた人の特徴とダイエットや期待できる効果を解説,マシンピラティスで痩せるのか？ | マシンピラティスで期待できる効果 | マシンピラティスで痩せた人の特徴 | マシンピラティスで痩せないときに実施したいこと | ダイエットにマシンピラティスを取り入れよう | ダイエット | 女性のインナーマッスルの鍛え方│トレーニングでぽっこり下腹にアプローチ | 女性の筋トレで体重が増える期間は？痩せない理由や効果を出すコツを紹介,
pilates-k,https://pilates-k.jp/column/pilates-lose-weight,pilates-lose-weight,2026-01-08T16:12:56+00:00,ピラティスは痩せる？ダイエット効果や変化を感じるまでの期間について解説 | pilates K（ピラティスケー）,近年、健康志向の高まりやダイエット・ボディメイクへの関心の増加に伴い、さまざまなエクササイズが注目されています。中でも「ピラティス」は、体幹の強化や姿勢の改善を目的としたメソッドとして人気が高まっています。 本記事では、 […],,ピラティスは痩せる？ダイエット効果や変化を感じるまでの期間について解説,ピラティスは痩せるエクササイズ？ | ピラティスに期待できる4つのダイエット効果 | ピラティスには2つの種類がある | 痩せる効果が期待できるのは？ピラティスとヨガの違い | ピラティスで痩せる効果を感じるまでの期間や頻度 | ピラティスをダイエットに取り入れるメリット | ピラティスをダイエットに取り入れるときのポイント | ピラティスで痩せる効果を感じるためには継続が大切,
pilates-k,https://pilates-k.jp/column/pilates-leg-thinning,pilates-leg-thinning,2026-01-08T16:13:55+00:00,ピラティスは脚やせに効果的？脚やせが期待できる理由やポーズを解説 | pilates K（ピラティスケー）,ピラティスを行うことで、ヒップラインから脚にかけて引き締める効果が期待できます。それにより、脚をスッキリ見せられるでしょう。 本記事では、ピラティスに脚やせ効果が期待できる理由や脚やせにつながるピラティスのエクササイズ、 […],,ピラティスは脚やせに効果的？脚やせが期待できる理由やポーズを解説,そもそもピラティスで部分やせは可能？ | 脚が太く見えてしまう原因 | ピラティスに脚やせ効果が期待できる3つの理由 | マシンピラティスとマットピラティスの違い | 脚やせにつながるピラティスのエクササイズ5選 | 脚やせにつながるピラティスを行うためのポイント | ピラティスで逆に脚が太くなることはある？ | ピラティスで脚やせを目指そう,
pilates-k,https://pilates-k.jp/column/pilates-stiff-shoulders,pilates-stiff-shoulders,2025-12-12T09:41:27+00:00,ピラティスは肩こりに効く？マシンピラティスが効果的な理由も解説 | pilates K（ピラティスケー）,「ピラティスは肩こりにいいって本当？」 「家でも取り入れられるのかな？」 ピラティスは姿勢を本来の位置に近づけることを目指すエクササイズで、その過程で肩こりの軽減にもアプローチできるといわれています。 また、ゆったりとし […],,ピラティスは肩こりに効く？マシンピラティスが効果的な理由も解説,ピラティスで肩こり緩和が期待できるのはなぜ？4つの理由をやさしく解説 | ピラティスで肩こり改善を目指すなら？おすすめの頻度・期間・スタジオ活用術 | 肩こりにはマシンピラティスとマットピラティスどちらがおすすめ？ | ピラティスで肩こりを悪化させないための注意点 | 自宅ピラティスで肩こりケア！簡単にできるエクササイズ5選 | ピラティスと肩こりに関するQ&amp;A | ピラティスで肩こりの少ない生活を目指そう | ダイエット,
pilates-k,https://pilates-k.jp/column/pilates-upper-arms,pilates-upper-arms,2026-01-08T16:14:41+00:00,二の腕痩せにはピラティス！期待できる効果やエクササイズ方法を紹介 | pilates K（ピラティスケー）,年齢とともに気になりやすくなる二の腕のたるみは、運動やダイエットではなかなか引き締まりにくい部位です。こうした悩みに対しては、姿勢や筋肉の使い方に注目したピラティスがいわれています。 この記事では、二の腕痩せに効果が期待 […],,二の腕痩せにはピラティス！期待できる効果やエクササイズ方法を紹介,二の腕痩せにはピラティスがおすすめ | 二の腕のぷよぷよの原因とは | 二の腕痩せに効果が期待できるピラティスエクササイズ | ピラティスで二の腕を引き締める際のコツ | 知っておきたいピラティス実施時の注意点 | ピラティスで二の腕痩せを実現しよう | ダイエット | 女性のインナーマッスルの鍛え方│トレーニングでぽっこり下腹にアプローチ,
pilates-k,https://pilates-k.jp/column/pilates-belly,pilates-belly,2026-01-08T16:15:23+00:00,ピラティスでおなか引き締め！初心者向け腹筋に働きかけるエクササイズを紹介 | pilates K（ピラティスケー）,おなか周りが気になるときには、ピラティスを始めてみてはいかがでしょうか。ピラティスは腹筋の引き締めにも活用でき、すっきりとしたおなか周りを目指せます。 本記事では、ピラティスで働きかける腹筋の種類やおすすめエクササイズを […],,ピラティスでおなか引き締め！初心者向け腹筋に働きかけるエクササイズを紹介,ピラティスとは？ | ピラティスで働きかける腹筋の種類 | ピラティスで期待できるおなか周りの効果 | おなか周りに効くおすすめピラティスエクササイズ | ピラティスでおなか周りを引き締める際の注意点 | まとめ | ダイエット | 女性のインナーマッスルの鍛え方│トレーニングでぽっこり下腹にアプローチ,
pilates-k,https://pilates-k.jp/column/pilates-market-price,pilates-market-price,2026-01-08T16:16:16+00:00,ピラティスの料金相場はいくら？レッスン形態ごとの値段を紹介 | pilates K（ピラティスケー）,ピラティスのレッスンを受けるスタジオを選ぶ際は、まず料金相場を確認しておきましょう。相場を知ることで、コスパの良いスタジオを見つけられます。自分に合うレッスン形態を確認し、その相場もチェックしておくとよいでしょう。 本記 […],,ピラティスの料金相場はいくら？レッスン形態ごとの値段を紹介,ピラティスの月謝相場はどのくらい？ | グループレッスン・パーソナルレッスンの料金相場 | レッスン料以外に必要な料金 | ピラティスの料金を抑える方法 | ​​お得に回数を多く通いたいなら通い放題がおすすめ | ピラティスの料金プランの上手な選び方 | ピラティスは予算に合わせて最適なレッスンを選ぼう | ダイエット,
pilates-k,https://pilates-k.jp/column/pilates-10-minutes-daily,pilates-10-minutes-daily,2026-06-09T02:08:08+00:00,ピラティスは毎日10分でも効果あり？おすすめメニューとコツを解説 | pilates K（ピラティスケー）,ピラティスを毎日やると効果は出やすいの？毎日続けても体に負担はない？ と気になっていませんか。 ピラティスは、呼吸に合わせて体をコントロールしながら動かすエクササイズです。 軽いメニューであれば毎日取り入れやすく、姿勢の […],,ピラティスは毎日10分でも効果あり？おすすめメニューとコツを解説,ピラティスを毎日10分続けるとどんな効果が期待できる？ | ピラティスは毎日やっても大丈夫？ | 毎日自宅でできるピラティスメニュー | ピラティスを毎日行うときの注意点 | ピラティスを毎日するときによくある質問 | ピラティスを毎日するなら、できる範囲で無理なく続けることが大切 | ダイエット | 女性のインナーマッスルの鍛え方│トレーニングでぽっこり下腹にアプローチ,
pilates-k,https://pilates-k.jp/column/pilates-clothing,pilates-clothing,2026-01-08T16:17:11+00:00,ピラティスの服装を選ぶ6つのポイント！初心者におすすめのウェアを解説 | pilates K（ピラティスケー）,ピラティスを始めるにあたって、どのような服装を選べばいいのか迷ってしまう方も多いのではないでしょうか。初心者にとっては、とくに動きやすさと快適さを兼ね備えたウェア選びが重要です。 本記事では、ピラティスの服装を選ぶための […],,ピラティスの服装を選ぶ6つのポイント！初心者におすすめのウェアを解説,ピラティス初心者ならジャージやヨガウェアでもOK | ピラティスの服装を選ぶ6つのポイント | ピラティスの服装における基本アイテム | ピラティスの服装：おすすめのトップス | ピラティスの服装：おすすめのボトムス | おすすめのピラティスウェアのブランド | 体型が気になる人や恥ずかしい人向けのピラティスの服装 | ピラティスに適した服装で快適にレッスンを受けよう,
pilates-k,https://pilates-k.jp/column/pilates-breathing,pilates-breathing,2026-01-08T16:17:50+00:00,ピラティスの正しい呼吸法とは？胸式呼吸の基本を解説 | pilates K（ピラティスケー）,ピラティスではエクササイズの効果を高めるため、呼吸法が重要です。胸式呼吸に腹式呼吸を組み合わせた「ラテラル胸式呼吸」という呼吸法により、動きに合わせながら正しく呼吸することで、インナーマッスルの強化や集中力アップなどの効 […],,ピラティスの正しい呼吸法とは？胸式呼吸の基本を解説,ピラティスの呼吸法とは？ | ピラティスの呼吸を正しく行う方法 | ピラティスの正しい呼吸法により期待できるメリット | ピラティスの呼吸法を効果的に行うための準備 | 正しい呼吸法を身につけるためには | ピラティスの呼吸法をマスターしよう | ダイエット | 女性のインナーマッスルの鍛え方│トレーニングでぽっこり下腹にアプローチ,
pilates-k,https://pilates-k.jp/column/people-suitable-for-pilates,people-suitable-for-pilates,2026-01-08T16:18:40+00:00,ピラティスが向いている人・向いていない人の特徴は？ヨガとの違いも解説 | pilates K（ピラティスケー）,ピラティスはインナーマッスルを鍛え、姿勢を整えてしなやかな身体づくりができるエクササイズです。幅広い人にメリットがありますが、エクササイズの目的によっては向いていない人もいます。 本記事では、ピラティスが向いている人・向 […],,ピラティスが向いている人・向いていない人の特徴は？ヨガとの違いも解説,ピラティスとは？ | ピラティスが向いている人の特徴 | ピラティスが向いていない人の特徴 | ピラティスで効果を高めるポイント | ピラティスの効果が出ないと感じるときの対処法 | ピラティスに向いている人はまず試してみよう | ダイエット | 女性のインナーマッスルの鍛え方│トレーニングでぽっこり下腹にアプローチ,
pilates-k,https://pilates-k.jp/column/difference-between-pilates-and-yoga,difference-between-pilates-and-yoga,2025-12-12T09:46:57+00:00,ピラティスとヨガの違いは？ピラティスの方法や効果もチェック！ | pilates K（ピラティスケー）,こんにちは、ピラティススタジオ「ピラティス K」です。 「ピラティスとヨガとの違いがわからない。どちらを始めたら良いのだろう？」と迷っている方は意外に多いです。 そこで、今回はピラティスとヨガの違いについて解説します！ […],,ピラティスとヨガの違いは？ピラティスの方法や効果もチェック！,ピラティスとヨガの違い、まずは成り立ちや目的を知ろう | ピラティスとヨガの違いを詳しく！方法や効果を比較しよう | ピラティスかヨガか迷う方へ！選び方のポイント | ピラティス体験は「pilates K（ピラティスケイ）」から！ | ピラティスとヨガの違いを知って目的に合わせて選ぼう | ダイエット | 女性のインナーマッスルの鍛え方│トレーニングでぽっこり下腹にアプローチ | 女性の筋トレで体重が増える期間は？痩せない理由や効果を出すコツを紹介,
pilates-k,https://pilates-k.jp/column/pilates-muscle-training,pilates-muscle-training,2026-01-08T16:19:23+00:00,ピラティスと筋トレの違いとは？併用する場合のやり方も紹介 | pilates K（ピラティスケー）,ピラティスと筋トレは、トレーニングの目的や運動の性質、筋肉へのアプローチが異なります。そのため、得られる効果やおすすめな人も違いますが、併用することで相乗効果を得ることは可能です。 本記事では、ピラティスと筋トレの違いや […],,ピラティスと筋トレの違いとは？併用する場合のやり方も紹介,ピラティスと筋トレの違いとは？ | ピラティスの特徴・メリット | 筋トレの特徴・メリット | ピラティスと筋トレはどちらがおすすめ？ | ピラティスと筋トレを組み合わせるメリット | ピラティスと筋トレを併用するときの注意点 | ピラティスと筋トレは運動の種類や鍛える筋肉が異なる | ダイエット,
pilates-k,https://pilates-k.jp/column/gym-pilates,gym-pilates,2026-01-08T16:20:26+00:00,ジムとピラティスではどっちがおすすめ？違いや併用時の効果を解説 | pilates K（ピラティスケー）,ジムとピラティス、どちらを選ぶべきか悩んでいる方も多いかもしれません。2つの違いを十分理解して選択することで、自身が望む効果を期待できる可能性が高まるでしょう。 本記事では、ジムとピラティスそれぞれのメリット・デメリット […],,ジムとピラティスではどっちがおすすめ？違いや併用時の効果を解説,結局、ジムとピラティスはどっちがおすすめ？ | ジムとピラティスの違い | ジムのメリット | ジムのデメリット | ピラティスのメリット | ピラティスのデメリット | ジムが向いている人の特徴 | ピラティスが向いている人の特徴,
pilates-k,https://pilates-k.jp/column/what-is-machine-pilates,what-is-machine-pilates,2026-01-08T16:21:13+00:00,マシンピラティスとは？効果やマットピラティスとの違いも解説 | pilates K（ピラティスケー）,マシンピラティスとは、専用のマシンを使用して行うピラティスのことです。 マシンを調整することで強度を柔軟に調整できたり、マシンが身体の動きを補助してくれたりするため、ピラティス初心者でも無理なく安全に、エクササイズ効果を […],,マシンピラティスとは？効果やマットピラティスとの違いも解説,マシンピラティスとは | マシンピラティスで得られる効果 | マシンピラティスで使うマシンの種類 | マシンピラティスが向いている人の特徴 | マシンピラティスを始める際に知っておきたいこと | マシンピラティスを始めるならpilates Kがおすすめ | ダイエット | 女性のインナーマッスルの鍛え方│トレーニングでぽっこり下腹にアプローチ,
pilates-k,https://pilates-k.jp/column/mat-pilates,mat-pilates,2026-01-08T16:21:54+00:00,マットピラティスの効果とは？マシンピラティスとの違いやメリットを紹介 | pilates K（ピラティスケー）,近年、健康意識の高まりとともに注目を集めているピラティス。なかでもマット1枚あれば取り組めるマットピラティスは、ピラティスを手軽に始めたい方におすすめのエクササイズです。 本記事では、マットピラティスに期待できる効果や、 […],,マットピラティスの効果とは？マシンピラティスとの違いやメリットを紹介,マットピラティスとは？ | マットピラティスのメリットや期待できる効果 | マットピラティスの基本的な動作 | マシンピラティスとは？マットピラティスとの違い | マシンピラティスのメリットや期待できる効果 | ピラティスはマットとマシン、どちらがおすすめ？ | マットorマシンピラティスで健康的なボディメイクを | ダイエット,
pilates-k,https://pilates-k.jp/column/diet-effects,diet-effects,2026-01-08T16:22:28+00:00,ダイエットはいつから効果が出る？見た目が変化する時期やサインを解説 | pilates K（ピラティスケー）,ダイエットの効果をいつから感じ始めるかについては、個人差があるほか、何をするかによっても異なります。ただし、たとえばウォーキングや水泳などの有酸素運動であれば開始後4～5週間頃から、筋トレをはじめとした無酸素運動では開始 […],,ダイエットはいつから効果が出る？見た目が変化する時期やサインを解説,ダイエットはいつから効果を感じ始める？ | ダイエットの効果を感じ始める6つのサイン | ダイエットの効果を高めやすくする5つのコツ | ダイエットはいつから効果を感じ始めるかを知ろう | ダイエット | 女性のインナーマッスルの鍛え方│トレーニングでぽっこり下腹にアプローチ | 女性の筋トレで体重が増える期間は？痩せない理由や効果を出すコツを紹介 | 有酸素運動の時間は何分がベスト？ポイントを知りダイエット効果を高めよう,
pilates-k,https://pilates-k.jp/column/diet-for-women-in-their-30s,diet-for-women-in-their-30s,2026-01-08T16:23:12+00:00,30代女性のおすすめダイエット！痩せない3つの原因も解説 | pilates K（ピラティスケー）,30代の女性には、30代女性に合ったダイエットが必要です。身体の変化を知り、痩せる方法を探していきましょう。 本記事では、30代女性におすすめのダイエット方法を紹介します。また、30代女性が痩せにくい理由も解説するので、 […],,30代女性のおすすめダイエット！痩せない3つの原因も解説,30代女性は痩せにくい！3つの理由 | 30代女性におすすめのダイエット1.食事で痩せる | 30代女性におすすめのダイエット2.運動で痩せる | 30代女性におすすめのダイエット3.日常生活で痩せる | まとめ | ダイエット | 女性のインナーマッスルの鍛え方│トレーニングでぽっこり下腹にアプローチ | 女性の筋トレで体重が増える期間は？痩せない理由や効果を出すコツを紹介,
pilates-k,https://pilates-k.jp/column/dieting-40s,dieting-40s,2026-01-08T16:23:51+00:00,40代のダイエットは難しい？成功に向けた食事や運動のポイントを紹介 | pilates K（ピラティスケー）,40代になると、ダイエットをしても体重が落ちにくいと感じる方が増えてきます。ダイエットが難しくなる原因は、基礎代謝の衰えやホルモンバランスの変化、ストレスの影響などがあげられます。 本記事では、40代のダイエットが難しい […],,40代のダイエットは難しい？成功に向けた食事や運動のポイントを紹介,40代のダイエットが難しいといわれる理由 | 40代ダイエットの成功を目指す方法 | 40代のダイエットにおすすめの運動方法 | 40代のダイエットを成功させよう | ダイエット | 女性のインナーマッスルの鍛え方│トレーニングでぽっこり下腹にアプローチ | 女性の筋トレで体重が増える期間は？痩せない理由や効果を出すコツを紹介 | 有酸素運動の時間は何分がベスト？ポイントを知りダイエット効果を高めよう,
pilates-k,https://pilates-k.jp/column/diet-aerobic-exercise,diet-aerobic-exercise,2026-01-08T16:24:43+00:00,ダイエットに効果的な有酸素運動とは？おすすめの理由や注意点を解説 | pilates K（ピラティスケー）,有酸素運動は、ダイエットに効果的とされています。カロリーの消費や脂肪燃焼をサポートし、基礎代謝が高まりやすくなるためです。 本記事では、ダイエットに効果的とされる有酸素運動の種類や、運動時間や頻度、注意点などを詳しく解説 […],,ダイエットに効果的な有酸素運動とは？おすすめの理由や注意点を解説,ダイエットに有酸素運動が効果的な理由 | ダイエットに効果的な有酸素運動 | ダイエットに効果的な有酸素運動の時間・頻度など | 有酸素運動でダイエットを行う際のポイント | おすすめの有酸素運動と筋トレの組み合わせ | ダイエットを目的に有酸素運動をする際の注意点 | まとめ | ダイエット,
pilates-k,https://pilates-k.jp/column/how-to-lose-belly-fat,how-to-lose-belly-fat,2026-01-08T16:25:32+00:00,ぽっこりお腹にアプローチ！お腹を痩せやすくする方法を紹介 | pilates K（ピラティスケー）,ぽっこりと出たお腹が気になっている方も多いのではないでしょうか。パンツやスカートのウエスト周りがきつくなったと感じるときは、お腹を痩せやすくする方法を実践してみましょう。 本記事では、お腹を痩せやすくするおすすめの方法や […],,ぽっこりお腹にアプローチ！お腹を痩せやすくする方法を紹介,お腹がぽっこり！原因は何？ | お腹の脂肪を落とすには？おすすめの方法3選 | お腹を痩せやすくするために心がけたいこと | お腹を痩せやすくするときのNG行動 | まとめ | ダイエット | 女性のインナーマッスルの鍛え方│トレーニングでぽっこり下腹にアプローチ | 女性の筋トレで体重が増える期間は？痩せない理由や効果を出すコツを紹介,
pilates-k,https://pilates-k.jp/column/aerobic-exercise-time,aerobic-exercise-time,2026-01-08T16:26:07+00:00,有酸素運動の時間は何分がベスト？ポイントを知りダイエット効果を高めよう | pilates K（ピラティスケー）,体への負荷が比較的軽く、ダイエット効果が期待できる有酸素運動。有酸素運動が健康的な体を手に入れるための鍵となることは理解しつつも、どのくらいの時間行うのが良いのかよくわからないという方も多いでしょう。 この記事では、有酸 […],,有酸素運動の時間は何分がベスト？ポイントを知りダイエット効果を高めよう,有酸素運動の時間は1回あたり30分が理想的 | 有酸素運動は20分以上継続しないと意味がない？ | 有酸素運動におすすめの時間帯 | ダイエットに効果的な有酸素運動の頻度 | 有酸素運動の効果を高めるためのポイント | ダイエットにおすすめの有酸素運動 | 有酸素運動は短時間でも継続することが大切 | ダイエット,
pilates-k,https://pilates-k.jp/column/gain-weight-from-strengt-training,gain-weight-from-strengt-training,2026-01-08T16:26:44+00:00,女性の筋トレで体重が増える期間は？痩せない理由や効果を出すコツを紹介 | pilates K（ピラティスケー）,筋トレを始めると体重が増えることがあり、ダイエットに失敗したのではないかと悩む女性は多いかもしれません。筋トレで体重が増える理由は、筋肉や水分量の増加が主な原因ですが、食べ過ぎている可能性もあります。 本記事では、筋トレ […],,女性の筋トレで体重が増える期間は？痩せない理由や効果を出すコツを紹介,筋トレで体重が増えるのはなぜ？ | 筋トレによる体重や見た目の変化 | 筋肉を増やすメリット | 体重を増やさず筋トレするポイント | 筋トレで体重増加を防ぎ上手にダイエットしよう | ダイエット | 女性のインナーマッスルの鍛え方│トレーニングでぽっこり下腹にアプローチ | 女性の筋トレで体重が増える期間は？痩せない理由や効果を出すコツを紹介,
pilates-k,https://pilates-k.jp/column/womens-inner-muscles,womens-inner-muscles,2026-01-08T16:27:13+00:00,女性のインナーマッスルの鍛え方│トレーニングでぽっこり下腹にアプローチ | pilates K（ピラティスケー）,「最近、おなか周りが気になる……」と感じている女性の中には、インナーマッスルの鍛え方を知りたいと思っている方もいるでしょう。体の内側から姿勢や内臓を支えるインナーマッスルは、美しいボディラインづくりに欠かせません。 この […],,女性のインナーマッスルの鍛え方│トレーニングでぽっこり下腹にアプローチ,インナーマッスルとは | 女性がインナーマッスルを鍛えるメリット | 女性のインナーマッスルを鍛える簡単トレーニング | インナーマッスルを効率的に鍛えられるピラティス | 健康的な体づくりを目指しインナーマッスルを鍛えよう | ダイエット | 女性のインナーマッスルの鍛え方│トレーニングでぽっこり下腹にアプローチ | 女性の筋トレで体重が増える期間は？痩せない理由や効果を出すコツを紹介,
pilates-k,https://pilates-k.jp/column/pilates-morning,pilates-morning,2026-02-12T23:58:43+00:00,朝ピラティスで最高の1日を｜効果・ポーズ・痩せやすい体質を目指せるコツを完全ガイド | pilates K（ピラティスケー）,「朝のピラティスは身体にいいって本当？」「朝ピラティスってダイエット効果はどうなの？」 朝活でピラティスを取り入れると、体に良さそうなイメージがありますよね。 実際に、朝にピラティスのエクササイズを行うことで、体と心のリ […],,朝ピラティスで最高の1日を｜効果・ポーズ・痩せやすい体質を目指せるコツを完全ガイド,朝ピラティスが「体に良い」と言われる3つの理由 | 朝ピラティスのダイエット効果は？痩せる土台を作ろう！ | 初心者OK！朝ピラティスの5分ルーティン | 朝ピラティスの効果アップと注意ポイント | 朝ピラティスを継続するコツ | 朝ピラティスに関するQ&amp;A | 朝ピラティスでしっかり目覚めて快適な一日を過ごそう | ダイエット,
pilates-k,https://pilates-k.jp/column/pilates-bowlegs,pilates-bowlegs,2026-01-16T07:52:31+00:00,ピラティスでO脚はどこまで改善に期待ができる？メカニズム・自宅エクササイズ・ヨガとの違いを解説 | pilates K（ピラティスケー）,ピラティスは、筋肉のバランスや姿勢のクセが原因のO脚であれば、週2〜3回、3か月前後の継続で「膝のすき間が狭くなった」「脚がまっすぐに見える」などの変化が期待できるといわれています。 ただし、同じO脚でも「筋肉や姿勢によ […],,ピラティスでO脚はどこまで改善に期待ができる？メカニズム・自宅エクササイズ・ヨガとの違いを解説,ピラティスでO脚はどこまで改善に期待ができる？変化が出やすいかどうかの見分け方 | ピラティスとO脚の関係｜改善につながる3つのメカニズム | O脚ケアにはマシンピラティス？マット？それぞれの違いについて | ピラティスとヨガでO脚ケアへのアプローチを比較 | ピラティスでO脚の改善を目指す自宅エクササイズ | ピラティスでO脚が「治った」と感じる人の共通点と効果を感じやすくするコツ | ピラティスとO脚に関するQ&amp;A | まとめ｜ピラティスでO脚改善を目指すなら、まずは「セルフチェック＋習慣化」から,
pilates-k,https://pilates-k.jp/column/pilates-trunk,pilates-trunk,2026-01-16T07:59:41+00:00,ピラティスで体幹は鍛えられる？効果が期待できる理由と自宅トレーニング、ヨガとの違いを解説 | pilates K（ピラティスケー）,ピラティスは、体幹のインナーマッスルとアウターマッスルを同時に働かせやすいエクササイズの一つです。 週2〜3回・3か月程度の継続で「姿勢の安定」や「動きやすさ」の変化が期待できるとされています。 体力や運動経験に応じて取 […],,ピラティスで体幹は鍛えられる？効果が期待できる理由と自宅トレーニング、ヨガとの違いを解説,ピラティスで体幹を鍛えやすい理由とメカニズム | 体幹を鍛えると何が変わる？期待できる3つのメリット | ピラティスと体幹トレーニングはどう違う？ | 体幹を鍛えるにはピラティスとヨガどちらが合ってる？目的別の選び方 | マシンとマットそれぞれの体幹アプローチ | 自宅でOK！今日からできる体幹ピラティス | ピラティスと体幹についてよくある質問 | まとめ｜ピラティスで体幹を使える身体を目指そう,
pilates-k,https://pilates-k.jp/column/pilates-headache,pilates-headache,2026-01-16T08:04:23+00:00,ピラティスで頭痛緩和を促せる？効果が期待できる頭痛タイプ・理由・悪化する原因まで解説 | pilates K（ピラティスケー）,ピラティスで変化が期待しやすいのは、主に肩こりや姿勢の乱れが関わる「緊張型頭痛」です。 一方、片頭痛や群発頭痛など、命に関わる病気が隠れている可能性のある頭痛では、ピラティスよりも医療機関での診断と治療が優先されます。 […],,ピラティスで頭痛緩和を促せる？効果が期待できる頭痛タイプ・理由・悪化する原因まで解説,ピラティスと頭痛の関係｜どんな頭痛に変化が期待できるのか | ピラティスで頭痛の改善が期待できる3つの理由 | ピラティス後に頭痛が出やすい4つの原因！危険なパターンも解説 | 頭痛の改善を目指すピラティスの取り入れ方 | 自宅でできる！頭痛ケア向けのピラティスメニュー3選 | ピラティスとヨガや整体の頭痛ケアの違いとは？ | 頭痛持ちの人がピラティスを始めるときのQ&amp;A | まとめ｜ピラティスで頭痛を我慢する生活から予防を目指す毎日へ,
pilates-k,https://pilates-k.jp/column/pilates-straight-neck,pilates-straight-neck,2026-01-16T08:07:26+00:00,ピラティスでストレートネックは改善が期待できる？原因・ケア方法・自宅エクササイズ・注意点まで解説 | pilates K（ピラティスケー）,ピラティスは、ストレートネックそのもののカーブを「元通り」にする体操ではありませんが、頭の位置や姿勢、体幹の筋力を整えることで、首・肩こりや頭痛などの不調をやわらげる一助になるとされています。 週2〜3回・数か月程度続け […],,ピラティスでストレートネックは改善が期待できる？原因・ケア方法・自宅エクササイズ・注意点まで解説,ストレートネックとはどういう状態？ | ピラティスでストレートネックの改善が期待できる3つの理由 | ストレートネックのケアにピラティス・整体・ヨガはどう違う？ | 初心者さんでもOK！ストレートネックのケアを目指すピラティスエクササイズ | ピラティスでストレートネックの改善を目指すときの注意点 | ストレートネックの改善を目指す生活習慣×ピラティスルーティン | ピラティス×ストレートネックでよくあるQ&amp;A | まとめ｜ピラティスでストレートネックを「ゆるやかにケア」する一歩を踏み出そう,
pilates-k,https://pilates-k.jp/column/pilates-bustsize-up,pilates-bustsize-up,2026-01-16T08:11:38+00:00,ピラティスでバストアップはできる？効果が期待できる理由とおすすめエクササイズを紹介 | pilates K（ピラティスケー）,ピラティスで胸そのものを大きくする、というのは難しいかもしれませんが、姿勢と胸郭の動きが整うことでバストを高く立体的に見せやすくなる可能性はあります。 目安としては週2〜4回の継続で、巻き肩や猫背が強い方ほど「トップ位置 […],,ピラティスでバストアップはできる？効果が期待できる理由とおすすめエクササイズを紹介,ピラティスでバストアップは期待できる？ | ピラティスでバストアップ効果が期待される理由 | ピラティスでバストアップどころか胸が小さくなる？ | バストアップするならマシンピラティスとマットどっち？ | バストアップにつながる簡単ピラティスエクササイズ | ピラティスとバストアップでよくあるQ&amp;A | ピラティスとヨガはどっちがバストアップに向いている？ | まとめ｜ピラティスでバストアップを目指す近道は姿勢づくりと継続,
pilates-k,https://pilates-k.jp/column/pilates-menopause,pilates-menopause,2026-01-16T08:14:00+00:00,ピラティスで更年期の不調はケアできる？症状別の期待できる効果を解説 | pilates K（ピラティスケー）,「ピラティスは更年期症状に効果はあるの？」「更年期症状のケアは自宅ピラティスでもできる？」 更年期の不調は、ピラティスで「治す」のではなく、呼吸・姿勢・体幹を整えてつらさの軽減をサポートすることが期待できます。 目安は週 […],,ピラティスで更年期の不調はケアできる？症状別の期待できる効果を解説,ピラティスで更年期の不調はケアできる？期待できる効果とできないこと | ピラティスの前に｜更年期の症状について整理 | 更年期かどうかセルフチェック | ピラティスが更年期のケアに良い理由 | ピラティスで更年期太りを防ぐコツ | 更年期ケアにはマシン・マット・ヨガを比べて選ぼう | 更年期ケアにおすすめ！自宅でできるピラティスポーズ | まとめ｜更年期はピラティスで無理なくケアしよう,
pilates-k,https://pilates-k.jp/column/pilates-hip-up,pilates-hip-up,2026-01-22T02:52:51+00:00,ピラティスでヒップアップは期待できる？おしりが下がる原因やヨガ・筋トレとの比較 | pilates K（ピラティスケー）,ピラティスを続けることでヒップアップは期待できるでしょう。 目安は、早い人なら数週間で「体の使い方の変化」を、2〜3か月で「見た目の変化」を感じられるといわれています。 ただし、狙いは筋肉を大きくすることより、骨盤と股関 […],,ピラティスでヒップアップは期待できる？おしりが下がる原因やヨガ・筋トレとの比較,ピラティスでヒップアップは期待できるのか | ピラティスでヒップアップする前に｜ヒップラインが崩れる原因 | ピラティスでヒップアップを狙うときに大切な筋肉 | ピラティスでヒップアップするにはマシン？マット？ | 自宅でOK！ヒップアップにおすすめのピラティスエクササイズ | ピラティスとヒップアップのよくあるQ&amp;A | まとめ｜ピラティスでヒップアップするには姿勢とおしりの使い方が大切 | ダイエット,
pilates-k,https://pilates-k.jp/column/pilates-urine-leakage,pilates-urine-leakage,2026-01-22T02:55:56+00:00,ピラティスで尿漏れの改善は期待できる？骨盤底筋の整え方と自宅でできるポーズを解説 | pilates K（ピラティスケー）,ピラティスは、咳やくしゃみなど腹圧がかかったときの軽度の尿漏れでは、骨盤底筋と呼吸の連動を整えることで改善が期待できるでしょう。 しかし、尿漏れは原因によって対策が変わり、血尿・痛み・発熱、出し切れずに漏れるなどがある場 […],,ピラティスで尿漏れの改善は期待できる？骨盤底筋の整え方と自宅でできるポーズを解説,ピラティスを始める前に｜尿漏れと骨盤底筋の基本 | ピラティスで尿漏れの改善は期待できる？ | ピラティスが尿漏れに良いと言われる理由 | ピラティスで尿漏れを悪化させないコツ | 尿漏れをケアするのにピラティスの頻度と期間 | 尿漏れケアに自宅でできるピラティスエクササイズ | ピラティスと尿漏れのよくあるQ&amp;A | まとめ｜ピラティスで尿漏れケアに大切なのは骨盤底筋の働きを整えること,
pilates-k,https://pilates-k.jp/column/pilates-frequency,pilates-frequency,2026-06-09T02:27:07+00:00,ピラティスに通うおすすめの頻度は？ダイエット目的の目安や回数別の効果について解説 | pilates K（ピラティスケー）,ピラティスは週何回通うのがいいの？効果を感じるには、どれくらいの頻度で続ければいいの？ ピラティスに通う頻度は、目的やライフスタイルによって変わります。 初心者や忙しい方は週1回から始め、効果を感じたい方は週2回、ボディ […],,ピラティスに通うおすすめの頻度は？ダイエット目的の目安や回数別の効果について解説,ピラティスは週何回通うべき？目的別でおすすめの頻度を解説 | どれくらいの頻度や期間でピラティスの効果は感じやすい？ | ピラティスは1回のレッスンでどれくらい行うのがいい？ | ピラティスを毎日するのはあり？頻度を増やすときの注意点 | ピラティスの頻度に関するよくある質問 | 自分の目的に合った頻度でピラティスを続けよう | ダイエット | 女性のインナーマッスルの鍛え方│トレーニングでぽっこり下腹にアプローチ,
pilates-k,https://pilates-k.jp/column/pilates-small-face,pilates-small-face,2026-04-01T01:44:27+00:00,ピラティスで小顔は目指せる？フェイスラインがすっきり見える理由と簡単なエクササイズ | pilates K（ピラティスケー）,「ピラティスで小顔は目指せるの？」「フェイスラインがすっきり見えるって本当？」と気になっている人も多いのではないでしょうか。 実は、顔まわりだけ鍛えるよりも、姿勢や呼吸、首肩の使い方を見直すほうが、輪郭が整ってフェイスラ […],,ピラティスで小顔は目指せる？フェイスラインがすっきり見える理由と簡単なエクササイズ,ピラティスで小顔は目指せる？「顔が変わる」と言われる理由 | ピラティスで小顔を目指すコツ | ピラティス前に確認したい！小顔を遠ざける原因チェック | ピラティスで小顔を狙う簡単エクササイズ | ピラティスで小顔を目指したいならマシンとマットどっち？ | ピラティスと小顔についてよくあるQ&amp;A | 姿勢と呼吸を整えてピラティスで小顔を目指そう | ダイエット,
pilates-k,https://pilates-k.jp/column/pilates-postpartum,pilates-postpartum,2026-04-01T01:44:26+00:00,産後ピラティスはいつから？目安とメリット、自宅でできる簡単ポーズまで | pilates K（ピラティスケー）,「産後ピラティスはいつからできるの？」 「どんなメリットがあるの？」 産後ピラティスはさまざまなメリットがありますが、体と心の変化が大きい時期だからこそ慎重に始めたいですよね。 産後ピラティスは、普通分娩なら産後1か月健 […],,産後ピラティスはいつから？目安とメリット、自宅でできる簡単ポーズまで,産後ピラティスはいつから始める？普通分娩・帝王切開の目安 | 産後ピラティスのメリットは？ | 産後ピラティスの注意点は？ | 産後ピラティスはスタジオと自宅オンラインどっち？ | 簡単にできる産後ピラティスのポーズは？やさしいマットメニュー6選 | 産後ピラティスの効果を高めるポイント | 自分の状態に合わせて無理なく産後ピラティスを始めよう | ダイエット,
pilates-k,https://pilates-k.jp/column/hotyoga-pilates-difference,hotyoga-pilates-difference,2026-04-01T01:44:18+00:00,ホットヨガとピラティスの違いは？期待できる効果や消費カロリー、料金、併用するときのポイントまで解説 | pilates K（ピラティスケー）,「ホットヨガとピラティスってどう違うの？」「どっちがカロリーを消費できる？」 ピラティスは体幹を鍛えたり姿勢のクセをリセットすることに向いており、ホットヨガは柔軟性やリフレッシュに向いているでしょう。 1時間の消費カロリ […],,ホットヨガとピラティスの違いは？期待できる効果や消費カロリー、料金、併用するときのポイントまで解説,ホットヨガとピラティスの期待できる効果の違い | ホットヨガとピラティスの消費カロリーの違い | ホットヨガとピラティスの料金の違い | ホットヨガとピラティスは併用OK！3つのメリット | ホットヨガとピラティスのよくあるQ&amp;A | ホットヨガかピラティスで理想の体づくりを始めよう | ダイエット | 女性のインナーマッスルの鍛え方│トレーニングでぽっこり下腹にアプローチ,
npilates,https://npilates.jp/lower-back-pain/,lower-back-pain,2026-06-08T06:07:01+00:00,腰痛はなぜ起きる？原因・メカニズム・予防法・おすすめエクササイズまで徹底解説 | Nピラティス〜パーソナルマシンピラティススタジオ〜,はじめに 腰痛は、日本人の約80％が一生のうちに経験するといわれる非常に一般的な症状です。単なる「痛み」だけで,,腰痛はなぜ起きる？原因・メカニズム・予防法・おすすめエクササイズまで徹底解説,はじめに | 目次 | 1. 腰痛の現状と種類 | 2. 腰痛の解剖学的な原因 | 3. 心理的・環境的要因が腰痛に与える影響 | 4. 腰痛を予防するための生活習慣・姿勢改善 | 5. 腰痛に効果的なエクササイズ紹介 | 6. ピラティスが腰痛改善に優れている理由,
npilates,https://npilates.jp/hunched-back/,hunched-back,2026-06-01T17:26:31+00:00,猫背を治すには？理学療法士が教える正しいピラティス | Nピラティス〜パーソナルマシンピラティススタジオ〜,目次 猫背とは？正しい姿勢との違い 猫背が起こる原因（解剖学的視点） 猫背による体への悪影響 猫背を改善するた,,猫背を治すには？理学療法士が教える正しいピラティス,目次 | 1. 猫背とは？正しい姿勢との違い | 2. 猫背が起こる原因（解剖学的視点） | 3. 猫背による体への悪影響 | 4. 猫背を改善するための考え方 | 5. ピラティスで猫背改善ができる理由 | 6. 理学療法士が解説する猫背改善エクササイズ（ピラティス編） | 7. 猫背改善のためのセルフケアと生活習慣,
npilates,https://npilates.jp/forward-bend-back-pain/,forward-bend-back-pain,2026-06-01T07:20:07+00:00,前にかがむと腰が痛いのはぎっくり腰？腰痛の原因5つと正しい応急処置・再発予防まで徹底解説 | Nピラティス〜パーソナルマシンピラティススタジオ〜,「前にかがむと腰がピキッと痛む…これってぎっくり腰？」「重い物を持ち上げた後から腰が痛むけど、病院に行くべき？,,前にかがむと腰が痛いのはぎっくり腰？腰痛の原因5つと正しい応急処置・再発予防まで徹底解説,そもそもぎっくり腰とは？前にかがむと痛い場合のセルフチェックも紹介 | 前にかがむと腰が痛い原因5選 | ぎっくり腰の正しい応急処置5つのポイント | すぐに病院へ！注意すべき危険なサイン | ぎっくり腰の再発を予防する3つのポイント | まとめ：前にかがむと腰が痛い症状はセルフチェックと再発予防で乗り越えよう | 監修者 | 関連記事,
npilates,https://npilates.jp/pilates-suitable-people/,pilates-suitable-people,2026-06-01T07:19:47+00:00,【プロが解説】ピラティスが向いてる人の6つの特徴とは！続けて得られる効果や始め方も紹介 | Nピラティス〜パーソナルマシンピラティススタジオ〜,「ピラティスって、自分に向いているのかな？」「向いてない人の特徴を先に知っておきたい」「体が硬い・運動が苦手な,,【プロが解説】ピラティスが向いてる人の6つの特徴とは！続けて得られる効果や始め方も紹介,ピラティスとは？マットとマシンの違いも解説 | ピラティスが向いてる人の特徴6つ | ピラティスが向いてない人の特徴3つ | ピラティスを続けて得られる3つの効果 | ピラティスの始め方｜初心者が後悔しない4ステップ | まとめ｜ピラティスが自分に向いているか不安な方ほど、まず体験レッスンを | 監修者 | 関連記事,
npilates,https://npilates.jp/right-lower-back-sudden-pain/,right-lower-back-sudden-pain,2026-06-01T07:19:24+00:00,腰の右側が急に痛む女性に考えられる5つの原因とは？病院に行くべきサイン・対処法まで徹底解説 | Nピラティス〜パーソナルマシンピラティススタジオ〜,「家事の途中で急に右の腰がズキッと痛んだ」「ぎっくり腰なのか、それとも病気のサインなのか不安」「右側だけ急に痛,,腰の右側が急に痛む女性に考えられる5つの原因とは？病院に行くべきサイン・対処法まで徹底解説,急にくる右側の腰痛は、なぜ女性に多い？ | 急にくる右側の腰痛で考えられる5つの原因 | 腰痛ですぐに病院に行くべき危険サイン | 急な右側の腰痛時にすぐできる対処法 | 腰痛が落ち着いた後の再発予防につながる3つの習慣 | まとめ：右側の腰痛は早期判断と姿勢ケアで再発を防ごう | 監修者 | 関連記事,
npilates,https://npilates.jp/scoliosis-beauty/,scoliosis-beauty,2026-06-01T07:19:08+00:00,側弯症の人に美人が多いと言われるのはなぜ？噂の真相と見た目の特徴を徹底解説 | Nピラティス〜パーソナルマシンピラティススタジオ〜,「側弯症の人に美人が多いって本当？」「なぜ美人と言われるのか理由が知りたい」「自分も該当するかセルフチェックし,,側弯症の人に美人が多いと言われるのはなぜ？噂の真相と見た目の特徴を徹底解説,「側弯症は美人が多い」と言われるのはなぜ？噂の真相を解説 | そもそも側弯症ってどんな状態？セルフチェック方法も紹介 | 側弯症の人によくある見た目の特徴4選 | 側弯症が招く体の不調 | 側弯症の改善・ケア方法5つ | 側弯症についてよくある質問 | まとめ | 監修者,
npilates,https://npilates.jp/left-shoulder-stiffness-risk/,left-shoulder-stiffness-risk,2026-06-01T07:18:37+00:00,左肩の肩こりは本当は怖い？隠れた病気のサインと改善法を解説 | Nピラティス〜パーソナルマシンピラティススタジオ〜,「左肩の肩こりは、怖い病気のサインって本当？」「揉んでも治らない左肩の肩こりは放っておいて大丈夫？」「右利きな,,左肩の肩こりは本当は怖い？隠れた病気のサインと改善法を解説,左肩の肩こりが「本当は怖い」と言われる理由 | 病気以外で左肩だけが凝りやすくなる原因5選 | 左肩の肩こり改善に効果的なストレッチ5選 | 左肩の肩こりを予防する3つのポイント | まとめ：左肩の肩こりは姿勢×肩甲骨×体幹の3軸で根本改善を目指そう | 監修者 | 関連記事 | reserve 店舗一覧・ご予約,
npilates,https://npilates.jp/woman-lumbago-cause/,woman-lumbago-cause,2026-06-01T07:16:29+00:00,女性に多い腰痛の原因7つを徹底解説！年代別の特徴や予防法を紹介 | Nピラティス〜パーソナルマシンピラティススタジオ〜,「女性に多い腰痛の原因が知りたい」「急に腰痛になったけど加齢が原因？」 女性の腰痛の原因は年代によってさまざま,,女性に多い腰痛の原因7つを徹底解説！年代別の特徴や予防法を紹介,女性に多い腰痛の主な7つの原因 | 【年代別】女性の腰痛の特徴 | 女性の腰痛を予防する方法を5つ紹介 | 女性特有の腰痛に効果的なストレッチを5つ紹介 | 女性に多い腰痛はピラティスで改善できる | 監修者 | 関連記事 | reserve 店舗一覧・ご予約,
npilates,https://npilates.jp/scoliosis-cause/,scoliosis-cause,2026-06-01T07:16:19+00:00,側弯症の原因を種類別に徹底解説！やってはいけないことも紹介 | Nピラティス〜パーソナルマシンピラティススタジオ〜,「側弯症の原因は？大人でも治る？」「側弯症の人がやってはいけないことはある？」 側弯症の種類によって原因はさま,,側弯症の原因を種類別に徹底解説！やってはいけないことも紹介,側弯症とは？症状の特徴を解説 | 側弯症の原因を種類別に紹介 | 【要注意】側弯症の人がやってはいけないことを5つ解説 | 側弯症に効果的なストレッチを3つ紹介 | 側弯症の原因に関するよくある質問 | 側弯症の原因を把握してピラティスで改善しよう | 監修者 | 関連記事,
npilates,https://npilates.jp/postpartum-pelvic-correction-timing/,postpartum-pelvic-correction-timing,2026-06-01T07:15:44+00:00,産後の骨盤矯正はいつからいつまで通う？タイミングや期間の目安を徹底解説 | Nピラティス〜パーソナルマシンピラティススタジオ〜,「産後の骨盤矯正はいつからいつまで通えばいいか知りたい」「産後の骨盤矯正は意味ない？しないとどうなる？」 産後,,産後の骨盤矯正はいつからいつまで通う？タイミングや期間の目安を徹底解説,産後の骨盤矯正はいつから始める？期間や頻度の目安も解説 | 産後に骨盤矯正を行うべき3つの理由 | 産後の骨盤矯正で得られるメリット5選 | 骨盤矯正の効果を高める3つのポイント | 産後の骨盤矯正に効果的なトレーニングを4つ紹介 | 産後の骨盤矯正に関するよくある質問 | 産後の骨盤矯正にはピラティスが効果的 | 監修者,
npilates,https://npilates.jp/hunched-back-self-care-period/,hunched-back-self-care-period,2026-06-01T07:15:33+00:00,猫背はどのくらいで治る？自力で治す方法や期間の目安を詳しく解説 | Nピラティス〜パーソナルマシンピラティススタジオ〜,「猫背は自力だとどのくらいで治る？」「猫背が治った体験談が知りたい」 猫背を自力で治すには、症状の程度によって,,猫背はどのくらいで治る？自力で治す方法や期間の目安を詳しく解説,【まずは確認】自分が猫背かチェックしてみよう | 猫背はどのくらいで治る？症状のレベル別に解説 | 猫背になる主な3つの原因 | 自力で猫背を治す際の4つのポイント | 猫背の改善に役立つセルフケア4選 | 猫背を自力で治す場合に関するよくある質問 | 自力で治らない猫背にはピラティスがおすすめ | 監修者,
npilates,https://npilates.jp/arched-waist-stretch/,arched-waist-stretch,2026-06-01T07:15:27+00:00,反り腰改善に役立つストレッチ3選！原因や放置するリスクも徹底解説 | Nピラティス〜パーソナルマシンピラティススタジオ〜,「反り腰を改善するストレッチが知りたい」「座りながら・寝ながらできるストレッチはある？」 反り腰を放っておくと,,反り腰改善に役立つストレッチ3選！原因や放置するリスクも徹底解説,そもそも反り腰とは？セルフチェック方法も紹介 | 反り腰が招く体の不調を5つ解説 | 反り腰になる原因5選 | 反り腰の改善に効果的なストレッチ3選 | 反り腰を予防する3つのポイント | 反り腰の改善にはピラティスがおすすめ | 監修者 | 関連記事,
npilates,https://npilates.jp/diet/,diet,2026-05-29T16:21:10+00:00,ピラティスダイエットの真実！見た目が変わる最高のボディメイク！ | Nピラティス〜パーソナルマシンピラティススタジオ〜,今回はダイエットとピラティスの関係についてお伝えしていきます！ 体重以上にダイエットに重要な「見た目」を変えて,,ピラティスダイエットの真実！見た目が変わる最高のボディメイク！,監修者 | 関連記事 | reserve 店舗一覧・ご予約,
npilates,https://npilates.jp/stiff-shoulders/,stiff-shoulders,2026-05-29T16:16:59+00:00,肩こりの原因と改善法｜ピラティスでできる簡単運動を専門家が紹介 | Nピラティス〜パーソナルマシンピラティススタジオ〜,デスクワークやスマホの使用が当たり前になった現代、多くの人が悩まされているのが 肩こり で,,肩こりの原因と改善法｜ピラティスでできる簡単運動を専門家が紹介,肩こりの主な原因とは？ | 【これが原因】よくある肩こりのパターン | なぜ「運動」で肩こりが改善するのか？ | ピラティスが肩こり改善に効果的な理由 | 自宅でできる！肩こり改善ピラティス運動 | 肩こり改善において日常生活で気をつけたいこと | まとめ | 監修者,
npilates,https://npilates.jp/rib-flare/,rib-flare,2026-05-24T10:04:54+00:00,肋骨が開いている人必見！肋骨矯正ストレッチ・エクササイズを専門家が解説 | Nピラティス〜パーソナルマシンピラティススタジオ〜,はじめに 「鏡で見たときに肋骨が開いているのが気になる…」「くびれのラインがきれいに見えず下半身が太って見えて,,肋骨が開いている人必見！肋骨矯正ストレッチ・エクササイズを専門家が解説,はじめに | 肋骨の構造と役割（解剖学的な視点） | 肋骨の開きセルフチェック | 肋骨が開く5つの原因 | 肋骨矯正ストレッチ（自宅でできる簡単エクササイズ） | 肋骨矯正エクササイズ（引き締め） | ピラティスで肋骨矯正をさらに効果的に | YouTubeで学ぶ,
npilates,https://npilates.jp/utsunomiya-pilates/,utsunomiya-pilates,2026-05-14T05:24:56+00:00,Nピラティス宇都宮店オープン！パーソナルマシンピラティスで姿勢を根本から変える！ | Nピラティス〜パーソナルマシンピラティススタジオ〜,この度、Nピラティスが宇都宮にオープンすることが決定いたしました！！ 住所は〒320-0033 栃木県宇都宮市,,,,
npilates,https://npilates.jp/hari-nature/,hari-nature,2026-04-28T00:02:25+00:00,美容鍼×小顔矯正で内側から美しく｜肌質改善を目指すなら「ハリナチュレ」 | Nピラティス〜パーソナルマシンピラティススタジオ〜,今回はお世話になっているハリナチュレさんをご紹介します！ 美容鍼サロンハリナチュレは、美容鍼と小顔矯正を組み合,,美容鍼×小顔矯正で内側から美しく｜肌質改善を目指すなら「ハリナチュレ」,監修者 | 関連記事 | reserve 店舗一覧・ご予約,
npilates,https://npilates.jp/pelvis-neutral-position/,pelvis-neutral-position,2026-03-06T08:31:49+00:00,骨盤を立てるってなに？ | Nピラティス〜パーソナルマシンピラティススタジオ〜,姿勢を良くしようとして腰痛になる本当の理由 「姿勢を良くしてください」「骨盤を立てましょう」 ピラティスやトレ,,骨盤を立てるってなに？,姿勢を良くしようとして腰痛になる本当の理由 | 骨盤を立てるとはどういう状態？ | よくある間違い | 背骨の仕組みを知る | 腰椎骨盤リズムとは？ | 姿勢を良くすると腰痛になる理由 | 自宅でできる改善方法 | マシンピラティスでできる改善,
npilates,https://npilates.jp/center-kita-pilates-personal/,center-kita-pilates-personal,2026-03-01T11:08:50+00:00,【センター北】グループピラティスよりパーソナルがおすすめな5つの理由｜Nピラティスセンター北店 | Nピラティス〜パーソナルマシンピラティススタジオ〜,センター北で本気で体を変えるなら、結論はパーソナルレッスンです。 グループも良いですが、目的が明確な人ほど差が,,【センター北】グループピラティスよりパーソナルがおすすめな5つの理由｜Nピラティスセンター北店,① パーソナルピラティスは「身体の評価」から始められる | ② パーソナルピラティスは負荷を最適化できる | ③ パーソナルピラティスは代償動作を防げる | ④ パーソナルピラティスは目標達成が早い | ⑤ パーソナルピラティスは継続率が高い | 逆にグループが向く人は？ | センター北で選ぶなら | まとめ,
npilates,https://npilates.jp/center-kita-npilates/,center-kita-npilates,2026-02-26T00:54:25+00:00,センター北でマシンピラティスなら「Nピラティス」！理学療法士監修のパーソナルレッスンで姿勢・痛みを根本改善 | Nピラティス〜パーソナルマシンピラティススタジオ〜,横浜市都筑区、センター北駅周辺で「最近、姿勢が悪くなってきた」「肩こりや腰痛が慢性化している」「本格的なピラテ,,センター北でマシンピラティスなら「Nピラティス」！理学療法士監修のパーソナルレッスンで姿勢・痛みを根本改善,1. Nピラティス センター北店とは？ | 2. Nピラティスセンター北店が選ばれる「7つの秘密」 | 3. このような悩み、Nピラティスで解決しませんか？ | 4. 実際に通っているお客様の声200件以上！ | 5. センター北Nピラティスセッションの流れ | 6. 通いやすい、継続しやすいコース・料金案内 | 7. センター北Nピラティス　よくある質問 (Q&amp;A) | 8. まとめ：センター北で理想の身体を手に入れる,
npilates,https://npilates.jp/junansei-arunoni-karada-rakunaranai-riyu/,junansei-arunoni-karada-rakunaranai-riyu,2026-02-25T01:17:37+00:00,柔軟性はあるのに体が楽にならない本当の理由 | Nピラティス〜パーソナルマシンピラティススタジオ〜,― ストレッチだけでは不調が改善しないメカニズム ― 「毎日ストレッチをしているのに、体がスッキリしない」「体,,柔軟性はあるのに体が楽にならない本当の理由,柔らかいのに、体がだるい違和感 | 「柔らかさ」と「整っている」はイコールではない | 不調の原因は「硬さ」ではなく「使い方」 | ストレッチだけでは変わらなかった理由 | 筋肉は「伸びる」だけでなく「戻る力」も大切 | ピラティスで初めて分かった「支える感覚」 | マシンピラティスが特に効果的な理由 | こんな方は一度見直してみてください,
npilates,https://npilates.jp/yokohama/,yokohama,2026-02-13T03:47:47+00:00,Nピラティス横浜センター北店OPEN！マシンパーソナルピラティス専門！ | Nピラティス〜パーソナルマシンピラティススタジオ〜,この度、Nピラティス横浜センター北店オープンいたしました！！ 内装はこんな感じです！！ 開放感があり、2レーン,,Nピラティス横浜センター北店OPEN！マシンパーソナルピラティス専門！,Nピラティスセンター北店は他のスタジオと何が違う？ | 監修者 | 関連記事 | reserve 店舗一覧・ご予約,
npilates,https://npilates.jp/event-bodymake-pilates-shortterm/,event-bodymake-pilates-shortterm,2026-02-04T01:22:55+00:00,イベントに向けたボディメイク完全ガイド｜短期間でも変化を出すピラティス的アプローチ | Nピラティス〜パーソナルマシンピラティススタジオ〜,はじめに｜「イベント前だからこそ」ボディメイクは成功しやすい 結婚式、前撮り、発表会、同窓会、撮影、旅行、スポ,,イベントに向けたボディメイク完全ガイド｜短期間でも変化を出すピラティス的アプローチ,はじめに｜「イベント前だからこそ」ボディメイクは成功しやすい | イベント前ボディメイクで多い悩み | ボディメイク＝体重を落とすこと、ではない | イベントに向けたボディメイクで重要な3つの視点 | 短期間でも変化を出すためのピラティス的アプローチ | 結婚式に向けたボディメイク｜Nピラティスでの体験談 | イベント直前に気をつけたいポイント | まとめ｜イベントは「身体を見直すきっかけ」になる,
npilates,https://npilates.jp/menopause-weight-gain-pilates/,menopause-weight-gain-pilates,2026-01-25T06:40:11+00:00,更年期の「太りやすさ」をピラティスで改善！無理なく続けられる身体づくり | Nピラティス〜パーソナルマシンピラティススタジオ〜,更年期に入り、「以前と同じ生活をしているのに太りやすくなった」「お腹まわりの変化が気になるようになった」と感じ,,更年期の「太りやすさ」をピラティスで改善！無理なく続けられる身体づくり,更年期に太りやすくなる本当の理由 | 更年期太りを改善するために大切な3つの視点 | ピラティスが更年期太りに効果的な理由 | マシンピラティス・パーソナルレッスンという選択 | まとめ｜更年期は「整え直す」タイミング | 監修者 | 関連記事 | reserve 店舗一覧・ご予約,
npilates,https://npilates.jp/marathon-runner-pilates-form-improvement/,marathon-runner-pilates-form-improvement,2026-01-23T05:46:54+00:00,マラソンランナー必見！ピラティスでフォーム改善・疲れにくい走りを手に入れる方法 | Nピラティス〜パーソナルマシンピラティススタジオ〜,マラソンや長距離ランニングでは、後半になるほどフォームが崩れる・疲労が抜けない・ケガが不安といった悩みを抱える,,,,
npilates,https://npilates.jp/sleep-quality-machine-pilates-autonomic-breathing/,sleep-quality-machine-pilates-autonomic-breathing,2026-01-21T07:20:00+00:00,睡眠の質を高めるマシンピラティスエクササイズ｜自律神経と呼吸から整える | Nピラティス〜パーソナルマシンピラティススタジオ〜,「疲れているのに眠れない」「夜中に何度も目が覚める」「朝起きてもスッキリしない」——。 こうした“睡眠の質”に,,睡眠の質を高めるマシンピラティスエクササイズ｜自律神経と呼吸から整える,なぜ「睡眠の質」は低下するのか？ | 睡眠と深く関係する「呼吸」と「姿勢」 | マシンピラティスが睡眠改善に向いている理由 | 睡眠の質を高めるマシンピラティスエクササイズ3選 | 睡眠目的のピラティスで気をつけたいポイント | 睡眠の悩みは「体の再学習」で変えられる | 監修者 | 関連記事,
npilates,https://npilates.jp/good-posture-but-feels-tired/,good-posture-but-feels-tired,2025-12-19T03:25:30+00:00,はじめに｜「姿勢を良くしているのに疲れる…」その違和感、実は正しいです | Nピラティス〜パーソナルマシンピラティススタジオ〜,「背筋を伸ばすように意識しているのに、なぜか疲れる」「良い姿勢を保とうとすると、肩や腰がつらくなる」 Nピラテ,,はじめに｜「姿勢を良くしているのに疲れる…」その違和感、実は正しいです,誤解されやすいポイント①「背筋を伸ばす＝良い姿勢」だと思っている | 誤解されやすいポイント②「姿勢は意識すれば保てる」と思っている | 誤解されやすいポイント③「疲れる＝筋力不足」だと思っている | 誤解されやすいポイント④「骨盤だけ整えれば姿勢は良くなる」 | 「疲れない姿勢」の正体とは？ | ピラティスが「疲れない姿勢づくり」に向いている理由 | まず見直してほしい3つのポイント | まとめ｜姿勢は「頑張るもの」ではない,
npilates,https://npilates.jp/rib-flare-postpartum/,rib-flare-postpartum,2025-12-14T07:16:11+00:00,産後の“肋骨の開き”とぽっこりお腹問題｜肋骨が閉じない本当の理由と改善エクササイズ | Nピラティス〜パーソナルマシンピラティススタジオ〜,こんにちは、Nピラティスです。産後のお客様から最も多いご相談の一つが、 お腹がへこまない 肋骨が開いたまま戻ら,,産後の“肋骨の開き”とぽっこりお腹問題｜肋骨が閉じない本当の理由と改善エクササイズ,1. 産後によくある「肋骨の開き」の悩み | 2. なぜ産後は肋骨が開きやすいのか？解剖学に沿って解説 | 3. まずは自分の肋骨が開いているかチェック！ | 4. よくある間違い（これをやると悪化します） | 5. 肋骨を閉じるための改善エクササイズ | 6. どれくらいで変わる？（目安） | 7. 産後の肋骨開きは放置しない方がいい理由 | 8. まとめ,
npilates,https://npilates.jp/winter-metabolism-up-pilates-exercises/,winter-metabolism-up-pilates-exercises,2025-12-14T06:04:04+00:00,冬こそ始めたい！代謝を上げるピラティス習慣｜寒い季節に効くおすすめエクササイズ | Nピラティス〜パーソナルマシンピラティススタジオ〜,寒くなってくると、「なんだか体が重い」「動きたくない」「手足が冷える…」と感じる方が増えてきます。実はそれ、代,,冬こそ始めたい！代謝を上げるピラティス習慣｜寒い季節に効くおすすめエクササイズ,なぜ冬に代謝が落ちるの？ | ピラティスで代謝が上がる理由 | 今日から始められる！代謝アップピラティスエクササイズ3選 | エクササイズを効果的に行うコツ | 続けるほど、体が変わっていく | おわりに｜冬の体づくりは「今」から始めよう | 監修者 | 関連記事,
npilates,https://npilates.jp/thoracic-spine-posture-key/,thoracic-spine-posture-key,2025-12-06T01:23:48+00:00,胸椎ってよく聞くけど…実は“姿勢のカギ”を握る最重要パーツだった！ | Nピラティス〜パーソナルマシンピラティススタジオ〜,「猫背」「肩こり」「反り腰」「呼吸が浅い」「お腹がぽっこりする」これらの原因、じつは 胸椎（きょうつ,,胸椎ってよく聞くけど…実は“姿勢のカギ”を握る最重要パーツだった！,1｜胸椎ってどこのこと？まずは基本をわかりやすく解説 | 2｜胸椎が硬いと何が起きる？よくある不調をまとめます | 3｜胸椎が硬い人のセルフチェック | 4｜胸椎をしなやかにする！簡単ピラティスエクササイズ | 5｜胸椎を整えると何が変わる？（ここが重要！） | 6｜まとめ｜胸椎は“動きの中心”！ここを整えないと姿勢は変わらない | 監修者 | 関連記事,
npilates,https://npilates.jp/scapula-direction-check-shoulder-pain/,scapula-direction-check-shoulder-pain,2025-12-03T07:36:49+00:00,肩甲骨の向きで肩こりタイプを判別！簡単セルフチェック＆改善法 | Nピラティス〜パーソナルマシンピラティススタジオ〜,肩甲骨の向きが肩こりに与える影響 肩こりは単に肩の筋肉が硬くなるだけでなく、肩甲骨の位置や向きの崩れが大きな原,,肩甲骨の向きで肩こりタイプを判別！簡単セルフチェック＆改善法,肩甲骨の向きが肩こりに与える影響 | 肩甲骨セルフチェックのポイント | 肩甲骨タイプ別の原因と解剖学的ポイント | ピラティスで肩甲骨を整える理由 | 肩甲骨タイプ別セルフエクササイズ | 肩甲骨セルフチェックの習慣化 | まとめ | 監修者,
npilates,https://npilates.jp/kounenki-pilates-care/,kounenki-pilates-care,2025-11-26T09:18:03+00:00,更年期のつらい症状は“体の使い方”が原因？ピラティスで整える更年期ケア | Nピラティス〜パーソナルマシンピラティススタジオ〜,更年期の不調は「ホルモン」だけが原因ではありません 40〜50代の女性が感じる更年期の不調。ホットフラッシュ、,,更年期のつらい症状は“体の使い方”が原因？ピラティスで整える更年期ケア,更年期の不調は「ホルモン」だけが原因ではありません | 更年期の不調を悪化させる“体の使い方の乱れ”とは？ | なぜピラティスは更年期の不調改善に効果的なのか？ | つらい更年期症状とピラティスの具体的な関係性 | 更年期の方におすすめのピラティスエクササイズ | 更年期にピラティスを始めるときのポイント | 更年期は“体の使い方を変えるチャンス”です | Nピラティスの更年期ケアは何が違う？,
npilates,https://npilates.jp/stretch-pilates-flexibility-posture/,stretch-pilates-flexibility-posture,2025-11-26T03:27:02+00:00,ストレッチ × ピラティスで体は変わる！柔軟性と姿勢を最大化する最強メソッド | Nピラティス〜パーソナルマシンピラティススタジオ〜,「ストレッチしているのに体が硬いまま…」「ピラティスを続けているけれど、可動域の変化をもっと感じたい」 そんな,,ストレッチ × ピラティスで体は変わる！柔軟性と姿勢を最大化する最強メソッド,1. なぜストレッチだけでは体が変わらないのか？ | 2. ピラティスだけでも問題が残る理由 | 3. ストレッチ×ピラティス併用で起こる3つの相乗効果 | 4. 理学療法士が教える“併用の順番” | 5. 自宅でできる！ストレッチ×ピラティスの黄金ルーティン | 6. Nピラティスのアプローチは“ストレッチ×ピラティス”の最適形 | 7. 時間がない人ほど併用すべき理由 | まとめ｜ストレッチ×ピラティスは最強の組み合わせ,
npilates,https://npilates.jp/shoulder-stiffness-reset-pilates-scapula-movement/,shoulder-stiffness-reset-pilates-scapula-movement,2025-11-21T04:19:32+00:00,ガチガチ肩をリセット！ピラティスで肩甲骨を動かして姿勢が変わる科学的理由 | Nピラティス〜パーソナルマシンピラティススタジオ〜,現代人の多くが悩む「肩こり」「巻き肩」「猫背」。これらの根本には、“動かない肩甲骨” が大きく関わっ,,ガチガチ肩をリセット！ピラティスで肩甲骨を動かして姿勢が変わる科学的理由,1｜なぜ肩甲骨は固まるのか？現代人に起きている「肩の問題」 | 2｜ピラティスが“肩甲骨はがし”に最適な理由 | 3｜肩甲骨が動くと姿勢が変わる“科学的理由” | 4｜自宅でできる「肩甲骨ピラティス」3選 | 5｜Nピラティスでは肩甲骨をどう改善するのか？ | 6｜肩甲骨から姿勢を整えることで、全身が変わり始める | 監修者 | 関連記事,
npilates,https://npilates.jp/sciatica-pilates/,sciatica-pilates,2025-11-15T03:00:47+00:00,坐骨神経痛を改善するピラティス｜原因から整える“しびれの出ない体のつくり方” | Nピラティス〜パーソナルマシンピラティススタジオ〜,はじめに｜坐骨神経痛は「神経」だけの問題じゃない 「お尻から太ももの裏がしびれる」「長く座ると脚が痛い」そんな,,坐骨神経痛を改善するピラティス｜原因から整える“しびれの出ない体のつくり方”,はじめに｜坐骨神経痛は「神経」だけの問題じゃない | 坐骨神経痛とは？｜神経が引っ張られる・圧迫される状態 | 坐骨神経痛の主な原因3つ | ピラティスが坐骨神経痛に効果的な理由（研究エビデンス） | 坐骨神経痛改善ピラティスエクササイズ３選 | 坐骨神経痛改善のカギは“再教育” | 日常で意識したいポイント | まとめ｜“正しい姿勢”が最大の治療法,
npilates,https://npilates.jp/urinary-leak-pelvic-floor/,urinary-leak-pelvic-floor,2025-11-12T03:02:19+00:00,尿もれ改善には骨盤底筋！理学療法士が教える正しい鍛え方とピラティスエクササイズ｜Nピラティス | Nピラティス〜パーソナルマシンピラティススタジオ〜,尿もれの原因は骨盤底筋の衰えかもしれません。理学療法士が骨盤底筋の解剖学的な仕組みと、正しい鍛え方・ピラティス,,尿もれ改善には骨盤底筋！理学療法士が教える正しい鍛え方とピラティスエクササイズ｜Nピラティス,はじめに｜「くしゃみで漏れる…」それ、骨盤底筋のサインかも？ | 骨盤底筋とは？｜骨盤の底を支える「ハンモックのような筋肉」 | 尿もれの原因｜出産だけじゃない！現代人に多い3つの要因 | 骨盤底筋とインナーユニットの関係｜体の内側から姿勢を支えるチーム | ピラティスで整える！骨盤底筋を鍛える3つのエクササイズ | ピラティスで変わる！骨盤底筋と体幹の関係 | まとめ｜“骨盤底筋を感じる”ことから始めよう | 監修者,
npilates,https://npilates.jp/腰痛の本当の原因は使い方にある｜ピラティ/,腰痛の本当の原因は使い方にある｜ピラティ,2025-11-10T07:30:29+00:00,,,,,,'ascii' codec can't encode characters in position 5-24: ordinal not in range(128)
npilates,https://npilates.jp/swayback-posture-pilates/,swayback-posture-pilates,2025-11-06T06:16:50+00:00,スウェイバック姿勢を整えるピラティス｜背中を反らすほど、姿勢は崩れていく？【理学療法士監修】 | Nピラティス〜パーソナルマシンピラティススタジオ〜,「背中を反らした方が姿勢が良い」と思っていませんか？実はその“反って見える姿勢”こそ、**スウェイバック姿勢（,,スウェイバック姿勢を整えるピラティス｜背中を反らすほど、姿勢は崩れていく？【理学療法士監修】,スウェイバック姿勢とは？反り腰との違い | 最新研究で実証されたピラティスの効果 | スウェイバック姿勢の原因 | ピラティスで整える3つのポイント | Nピラティスでの実践アプローチ | 継続で“正しい姿勢感覚”が定着する | 注意点 | Nピラティスからのメッセージ,
npilates,https://npilates.jp/pelvic-imbalance/,pelvic-imbalance,2025-11-06T04:46:02+00:00,骨盤のゆがみはなぜ気になる？ピラティスが“整える”本当の理由 | Nピラティス〜パーソナルマシンピラティススタジオ〜,「骨盤がゆがんでいる気がする」「左右の高さが違う」「姿勢が崩れている」そんな不調を感じる方はとても多いです。,,骨盤のゆがみはなぜ気になる？ピラティスが“整える”本当の理由,骨盤の役割｜姿勢・呼吸・内臓を支える「体の要」 | 骨盤がゆがむ原因とは？ | 骨盤の位置と身体の関係｜「コアの安定性」がカギ | ピラティスで骨盤が整う3つの理由 | 自宅でできる！骨盤を整える | 継続するとどう変わる？ | まとめ｜骨盤を“支える力”を取り戻す | YouTubeで学ぶ,
npilates,https://npilates.jp/前ももが張る人必見！解剖学で理解する正しい体/,前ももが張る人必見！解剖学で理解する正しい体,2025-10-27T07:29:59+00:00,,,,,,'ascii' codec can't encode characters in position 5-26: ordinal not in range(128)
npilates,https://npilates.jp/body-make-pilates-30s/,body-make-pilates-30s,2025-10-26T03:11:02+00:00,30代からのボディメイクピラティス｜代謝・姿勢・呼吸で変わる体 | Nピラティス〜パーソナルマシンピラティススタジオ〜,はじめに｜30代から体が変わりにくくなる理由 20代の頃は少し食事を気をつけたり、軽く運動するだけで体が変わっ,,30代からのボディメイクピラティス｜代謝・姿勢・呼吸で変わる体,はじめに｜30代から体が変わりにくくなる理由 | 30代から体が変わりにくくなる3つの要因 | ピラティスが30代のボディメイクに最適な理由 | ピラティスで変わる！30代の体の変化3ステップ | 自宅でできる！30代ボディメイクピラティス3選 | 続けるほど変わる「30代のボディメイク習慣」 | まとめ｜代謝・姿勢・呼吸を整えて、30代の体を再スタート | 監修者,
npilates,https://npilates.jp/to-make-your-butt-work/,to-make-your-butt-work,2025-10-24T08:56:31+00:00,お尻が効かない原因TOP3｜理学療法士が教える“正しい使い方” | Nピラティス〜パーソナルマシンピラティススタジオ〜,「ヒップアップのためにトレーニングしているのに太ももばかり張る」「ブリッジをしてもお尻が効いている感覚がない」,,お尻が効かない原因TOP3｜理学療法士が教える“正しい使い方”,なぜ多くの人が「お尻を使えない」のか？ | お尻が効かない原因TOP3 | 解剖学的に見る「お尻の正しい使い方」 | お尻を“感じる”ためのピラティスアプローチ | おすすめエクササイズ3選 | 実際のクライアント様の声 | まとめ：お尻を感じると姿勢も人生も変わる | 監修者,
npilates,https://npilates.jp/仕事中でもできる！オフィスピラティスで姿勢改/,仕事中でもできる！オフィスピラティスで姿勢改,2025-10-22T06:54:25+00:00,,,,,,'ascii' codec can't encode characters in position 5-26: ordinal not in range(128)
npilates,https://npilates.jp/肩こりで最初に動かすべき部位とは｜専門家が教/,肩こりで最初に動かすべき部位とは｜専門家が教,2025-10-18T11:12:28+00:00,,,,,,'ascii' codec can't encode characters in position 5-26: ordinal not in range(128)
npilates,https://npilates.jp/straight-neck-3/,straight-neck-3,2025-10-18T11:10:51+00:00,デスクワークやスマホとの関係｜姿勢改善ピラティス | Nピラティス〜パーソナルマシンピラティススタジオ〜,近年、「首や肩がつらい」「腰が重い」と感じる方が増えています。その大きな原因となっているのが デスク,,デスクワークやスマホとの関係｜姿勢改善ピラティス,◆ デスクワークとスマホがもたらす姿勢の変化 | ◆ デスクワーク・スマホと心の不調 | ◆ 解剖学的にみる不調の原因 | 予防・改善のためにできること | ◆ 専門家がすすめる長期的な改善法 | ◆ まとめ | 監修者 | 関連記事,
npilates,https://npilates.jp/difference-between-mat-and-machine-pilates-kashiwa/,difference-between-mat-and-machine-pilates-kashiwa,2025-10-18T11:04:57+00:00,マットピラティスとマシンピラティスの違い｜初心者が始めやすいのは？ | Nピラティス〜パーソナルマシンピラティススタジオ〜,ピラティスを始めたいけれど、「マットとマシン、どっちからやるべき？」と迷う方は多いのではないでしょうか？SNS,,マットピラティスとマシンピラティスの違い｜初心者が始めやすいのは？,そもそもピラティスとは？ | マットピラティスとは？特徴と効果 | マシンピラティスとは？特徴と効果 | マットとマシンの違いを比較 | 初心者にはどちらが始めやすい？ | 理想は「マシンで学んで、マットで定着」 | Nピラティスでは「初心者に寄り添う」マシンピラティス | まとめ｜自分に合った方法で、姿勢から整える,
npilates,https://npilates.jp/is-pilates-good-for-beginners/,is-pilates-good-for-beginners,2025-10-17T08:04:15+00:00,運動経験ゼロでも大丈夫！ピラティスで変わる体の使い方 | Nピラティス〜パーソナルマシンピラティススタジオ〜,はじめに：ピラティス、初めての日のことを思い出してみてください 「体幹ってどこを使えばいいの？」「呼吸を意識し,,運動経験ゼロでも大丈夫！ピラティスで変わる体の使い方,理学療法士目線で考える“体の使い方” | ピラティスをすると体はどう変わる？ | 解剖学的視点が大切な理由 | 初心者でもできるおすすめエクササイズ3つ | ピラティスを続けるコツ | まとめ：運動経験ゼロでも大丈夫 | 監修者 | 関連記事,
npilates,https://npilates.jp/beginner-pilates/,beginner-pilates,2025-10-15T09:17:15+00:00,ゼロから始めるピラティス｜初心者でも続けやすい理由とは？ | Nピラティス〜パーソナルマシンピラティススタジオ〜,「運動が苦手で続かない」「体が硬いからできる気がしない」そんな方にこそおすすめなのがピラティスです。 ピラティ,,ゼロから始めるピラティス｜初心者でも続けやすい理由とは？,監修者 | 関連記事 | reserve 店舗一覧・ご予約,
npilates,https://npilates.jp/lower-back-pain-2/,lower-back-pain-2,2025-10-13T01:39:32+00:00,なぜ腰が痛くなる？姿勢の崩れが腰痛を引き起こす理由｜理学療法士が徹底解説【Nピラティス】 | Nピラティス〜パーソナルマシンピラティススタジオ〜,「朝起きたときに腰が重い」「長時間座ると腰が張ってくる」そんな慢性的な腰痛に悩んでいませんか？ 実は、腰痛の多,,なぜ腰が痛くなる？姿勢の崩れが腰痛を引き起こす理由｜理学療法士が徹底解説【Nピラティス】,腰痛はなぜ起きる？日本人の8割が経験する理由 | 姿勢の崩れが腰痛を引き起こすメカニズム | 理学療法士が教える「腰痛姿勢セルフチェック」 | ピラティスで腰痛を根本から改善する理由 | 自宅でできる！腰痛改善ピラティスエクササイズ3選 | まとめ：腰痛改善の第一歩は「姿勢を知ること」 | 監修者 | 関連記事,
npilates,https://npilates.jp/kashiwa-personal-pilates-vs-group/,kashiwa-personal-pilates-vs-group,2025-09-26T03:07:39+00:00,柏で選ばれるマンツーマンピラティス｜グループレッスンとの違いを徹底解説 | Nピラティス〜パーソナルマシンピラティススタジオ〜,はじめに 「ピラティスを始めたいけれど、グループレッスンとマンツーマン、どちらがいいの？」柏でも多くのピラティ,,柏で選ばれるマンツーマンピラティス｜グループレッスンとの違いを徹底解説,はじめに | グループレッスンピラティスとは？ | マンツーマンピラティスとは？ | 柏でマンツーマンピラティスが選ばれる理由 | グループレッスンとマンツーマンの比較表 | どちらを選ぶべき？ | 柏でマンツーマンピラティスを始めるなら | 実際に通う方の声（体験者の声）,
npilates,https://npilates.jp/osteoarthritis-of-the-hip/,osteoarthritis-of-the-hip,2025-09-26T03:00:03+00:00,【理学療法士が専門解説】変形性股関節症と股関節周囲筋の関係｜本当に鍛えるべき筋肉とは？ | Nピラティス〜パーソナルマシンピラティススタジオ〜,1. 変形性股関節症とは？ 変形性股関節症は、股関節の軟骨がすり減り関節が変形する疾患で、加齢・筋力低下・関節,,【理学療法士が専門解説】変形性股関節症と股関節周囲筋の関係｜本当に鍛えるべき筋肉とは？,1. 変形性股関節症とは？ | 2. 股関節の解剖学的特徴 | 3. 股関節周囲筋とその作用（起始・停止を含む） | 4. 変形性股関節症と筋肉の関係 | 5. 改善・予防のための運動療法 | 6. ピラティスでのアプローチ | まとめ | 監修者,
npilates,https://npilates.jp/glute-activation/,glute-activation,2025-09-21T03:57:08+00:00,お尻を効かせるには？理学療法士が解説する筋肉の使い方と最適エクササイズ | Nピラティス〜パーソナルマシンピラティススタジオ〜,目次 お尻の筋肉を解剖学的に理解 お尻の筋肉の働きと役割 なぜお尻が効かないのか？原因分析 お尻を効かせるため,,お尻を効かせるには？理学療法士が解説する筋肉の使い方と最適エクササイズ,目次 | 1. お尻の筋肉を解剖学的に理解 | 2. お尻の筋肉の働きと役割 | 3. なぜお尻が効かないのか？原因分析 | 4. お尻を効かせるための基本原則 | 5. 効かせるための具体的エクササイズ | 6. 日常生活でお尻を意識するコツ | 7. ピラティス・機能改善トレーニングでのアプローチ,
npilates,https://npilates.jp/knee-osteoarthritis/,knee-osteoarthritis,2025-09-21T02:30:50+00:00,変形性膝関節症とは？ | Nピラティス〜パーソナルマシンピラティススタジオ〜,変形性膝関節症とは、膝関節の軟骨がすり減り、膝の変形や痛みを伴う疾患です。進行性であり、放置すると変形が強まり,,変形性膝関節症とは？,膝関節の解剖学的な仕組み | 変形性膝関節症の原因 | 変形性膝関節症の治療と運動療法の重要性 | 変形性膝関節症に効果的なエクササイズ | 日常生活で気をつけたいポイント | まとめ | 監修者 | 関連記事,
npilates,https://npilates.jp/quadriceps-femoris/,quadriceps-femoris,2025-09-20T08:30:51+00:00,変形性膝関節症で大腿四頭筋ばかり鍛えていませんか？｜本当に鍛えるべき筋肉とは | Nピラティス〜パーソナルマシンピラティススタジオ〜,1. はじめに 変形性膝関節症と診断されたとき、リハビリや運動指導の場でよく耳にするのが「大腿四頭筋を鍛えまし,,変形性膝関節症で大腿四頭筋ばかり鍛えていませんか？｜本当に鍛えるべき筋肉とは,1. はじめに | 2. 変形性膝関節症とは？ | 3. 大腿四頭筋ばかりを鍛える問題点 | 4. 本当に鍛えるべき筋肉とは？ | 5. 鍛えるべき筋肉のエクササイズ例 | 6. まとめ | 監修者 | 関連記事,
npilates,https://npilates.jp/posture-improvement/,posture-improvement,2025-09-08T08:19:18+00:00,【最新版】自分でできる姿勢改善セルフケア｜理学療法士監修でわかる正しい方法と効果 | Nピラティス〜パーソナルマシンピラティススタジオ〜,目次 姿勢改善はなぜ大事？ 姿勢が崩れる原因 解剖学的姿勢基準とは？ 理学療法士が教えるセルフチェック方法 自,,【最新版】自分でできる姿勢改善セルフケア｜理学療法士監修でわかる正しい方法と効果,目次 | 1. 姿勢改善はなぜ大事？ | 2. 姿勢が崩れる原因 | 3. 解剖学的姿勢基準とは？ | 4. 理学療法士が教えるセルフチェック方法 | 5. 自分でできる姿勢改善セルフケア | 6. ピラティスが効果的な理由 | 7. どれくらいで効果が出る？,
npilates,https://npilates.jp/my-calf-is-stiff/,my-calf-is-stiff,2025-09-08T06:20:36+00:00,ふくらはぎが張る原因は？体幹との関係やマッサージでの改善方法を徹底解説 | Nピラティス〜パーソナルマシンピラティススタジオ〜,ふくらはぎが張る原因は？体幹との関係やマッサージでの改善方法を徹底解説 「ふくらはぎがいつも張って痛い…」「マ,,ふくらはぎが張る原因は？体幹との関係やマッサージでの改善方法を徹底解説,ふくらはぎの解剖学と役割 | ふくらはぎが張る主な原因 | 体幹との関係 | 股関節との関係 | セルフチェック方法 | 改善方法・セルフケア | 日常生活での注意ポイント | YouTubeで学ぶ,
npilates,https://npilates.jp/anterior-pelvic-tilt/,anterior-pelvic-tilt,2025-09-03T05:39:41+00:00,骨盤の前傾を改善！原因から効果的なトレーニング法まで理学療法士が解説 | Nピラティス〜パーソナルマシンピラティススタジオ〜,骨盤の前傾を改善！原因から効果的なトレーニング法まで理学療法士が解説 整体で「骨盤が前傾している」と言われたこ,,骨盤の前傾を改善！原因から効果的なトレーニング法まで理学療法士が解説,目次 | 骨盤の前傾・後傾のセルフチェック | 骨盤が前傾する6つの原因 | 骨盤前傾を改善するトレーニング3選 | 骨盤前傾を改善する3つの秘訣 | 骨盤前傾改善にはピラティスがおすすめ | YouTubeで学ぶ | まとめ,
npilates,https://npilates.jp/straight-neck-2/,straight-neck-2,2025-09-02T06:05:58+00:00,ストレートネックの治し方を理学療法士が解説！原因・リスク・改善ストレッチ【Nピラティス】 | Nピラティス〜パーソナルマシンピラティススタジオ〜,「首や肩がいつも重だるい…」「朝起きると首が固まっていて動かしづらい」 こうした不調の裏にある代表的な姿勢の問,,ストレートネックの治し方を理学療法士が解説！原因・リスク・改善ストレッチ【Nピラティス】,ストレートネックとは？頸椎の解剖学的視点から | ストレートネックが全身に与える影響 | ストレートネック改善のためのセルフストレッチ | ストレートネック改善にピラティスが効果的な理由 | 日常生活でできる予防ポイント | 柏でストレートネック改善ならNピラティス | まとめ | 監修者,
npilates,https://npilates.jp/pilates-3/,pilates-3,2025-08-29T08:36:04+00:00,ピラティスとは？効果・向いている人・よくある疑問を理学療法士が徹底解説｜Nピラティス | Nピラティス〜パーソナルマシンピラティススタジオ〜,目次 ピラティスとは？その起源と考え方 ピラティスの特徴と他の運動との違い ピラティスで得られる主な効果とは？,,ピラティスとは？効果・向いている人・よくある疑問を理学療法士が徹底解説｜Nピラティス,目次 | 1. ピラティスとは？その起源と考え方 | 2. ピラティスの特徴と他の運動との違い | 3. ピラティスで得られる主な効果とは？ | 4. ピラティスが向いている人の特徴 | 5. 理学療法士が語る「ピラティスがリハビリにも選ばれる理由」 | 6. Nピラティス柏店でのピラティスの特徴 | 7. よくあるQ&amp;A：ピラティス初心者の不安を解消,
npilates,https://npilates.jp/bow-leg-improvement/,bow-leg-improvement,2025-08-29T08:35:21+00:00,【理学療法士が徹底解説】O脚の原因と治し方｜自宅でできるセルフケア・ピラティスのすすめ｜Nピラティス | Nピラティス〜パーソナルマシンピラティススタジオ〜,はじめに 「O脚が気になってスキニーが履けない…」「昔から足の形が気になっていたけど、今さら治らないと思ってる,,【理学療法士が徹底解説】O脚の原因と治し方｜自宅でできるセルフケア・ピラティスのすすめ｜Nピラティス,はじめに | 目次 | 1. O脚とは？どんな状態？ | 2. O脚を放っておくとどうなる？【リスクと悪影響】 | 3. O脚の5つの原因｜あなたはどれに当てはまる？ | 4. 自分でできる！O脚改善エクササイズとセルフケア | 5. ピラティスでO脚を整える理由とおすすめエクササイズ | 6. 日常生活でのO脚予防・改善ポイント,
npilates,https://npilates.jp/abs-exercises/,abs-exercises,2025-08-29T08:33:55+00:00,ピラティスで腹筋を鍛える！美くびれが叶う驚きの効果を解説｜Nピラティス | Nピラティス〜パーソナルマシンピラティススタジオ〜,はじめに：腹筋を鍛えるなら、ピラティスが正解！ 「お腹周りをスッキリさせたい」「ウエストにくびれが欲しい」――,,ピラティスで腹筋を鍛える！美くびれが叶う驚きの効果を解説｜Nピラティス,はじめに：腹筋を鍛えるなら、ピラティスが正解！ | ピラティスが腹筋に効く！5つの理由 | 解剖学でみる！腹筋群とその働き | 【初心者OK】腹筋を鍛えるおすすめピラティス3選 | よくあるQ＆A | ピラティスで腹筋を鍛えると、見た目も内側も変わる！ | まとめ｜腹筋を鍛えたいならNピラティス柏店へ！ | 監修者,
npilates,https://npilates.jp/sloping-shouldersなで肩や-square-shouldersいかり肩/,sloping-shouldersなで肩や-square-shouldersいかり肩,2025-07-25T08:26:44+00:00,,,,,,'ascii' codec can't encode characters in position 22-25: ordinal not in range(128)
npilates,https://npilates.jp/posterior-pelvic-tilt-and-arched/,posterior-pelvic-tilt-and-arched,2025-07-17T12:08:13+00:00,骨盤後傾なのに反り腰ってどういうこと？｜理学療法士が原因と対処法まで徹底解説【Nピラティス柏店】 | Nピラティス〜パーソナルマシンピラティススタジオ〜,「整体で“骨盤が後傾していますね”と言われたのに、別の場面では“反り腰ですね”とも言われた…どういうこと？」,,骨盤後傾なのに反り腰ってどういうこと？｜理学療法士が原因と対処法まで徹底解説【Nピラティス柏店】,そもそも「骨盤後傾」や「反り腰」ってなに？ | 骨盤後傾“なのに”反り腰？4つの原因を解説！ | 原因となる筋群を理解しよう | 大臀筋とハムストリングス ストレッチ | 骨盤後傾×反り腰を改善するにはどうしたらいい？ | 姿勢が変われば、人生が変わる | まとめ | youtubeから学ぶ,
npilates,https://npilates.jp/how-to-improve-rounded-shoulders/,how-to-improve-rounded-shoulders,2025-06-22T23:45:14+00:00,ピラティスで変わる？巻き肩の原因と治し方｜姿勢改善・セルフケアを理学療法士が解説 | Nピラティス〜パーソナルマシンピラティススタジオ〜,「最近なんだか姿勢が悪く見える」「肩が前に出て猫背っぽくなってきた」 そんなお悩みをお持ちではありませんか？,,ピラティスで変わる？巻き肩の原因と治し方｜姿勢改善・セルフケアを理学療法士が解説,巻き肩とは？ | 巻き肩の主な原因 | 筋肉の走行をイメージしてみよう | 巻き肩のチェック方法 | 自宅でできる! 巻き肩改善 エクササイズ | 巻き肩を放置するとどうなる？ | YouTubeでより分かりやすく！ | 巻き肩改善には継続がカギ,
npilates,https://npilates.jp/machinepilatesbodymake/,machinepilatesbodymake,2025-06-13T06:52:59+00:00,ピラティスで体型は本当に変わる？｜効果の理由・期間・回数を徹底解説！【Nピラティス柏店】 | Nピラティス〜パーソナルマシンピラティススタジオ〜,「最近よく耳にする“ピラティス”。気になるけど、本当に体型は変わるの？」そんな疑問を持つ方も多いのではないでし,,ピラティスで体型は本当に変わる？｜効果の理由・期間・回数を徹底解説！【Nピラティス柏店】,ピラティスで体型が変わった著名人たち | ピラティスで体型が変わる5つの理由 | 効果が出るまでの期間・回数は？ | 効果を高めるための3つのポイント | 柏でピラティスを始めるなら【Nピラティス柏店】 | まとめ | 監修者 | 関連記事,
npilates,https://npilates.jp/pat-shoulders/,pat-shoulders,2025-05-19T08:21:56+00:00,【理学療法士が解説】なで肩の原因と改善法｜Nピラティスで姿勢を美しく！ | Nピラティス〜パーソナルマシンピラティススタジオ〜,「バッグが落ちやすい」「服が似合わない」その悩み、なで肩が原因かもしれません。 なで肩の多くは、筋力低下や姿勢,,【理学療法士が解説】なで肩の原因と改善法｜Nピラティスで姿勢を美しく！,なで肩ってどんな状態？ | なで肩で起こる3つの問題 | 「いかり肩」との違いもチェック！ | なで肩を改善する3つのメリット | 改善方法①：日常生活でのセルフケア | 改善方法②：ピラティスで根本から整える | なで肩改善には「Nピラティス」がおすすめ！ | 【体験者の声】,
npilates,https://npilates.jp/group-pilates/,group-pilates,2025-05-19T07:53:41+00:00,【徹底比較】グループレッスンとパーソナルレッスンの違いとは？ピラティス初心者におすすめの選び方！ | Nピラティス〜パーソナルマシンピラティススタジオ〜,ピラティスを始めたいけど「グループレッスンとパーソナル、どっちがいいの？」と悩む方は多いはず。 本記事では、そ,,【徹底比較】グループレッスンとパーソナルレッスンの違いとは？ピラティス初心者におすすめの選び方！,ピラティスの基本｜マシンピラティスとマットピラティスの違い | ピラティスレッスンは2つの形式｜グループとパーソナルの違い | どちらが向いている？目的別おすすめ | 組み合わせもOK！パーソナル→グループの流れが理想 | Nピラティスでの選び方アドバイス | 体験レッスンの準備・持ち物チェック | まとめ｜グループとパーソナル、自分に合ったスタートを | 監修者,
npilates,https://npilates.jp/kashiwa-pilates-4/,kashiwa-pilates-4,2025-05-06T02:33:47+00:00,柏のピラティススタジオの選び方｜失敗しない4つのポイント！ | Nピラティス〜パーソナルマシンピラティススタジオ〜,柏のピラティススタジオの選び方｜失敗しない4つのポイント ピラティスを始めたいけど「どこを選べばいいの？」と悩,,柏のピラティススタジオの選び方｜失敗しない4つのポイント！,① 通いやすさ｜柏駅から近い or 駐車場があるか？ | ② 資格保有者がいるか｜理学療法士や経験豊富なインストラクター | ③ 初回体験があるか？料金・回数券の仕組みもチェック | ④ 柏駅徒歩3分｜Nピラティスのご紹介 | まとめ｜失敗しないピラティス選びは4つの視点から | 監修者 | 関連記事 | reserve 店舗一覧・ご予約,
npilates,https://npilates.jp/kashiwa/,kashiwa,2025-05-06T02:17:06+00:00,柏のマシンピラティスならパーソナル専門「Nピラティス」！本気で姿勢を変えるスタジオ！ | Nピラティス〜パーソナルマシンピラティススタジオ〜,千葉県柏市にOPEN予定のNピラティス！！ ・マシンピラティスってどこ行けばいいの？・色々あるけど、何が違うの,,柏のマシンピラティスならパーソナル専門「Nピラティス」！本気で姿勢を変えるスタジオ！,柏でNピラティスが選ばれる理由１：「初回体験で姿勢の変化に驚く！」 | 柏でNピラティスが選ばれる理由２：「解剖学を熟知した姿勢のプロがいる！」 | 柏でNピラティスが選ばれる理由３：「全国のインストラクターさんが選ぶピラティススタジオ」 | 柏でNピラティスが選ばれる理由４：「口コミ数が圧倒的！Googel 5.0が200件以上！多数！」 | 柏でNピラティスが選ばれる理由５：「マンツーマンだから結果が出る」 | 柏のNピラティス予約はこちら！ | 監修者 | 関連記事,
npilates,https://npilates.jp/posture-2/,posture-2,2025-01-17T04:37:02+00:00,猫背改善にはピラティスが一番効く！自宅でできる猫背解消ピラティス！ | Nピラティス〜パーソナルマシンピラティススタジオ〜,猫背改善に最も効果的だと言われるピラティス！自宅で猫背を改善するための方法をお伝えします！今日から動画でチェックしてきれいな姿勢を作りましょう。,,猫背改善にはピラティスが一番効く！自宅でできる猫背解消ピラティス！,姿勢に種類があるの知っていました？ | 猫背になると体にどんなデメリットがあるの？ | 猫背になる原因とは？ | キレイに見える理想的な姿勢の位置関係とは？ | 猫背だと同じ体重でも太って見える？ | 猫背は整体では治らない？？ | 猫背はどれくらいの期間で治るの？ | 猫背矯正ベルトで本当に猫背が治るの？,
npilates,https://npilates.jp/youtube/,youtube,2025-01-17T04:32:53+00:00,ピラティスおすすめ人気youtube動画５選！自宅でできるピラティス！つくば・守谷Nピラティス | Nピラティス〜パーソナルマシンピラティススタジオ〜,ピラティスおすすめ人気youtube動画５選を紹介します！自宅でyoutubeを見ながらマットピラティスを始めたい方におすすめ！今日からきれいになるピラティスを始めてみましょう！,,ピラティスおすすめ人気youtube動画５選！自宅でできるピラティス！つくば・守谷Nピラティス,ピラティスおすすめ動画！圧倒的なわかりやすさ&amp;キューイング！B-lifeさん | マシンピラティスで本格的に変えたい人はお店が一番！ | マシンピラティススタジオの賢い選び方！ | 監修者 | 関連記事 | reserve 店舗一覧・ご予約,
npilates,https://npilates.jp/vision/,vision,2024-11-15T07:36:36+00:00,Nピラティスが目指すもの「点ではなく線を導いて繋ぐ」 | Nピラティス〜パーソナルマシンピラティススタジオ〜,どうもです！ 今回は。 2024年の12月末に発売予定の「姿勢のバイブル」の１ページをご紹介します。 たまたま,,Nピラティスが目指すもの「点ではなく線を導いて繋ぐ」,Nピラティスが目指すもの | 監修者 | 関連記事 | reserve 店舗一覧・ご予約,
npilates,https://npilates.jp/voice-5/,voice-5,2024-08-14T04:33:07+00:00,わかりやすい・明確に・楽しいレッスン！Nピラティス | Nピラティス〜パーソナルマシンピラティススタジオ〜,今回もお客様のインタビューをご紹介します！ 「分かりやすく、明確に、楽しいレッスン！」 と嬉しい声をいただいて,,,患者様の声 | reserve 店舗一覧・ご予約,
npilates,https://npilates.jp/voice-2/,voice-2,2024-08-14T04:30:43+00:00,Nピラティス！１回目の体験レッスンで変化を感じた！ | Nピラティス〜パーソナルマシンピラティススタジオ〜,ピラティスって１０回以上通わないと変化は体感できないの？ とよくきかれます。 Nピラティスでは体験時に体の姿勢,,Nピラティス！１回目の体験レッスンで変化を感じた！,監修者 | 関連記事 | reserve 店舗一覧・ご予約,
npilates,https://npilates.jp/interview-6/,interview-6,2024-06-29T07:01:41+00:00,ヨガの先生にもお勧め！体の感覚が短期間で変わる！Nピラティスインタビュー！ | Nピラティス〜パーソナルマシンピラティススタジオ〜,,,ヨガの先生にもお勧め！体の感覚が短期間で変わる！Nピラティスインタビュー！,監修者 | 関連記事 | reserve 店舗一覧・ご予約,
npilates,https://npilates.jp/nピラティス合宿/,nピラティス合宿,2024-06-05T05:29:45+00:00,,,,,,'ascii' codec can't encode characters in position 6-12: ordinal not in range(128)
npilates,https://npilates.jp/interview-5/,interview-5,2024-05-27T07:13:51+00:00,２ヶ月通ってデスクワークの腰痛が全部解消した！お客様インタビュー！ | Nピラティス〜パーソナルマシンピラティススタジオ〜,デスクワークって体にストレスが加わりますよね？ 整体やマッサージに行っても変わらなかった腰痛が、２ヶ月間のピラ,,２ヶ月通ってデスクワークの腰痛が全部解消した！お客様インタビュー！,監修者 | 関連記事 | reserve 店舗一覧・ご予約,
npilates,https://npilates.jp/interview/,interview,2024-05-27T07:13:38+00:00,産後の体重5kg減！・腰と肩の痛みも改善！Nピラティスインタビュー！ | Nピラティス〜パーソナルマシンピラティススタジオ〜,産後は体重が落ちにくく、肩こりや腰痛が起きやすいですよね？ ではピラティスを始めるとどんな変化が起きるのでしょ,,産後の体重5kg減！・腰と肩の痛みも改善！Nピラティスインタビュー！,監修者 | 関連記事 | reserve 店舗一覧・ご予約,
npilates,https://npilates.jp/interview-2/,interview-2,2024-05-27T07:13:19+00:00,船酔いもなくなって快適！使っていない筋肉がわかるようになった！Nピラティスインタビュー！ | Nピラティス〜パーソナルマシンピラティススタジオ〜,運動している時に「どんな筋肉を使っているか？」を知れると効果が倍増しますね！ 今回もお客様のインタビューを動画,,船酔いもなくなって快適！使っていない筋肉がわかるようになった！Nピラティスインタビュー！,監修者 | 関連記事 | reserve 店舗一覧・ご予約,
npilates,https://npilates.jp/interview-3/,interview-3,2024-05-27T07:13:08+00:00,骨盤矯正・マッサージ・鍼よりも産後ピラティスの効果が長続き！！Nピラティスインタビュー！ | Nピラティス〜パーソナルマシンピラティススタジオ〜,,,骨盤矯正・マッサージ・鍼よりも産後ピラティスの効果が長続き！！Nピラティスインタビュー！,監修者 | 関連記事 | reserve 店舗一覧・ご予約,
npilates,https://npilates.jp/interview-4/,interview-4,2024-05-27T07:07:47+00:00,目に見えてわかるくらいO脚が良くなった！Nピラティスインタビュー！ | Nピラティス〜パーソナルマシンピラティススタジオ〜,,,目に見えてわかるくらいO脚が良くなった！Nピラティスインタビュー！,監修者 | 関連記事 | reserve 店舗一覧・ご予約,
npilates,https://npilates.jp/warped-waist/,warped-waist,2024-03-31T23:20:25+00:00,ピラティスで反り腰の悩みを一気に解消！効果的な３つのストレッチ！ | Nピラティス〜パーソナルマシンピラティススタジオ〜,反り腰の見た目が気になる人は必見！反り腰を変えるために今日からできる３つのストレッチ！,,ピラティスで反り腰の悩みを一気に解消！効果的な３つのストレッチ！,反り腰とは？？ | 反り腰の原因になる３つの筋肉 | 反り腰の解消する３つのストレッチ動画 | 反り腰になると弱くなる筋肉は？ | ピラティスで一気に反り腰を解消する！ | 反り腰はどれくらい変わるの？治るまでにどれくらいかかる？ | 反り腰をyoutubeで解決！！ | 反り腰が1回目のマシンピラティスで変わったクライアント様のインタビュー！,
npilates,https://npilates.jp/kobe-pilates1/,kobe-pilates1,2024-03-05T03:04:11+00:00,神戸三宮店Nピラティス！理学療法士がいるマシンピラティススタジオ！姿勢・歪み・痛みが変わる！ | Nピラティス〜パーソナルマシンピラティススタジオ〜,この度、Nピラティスが初の関西上陸です。 神戸三宮駅から徒歩5分の場所に「Nピラティス」がオープンします。 3,,神戸三宮店Nピラティス！理学療法士がいるマシンピラティススタジオ！姿勢・歪み・痛みが変わる！,なぜ理学療法士とピラティスは相性がいいのか？ | 監修者 | 関連記事 | reserve 店舗一覧・ご予約,
npilates,https://npilates.jp/kobe-npilates-recommend/,kobe-npilates-recommend,2024-03-05T03:03:42+00:00,神戸三宮おすすめのマシンピラティススタジオ「Nピラティス」選ばれる５つの理由！ | Nピラティス〜パーソナルマシンピラティススタジオ〜,神戸三宮駅周辺には10以上のピラティススタジオが乱立しています。 お客様は 「どこを選べばいいのだろう？」「何,,神戸三宮おすすめのマシンピラティススタジオ「Nピラティス」選ばれる５つの理由！,神戸ピラティススタジオを選ぶべき５つのポイント | 神戸ピラティススタジオ「集団のマシンピラティス」が合う人 | 神戸ピラティススタジオ「パーソナルのマシンピラティスが合う人」 | Nピラティスがパーソナルピラティスで選ばれる5つの理由 | 神戸おすすめピラティススタジオの選び方まとめ | 監修者 | 関連記事 | reserve 店舗一覧・ご予約,
npilates,https://npilates.jp/posutre/,posutre,2024-02-29T05:45:42+00:00,神戸三宮マシンピラティス！１回で姿勢はどこまで変わる！？ | Nピラティス〜パーソナルマシンピラティススタジオ〜,今回はNピラティス神戸三宮店で、体験セッションを受けた方の変化をお伝えしていきます。 ピラティスは１０回や２０,,神戸三宮マシンピラティス！１回で姿勢はどこまで変わる！？,マシンピラティス１回で「反り腰猫背姿勢」はどこまで変わる？？ | マシンピラティス１回で「頭が前に出た姿勢」はどこまで変わる？？ | マシンピラティス１回で体は柔らかくなるのか？？ | 神戸三宮Nピラティス！１回で姿勢は変わるのか？のまとめ | 監修者 | 関連記事 | reserve 店舗一覧・ご予約,
npilates,https://npilates.jp/lbp/,lbp,2023-07-10T10:51:35+00:00,腰痛にピラティスがイチオシな５つ理由とすぐできる腰痛解消ピラティス！ | Nピラティス〜パーソナルマシンピラティススタジオ〜,腰痛になぜピラティスが効果的なのでしょうか？ピラティスは腰回りにあるインナーマッスルを鍛えて、姿勢を整えてストレスのない体作りができます。さらに脳の観点からも腰痛にもっとも効果的なことがわかります！最後に腰痛に効くピラティス動画もご紹介します！,,腰痛にピラティスがイチオシな５つ理由とすぐできる腰痛解消ピラティス！,腰痛にピラティスが効く理由１　インナーマッスルを鍛えることができる | 腰痛にピラティスが効く理由２　骨盤・腰の正しい動かし方がわかる | 腰痛にピラティスが効く理由３　硬くなっている筋肉が柔らかくなる | 腰痛にピラティスが効く理由４　腰にストレスのない姿勢を作る | 腰痛にピラティスが効く理由５　すでに海外の論文で証明されている | 腰痛に対するピラティスエクササイズ動画 | Nピラティスが行う腰痛ケア | 監修者,
npilates,https://npilates.jp/suitable-for-pilates/,suitable-for-pilates,2023-07-10T10:42:12+00:00,ピラティス専門家が解説！ピラティスが向いている人の7つの特徴！ | Nピラティス〜パーソナルマシンピラティススタジオ〜,私にはどんな運動が向いているんだろう・・・・・？？ そう思ったことはありませんか？ 運動の種類は目的によっても,,ピラティス専門家が解説！ピラティスが向いている人の7つの特徴！,ピラティスが向いている人の特徴１：長期的に継続する忍耐力・根気がある人 | ピラティスが向いている人の特徴２：動画を参考に実践したけど変化がない人 | ピラティスが向いている人の特徴3：運動から長らく離れていた、運動初心者の人 | ピラティスが向いている人の特徴4：体重の量ではなく見た目の質を変えたい人 | ピラティスが向いている人の特徴5：安全に柔軟性をつけたい人 | ピラティスが向いている人の特徴6：整体に行っても痛みが変わらなかった人 | ピラティスが向いている人の特徴7：男性、スポーツをやっている人 | ピラティスが向いている人の特徴のまとめ,
npilates,https://npilates.jp/straight-neck/,straight-neck,2023-04-14T23:06:12+00:00,ストレートネック治療が効かない？ピラティスで変わる理由！つくば・守谷Nピラティス！ | Nピラティス〜パーソナルマシンピラティススタジオ〜,ストレートネックで首が痛い・頭痛がする方は必見！今日からできるストレッチ動画もご紹介！整体やマッサージだけでは変わらない理由とピラティスで変わる理由もわかる！,,ストレートネック治療が効かない？ピラティスで変わる理由！つくば・守谷Nピラティス！,ストレートネックってそもそも何？ | ストレートネックの原因は？ | 整体や整骨院にいっても筋肉はつかないという事実 | ストレートネックを本気で治すための３つのステップ | ストレートネックが楽になるストレッチポール | ストレートネックが楽になる２つのストレッチピラティス | Nピラティスのストレートネックのケア | 監修者,
npilates,https://npilates.jp/transverse-abdominal-muscle/,transverse-abdominal-muscle,2023-03-20T10:27:00+00:00,お腹を凹ます「腹横筋」ピラティスで鍛えて痩せる方法とは？ | Nピラティス〜パーソナルマシンピラティススタジオ〜,お腹を凹ますために腹筋を鍛えるぞ！！ といって、クランチ運動していませんか？ お腹を凹ます筋肉は腹筋ではなく、,,お腹を凹ます「腹横筋」ピラティスで鍛えて痩せる方法とは？,監修者 | 関連記事 | reserve 店舗一覧・ご予約,
npilates,https://npilates.jp/o-leg/,o-leg,2023-03-20T10:26:21+00:00,O脚矯正でまっすぐな脚を手に入れる方法！つくば・守谷Nピラティス！ | Nピラティス〜パーソナルマシンピラティススタジオ〜,O脚は見た目が美しくないだけでなく、足の負担が増え、腰痛や股関節痛などの原因にもなります。 今回は、O脚矯正の,,O脚矯正でまっすぐな脚を手に入れる方法！つくば・守谷Nピラティス！,O脚の原因は何？ | O脚チェック！簡単にできる方法！ | O脚のデメリットって？ | O脚になりやすい人の３つの特徴 | 5分でできるO脚改善ストレッチと美脚筋トレ！ | ピラティスマシン・リフォーマーを使ったO脚改善エクササイズはこちら | Nピラティスで改善したO脚のクライアントさま | 監修者,
npilates,https://npilates.jp/breathing/,breathing,2023-03-20T10:21:25+00:00,【保存版】体が整う疲れ知らずのピラティス呼吸法！Nピラティス | Nピラティス〜パーソナルマシンピラティススタジオ〜,「ピラティスってどうやって呼吸すればいいの？」 「普段の呼吸とどう違うの？」 「呼吸をするとどんなメリットがあ,,【保存版】体が整う疲れ知らずのピラティス呼吸法！Nピラティス,ピラティスの呼吸方法！３つのポイント！ | ピラティスの呼吸方法のメリット | 呼吸のメカニズムを知ると呼吸がうまくなる | ピラティス呼吸が悪くなる姿勢 | ピラティス呼吸を深くするためのストレッチすべき筋肉 | 絶対NG！呼吸パターン！ | 実践！ピラティス呼吸方法の５つのコツ | 今日からできる！ピラティス呼吸方法動画！,
npilates,https://npilates.jp/machine-pilates/,machine-pilates,2023-03-20T10:19:47+00:00,茨城でマシンピラティス完備しているプライベートスタジオ！つくば研究学園駅前・守谷Nピラティス | Nピラティス〜パーソナルマシンピラティススタジオ〜,茨城県つくば市研究学園駅徒歩３分の場所にあるマシンピラティススタジオ！マンツーマンで丁寧に教えてくれて、効果が実感できる本格ピラティススタジオ！,,茨城でマシンピラティス完備しているプライベートスタジオ！つくば研究学園駅前・守谷Nピラティス,マシンピラティスって？どんな効果？何がメリットなの？ | マシンピラティス・リフォーマーは800以上の運動が可能！ | マシンピラティス・タワーでストレッチよりも伸ばせる | マシンピラティス・チェアーは背骨やお尻の調整にもってこい | マシンピラティス・バレルは背骨の緩やかなカーブにピッタリ！ | ピラティスリングを覚えれば自宅のボディメイクにも使える | つくばでマシンピラティスを受けるならNピラティスへ！ | 監修者,
npilates,https://npilates.jp/knee/,knee,2023-03-20T10:17:58+00:00,変形性膝関節症の痛みが楽になるストレッチ・筋トレまとめ！つくば・守谷Nピラティス！ | Nピラティス〜パーソナルマシンピラティススタジオ〜,膝の痛みが気になる人に国家資格者が伝えるストレッチ・筋トレまとめ！今日からできる膝の簡単ストレッチと筋トレで痛みを解消！,,変形性膝関節症の痛みが楽になるストレッチ・筋トレまとめ！つくば・守谷Nピラティス！,監修者 | 関連記事 | reserve 店舗一覧・ご予約,
npilates,https://npilates.jp/lumbar-slip/,lumbar-slip,2023-03-20T10:17:34+00:00,腰椎すべり症を手術しないで治したい！Nピラティス！ | Nピラティス〜パーソナルマシンピラティススタジオ〜,今回のテーマは「腰椎すべり症」です。 何かの原因で背骨が前に滑ってしまう状態です。 腰痛の１つの原因であり、「,,腰椎すべり症を手術しないで治したい！Nピラティス！,監修者 | 関連記事 | reserve 店舗一覧・ご予約,
npilates,https://npilates.jp/external-tibia/,external-tibia,2023-03-20T10:17:24+00:00,有痛性外脛骨の痛みで歩けない人必見！痛みが楽になるマッサージ・テーピング・インソール！つくばNピラティス | Nピラティス〜パーソナルマシンピラティススタジオ〜,https://twitter.com/kibou7777/status/9799751520278446,,有痛性外脛骨の痛みで歩けない人必見！痛みが楽になるマッサージ・テーピング・インソール！つくばNピラティス,監修者 | 関連記事 | reserve 店舗一覧・ご予約,
npilates,https://npilates.jp/autonomic-nerves/,autonomic-nerves,2023-03-20T10:16:43+00:00,自律神経を整えるピラティス４つの魔法！つくば・守谷Nピラティス！ | Nピラティス〜パーソナルマシンピラティススタジオ〜,自律神経の不調はピラティスを行うことで変わります！ピラティスをすることで呼吸が深くなり、背骨が柔らかくなります。さらに内臓・血流UPによって総合的に自律神経を整えることができます。ぜひピラティスの魔法をチェックしてみてください！,,自律神経を整えるピラティス４つの魔法！つくば・守谷Nピラティス！,自律神経の不調を整える５つのストレッチ | 監修者 | 関連記事 | reserve 店舗一覧・ご予約,
npilates,https://npilates.jp/sciatic-nerve/,sciatic-nerve,2023-03-20T10:15:30+00:00,坐骨神経痛が本気でよくなる３つのパターンとやってはいけないこと！Nピラティス！ | Nピラティス〜パーソナルマシンピラティススタジオ〜,坐骨神経痛は神経の通り道の圧迫されている部位を解放していくことで楽になります。坐骨神経自体の柔らかさと圧迫している筋肉をストレッチしていくことが改善の一歩です！今回のテーマは坐骨神経痛の改善方法です！,,坐骨神経痛が本気でよくなる３つのパターンとやってはいけないこと！Nピラティス！,監修者 | 関連記事 | reserve 店舗一覧・ご予約,
npilates,https://npilates.jp/acute-low-back/,acute-low-back,2023-03-20T10:14:41+00:00,ぎっくり腰の治し方マニュアル！ピラティスで効果的に腰痛を楽にする方法！ | Nピラティス〜パーソナルマシンピラティススタジオ〜,ぎっくり腰の治し方を専門家が解説！痛みを楽にする方法、原因、予防までを一気に解説！,,ぎっくり腰の治し方マニュアル！ピラティスで効果的に腰痛を楽にする方法！,監修者 | 関連記事 | reserve 店舗一覧・ご予約,
npilates,https://npilates.jp/scoliosis/,scoliosis,2023-03-20T10:14:27+00:00,側弯症に整体やストレッチは効果ある？正しい治し方とは？つくば・守谷Nピラティス！ | Nピラティス〜パーソナルマシンピラティススタジオ〜,側弯症は運動で治る？ 側弯症は整体で治る？ このような情報に惑わされないように正しい情報をNピラティスが伝えて,,側弯症に整体やストレッチは効果ある？正しい治し方とは？つくば・守谷Nピラティス！,監修者 | 関連記事 | reserve 店舗一覧・ご予約,
npilates,https://npilates.jp/hip-oa/,hip-oa,2023-03-20T10:14:12+00:00,変形性股関節症でやってはいけない４つのリスト！Nピラティス | Nピラティス〜パーソナルマシンピラティススタジオ〜,股関節が痛い時に、これだけはやらないでほしい４つのリスト！股関節の知識を得るだけで楽になる秘訣！,,変形性股関節症でやってはいけない４つのリスト！Nピラティス,監修者 | 関連記事 | reserve 店舗一覧・ご予約,
npilates,https://npilates.jp/hip/,hip,2023-03-20T10:13:27+00:00,変形性股関節症専門ストレッチ動画！びっくりするくらい痛みが楽になるストレッチ！Nピラティス！ | Nピラティス〜パーソナルマシンピラティススタジオ〜,変形性股関節の痛みにで悩んでいる方におすすめのストレッチ動画！痛みが楽になる人続出！今日からできる股関節ストレッチまとめ！,,変形性股関節症専門ストレッチ動画！びっくりするくらい痛みが楽になるストレッチ！Nピラティス！,監修者 | 関連記事 | reserve 店舗一覧・ご予約,
npilates,https://npilates.jp/scoliosis-2/,scoliosis-2,2023-03-13T04:13:47+00:00,側弯症に対するピラティス4回目の変化！つくば・守谷Nピラティス！ | Nピラティス〜パーソナルマシンピラティススタジオ〜,側弯症でお悩みを抱えたクライアント様の変化です。 左側がbefore・右側がafterになります。 4回目のセ,,側弯症に対するピラティス4回目の変化！つくば・守谷Nピラティス！,側弯症の原因も対処方法も | 監修者 | 関連記事 | reserve 店舗一覧・ご予約,
npilates,https://npilates.jp/shoulder-7/,shoulder-7,2023-03-04T00:32:07+00:00,肩関節の術後にマシンピラティスを受けて、肩が上がるようになった！ | Nピラティス〜パーソナルマシンピラティススタジオ〜,今回ご紹介するのは、肩関節の手術後に当店のマシンピラティスを受けて変化したクライアント様の変化です。 肩関節の,,肩関節の術後にマシンピラティスを受けて、肩が上がるようになった！,監修者 | 関連記事 | reserve 店舗一覧・ご予約,
npilates,https://npilates.jp/x/,x,2023-03-03T20:03:34+00:00,X脚を真っ直ぐに改善したい！３つのストレッチ！つくばNピラティス！ | Nピラティス〜パーソナルマシンピラティススタジオ〜,O脚はよく聞くけど・・・ X脚って少ないですよね？ でも少ないけども困っている人はいます。 X脚の見た目が気に,,X脚を真っ直ぐに改善したい！３つのストレッチ！つくばNピラティス！,X脚とは？ | X脚になりやすい座り方 | X脚の人の足はアーチが低い | X脚の人に共通する３つの体の特徴 | X脚をまっすぐにするための３つのストレッチ・トレーニング | X脚に対するNピラティスのケア方法 | 監修者 | 関連記事,
npilates,https://npilates.jp/x-bein/,x-bein,2023-03-03T20:00:56+00:00,X脚による股関節・腰痛が改善して、X脚が変わってきた！ | Nピラティス〜パーソナルマシンピラティススタジオ〜,今回はX脚で悩んでいたクライアント様の変化をご紹介します。 X脚はO脚よりも時間がかかることが多く、今回のクラ,,X脚による股関節・腰痛が改善して、X脚が変わってきた！,監修者 | 関連記事 | reserve 店舗一覧・ご予約,
npilates,https://npilates.jp/knee-pain/,knee-pain,2023-03-03T19:55:38+00:00,マシンピラティスで膝痛が良くなった！膝の痛みと歩き方の変化！ | Nピラティス〜パーソナルマシンピラティススタジオ〜,今回はピラティス４回目で「歩き方」と「膝の痛み」が良くなったクライアント様の変化をご紹介します↓ 初回は膝の痛,,マシンピラティスで膝痛が良くなった！膝の痛みと歩き方の変化！,膝の痛みにピラティスが効果的なのか？ | 膝以外を動かすことで膝のストレスが減る | 監修者 | 関連記事 | reserve 店舗一覧・ご予約,
npilates,https://npilates.jp/reserve-yoshida/,reserve-yoshida,2023-02-17T21:15:57+00:00,Nピラティス代表吉田の予約状況について | Nピラティス〜パーソナルマシンピラティススタジオ〜,皆様いつもお世話になっております。 現在、Nピラティス代表の吉田の予約状況ですが、2023年2月現在で、６ヶ月,,Nピラティス代表吉田の予約状況について,監修者 | 関連記事 | reserve 店舗一覧・ご予約,
npilates,https://npilates.jp/maternity/,maternity,2023-01-30T01:55:32+00:00,マタニティピラティスで最高の出産ができる５つの理由！つくば・守谷Nピラティス！ | Nピラティス〜パーソナルマシンピラティススタジオ〜,ピラティスの中でも妊娠中からできるマタニティピラティスがあります。 「妊娠中にも運動したいけれど、ハードな運動,,マタニティピラティスで最高の出産ができる５つの理由！つくば・守谷Nピラティス！,マタニティピラティスの前に知っておくべき妊娠中の体の変化 | マタニティピラティスはいつから？どれくらいやればいい？ | マタニティピラティスをやるべき５つの理由 | マタニティピラティスは具体的にどんなことをするの？ | マタニティの運動でやってはいけないこと | Nピラティスが行うマタニティピラティス | 監修者 | 関連記事,
npilates,https://npilates.jp/machine-pilates-3/,machine-pilates-3,2023-01-27T08:17:17+00:00,８回目のマシンピラティスで体の「ひねり」がここまで変わった！ | Nピラティス〜パーソナルマシンピラティススタジオ〜,今回はマシンピラティス８回終わった後のクライアント様の変化をご紹介します。 元々「体がねじりにくい」というお悩,,８回目のマシンピラティスで体の「ひねり」がここまで変わった！,監修者 | 関連記事 | reserve 店舗一覧・ご予約,
npilates,https://npilates.jp/machine-pilates-2/,machine-pilates-2,2023-01-27T08:10:04+00:00,３回目のマシンピラティスで体が柔らかくなったことを実感！ | Nピラティス〜パーソナルマシンピラティススタジオ〜,今回はマシンピラティス３回目の体の変化をご紹介します。 Beforeの状態 ・ふくらはぎ〜太ももの裏側の筋肉が,,３回目のマシンピラティスで体が柔らかくなったことを実感！,監修者 | 関連記事 | reserve 店舗一覧・ご予約,
npilates,https://npilates.jp/maternity-2/,maternity-2,2023-01-19T06:46:26+00:00,マタニティピラティス産前編！知っておいて欲しいリスクと産前の効果的な運動！ | Nピラティス〜パーソナルマシンピラティススタジオ〜,産前産後に対する整体やヨガ・ピラティスなどが流行っていますね！ 産前産後にしっかりとした体のケアをすることでお,,マタニティピラティス産前編！知っておいて欲しいリスクと産前の効果的な運動！,マタニティピラティスのメリット | マタニティピラティス！妊娠中に運動するときに必ずやるべきこと | マタニティピラティス！妊娠中に運動してはいけないとき | マタニティピラティスで気をつける仰臥位低血圧症候群！ | マタニティピラティス！流産のリスクは？ | マタニティピラティス！産前に筋肉・骨の変化 | マタニティピラティスで産前に行う３つのこと！ | Nピラティスで変わったマタニティのクライアント様の例,
npilates,https://npilates.jp/wear/,wear,2023-01-04T07:25:40+00:00,Nピラティスの新ウェア完成！ | Nピラティス〜パーソナルマシンピラティススタジオ〜,Nピラティスの女性ウェア（トップス）が完成しました！ バックラインに切り込みがあるので、結んで着たらシルエット,,Nピラティスの新ウェア完成！,商品詳細 | 注文方法 | 監修者 | 関連記事 | reserve 店舗一覧・ご予約,
npilates,https://npilates.jp/review/,review,2022-11-27T06:42:51+00:00,Nピラティスへ来てから、マッサージもリハビリも全て必要なくなりました。 | Nピラティス〜パーソナルマシンピラティススタジオ〜,先日、お客様に 「Nピラティスの口コミお願いします！」と軽い気持ちでお伝えしたのですが。 すご〜く真剣に長い文,,Nピラティスへ来てから、マッサージもリハビリも全て必要なくなりました。,お客様の口コミ（全文） | プロフェッショナルとして | 監修者 | 関連記事 | reserve 店舗一覧・ご予約,
npilates,https://npilates.jp/lbp-5/,lbp-5,2022-11-04T22:26:52+00:00,ピラティスは慢性腰痛にとっても最も効果の高い運動！！その理由とは？？ | Nピラティス〜パーソナルマシンピラティススタジオ〜,「ピラティスは腰痛に効く」 と最近では少しずつ認知されるようになってきました。 「本当に効くの？」と思っている,,ピラティスは慢性腰痛にとっても最も効果の高い運動！！その理由とは？？,研究論文の内容 | なぜピラティスが慢性腰痛にとって最も効果的なのか？ | 慢性腰痛を改善するためにはどれくらいの運動・頻度が必要？ | 参考文献 | 監修者 | 関連記事 | reserve 店舗一覧・ご予約,
npilates,https://npilates.jp/サポートしているジョッキーの原選手がg1出場決定/,サポートしているジョッキーの原選手がg1出場決定,2022-11-03T23:02:42+00:00,,,,,,'ascii' codec can't encode characters in position 5-22: ordinal not in range(128)
npilates,https://npilates.jp/pilates-frequency/,pilates-frequency,2022-10-27T01:55:26+00:00,ピラティスの効果が出る頻度・期間は？毎日やらなくてもいいの？プロが教える真実！ | Nピラティス〜パーソナルマシンピラティススタジオ〜,ピラティスはどれくらいやれば効果がでるの？毎日やる？1週間に1回？みんなが気になるピラティス頻度を科学的な視点からお答えしていきます！効率的にピラティスを取り入れる頻度・回数とは？？,,ピラティスの効果が出る頻度・期間は？毎日やらなくてもいいの？プロが教える真実！,ピラティスの効果を感じる頻度・回数は？？ | 筋肉が変化するために２〜３ヶ月必要な理由 | ピラティスの効果を感じるためには毎日やるべき？？ | Nピラティスでは週１~２を２〜３ヶ月継続をおすすめ！ | 監修者 | 関連記事 | reserve 店舗一覧・ご予約,
npilates,https://npilates.jp/pilates-studio/,pilates-studio,2022-10-27T00:58:03+00:00,つくば市のピラティス専門スタジオ3選｜挫折しないスタジオの選び方 | Nピラティス〜パーソナルマシンピラティススタジオ〜,「つくば市にあるピラティススタジオを知りたい」 「通いやすい場所でピラティスを取り入れて綺麗なボディラインを手,,つくば市のピラティス専門スタジオ3選｜挫折しないスタジオの選び方,1.挫折しないピラティススタジオの選び方 | 2．つくば市にあるおすすめなピラティススタジオ一覧 | 3．ピラティス初心者こそスタジオレッスンがおすすめな理由 | 4．つくばでNピラティスが選ばれているワケ | 5．まとめ | 監修者 | 関連記事 | reserve 店舗一覧・ご予約,
npilates,https://npilates.jp/rolled-shoulder-stretch/,rolled-shoulder-stretch,2022-10-23T05:22:19+00:00,巻き肩を根本改善するピラティス！今日からできるストレッチ＆トレーニング！ | Nピラティス〜パーソナルマシンピラティススタジオ〜,巻き肩でお困りの方は必見！今日からできるストレッチ＆トレーニングをピラティスエクササイズから紹介！見た目もキレイに！,,巻き肩を根本改善するピラティス！今日からできるストレッチ＆トレーニング！,巻き方ってどんな状態？体に悪いの？？ | 巻き肩チェックリスト！ | 巻き肩を作り出す原因の筋肉「大胸筋」 | 巻き肩を改善するための大胸筋のストレッチ | 巻き肩を予防するための筋肉「僧帽筋・菱形筋」 | 巻き肩予防の僧帽筋トレーニング | 巻き肩予防の菱形筋トレーニング | 巻き方になりやすい人の姿勢の特徴とは？,
npilates,https://npilates.jp/moriya-pilates2/,moriya-pilates2,2022-10-07T08:28:58+00:00,守谷Nピラティスの全貌を公開！！マシンピラティス専門スタジオ！ | Nピラティス〜パーソナルマシンピラティススタジオ〜,2022年10月1日にNピラティスの守谷店がOPENしました！ その全貌をお伝えしていきます。 Nピラティス守,,守谷Nピラティスの全貌を公開！！マシンピラティス専門スタジオ！,Nピラティス守谷店はどんな雰囲気ですか？ | Nピラティス守谷店の実力あるスタッフ！ | 監修者 | 関連記事 | reserve 店舗一覧・ご予約,
npilates,https://npilates.jp/motriya-npilates/,motriya-npilates,2022-07-15T07:41:38+00:00,守谷でピラティスするなら「Nピラティス」が断然おすすめな6つの理由！ | Nピラティス〜パーソナルマシンピラティススタジオ〜,今回は「守谷でピラティスするならNピラティスがおすすめな７つの理由」をご紹介します。 どこでピラティスをしたら,,守谷でピラティスするなら「Nピラティス」が断然おすすめな6つの理由！,守谷Nピラティスがおすすめな理由１：姿勢改善率95%以上で本当に体が変わる！ | 守谷Nピラティスがおすすめな理由２：理学療法士が監修した効果の出るマシンピラティス | 守谷Nピラティスがおすすめな理由３：つくば店では１ヶ月予約が取れない人気ピラティス店！ | 守谷Nピラティスがおすすめな理由4：口コミが真実！Google口コミ60件以上の5.0！ | 守谷Nピラティスがおすすめな理由5：駅近立地とリラックス空間 | 守谷Nピラティスがおすすめな理由6：選び抜かれた精鋭スタッフ | 監修者 | 関連記事,
npilates,https://npilates.jp/inner-muscle/,inner-muscle,2022-07-15T04:47:11+00:00,４つのインナーマッスルをピラティスで鍛えて腰痛ラクラク！つくば・守谷Nピラティス！ | Nピラティス〜パーソナルマシンピラティススタジオ〜,インナーマッスルとは？ 筋肉には表面にあるアウターマッスルと深層にあるインナーマッスルに分けられます。 一般的,,４つのインナーマッスルをピラティスで鍛えて腰痛ラクラク！つくば・守谷Nピラティス！,インナーマッスルとは？ | インナーマッスルは腰痛に効くの？ | インナーマッスルは筋肉痛にならない？ | インナーマッスルを鍛えるとお腹がへこむ！ | インナーマッスルを鍛えると反り腰もよくなる！ | 体幹にある４つのインナーマッスル | 初心者向け！４つのインナーマッスルを鍛える方法！ | Nピラティスではインナーマッスルを鍛えられる！,
npilates,https://npilates.jp/posture-n-pilates/,posture-n-pilates,2022-07-15T04:46:15+00:00,姿勢矯正をするならつくば・守谷のNピラティスがおすすめな４つの理由！ | Nピラティス〜パーソナルマシンピラティススタジオ〜,姿勢矯正をするなら地域No1の口コミ数と実績を揃えたNピラティスがおすすめ！マシンピラティスを揃え、ベテランインストラクターによる姿勢変化を試してみませんか？,,姿勢矯正をするならつくば・守谷のNピラティスがおすすめな４つの理由！,"姿勢矯正に効果的なマシンピラティスがつくばで揃えている唯一のスタジオ | 姿勢矯正・改善の口コミが県内No,1のピラティススタジオ | マシンピラティスによる姿勢矯正の実際の変化がすごい！ | 姿勢矯正・改善のインストラクターの豊富な実績 | 姿勢矯正・改善の効果を示す医師・専門家・スポーツ選手の声も多数 | 姿勢を変えたい！の思いをNピラティスへ | 監修者 | 関連記事",
npilates,https://npilates.jp/soccer/,soccer,2022-07-15T03:10:29+00:00,ピラティスで変わるサッカー選手のパフォーマンス！Nピラティス！ | Nピラティス〜パーソナルマシンピラティススタジオ〜,先日スペインから帰ってきたサッカー選手！実は数年前から腰の痛みで当店に通っていたクライアントさんです。 「現在,,,患者様の声 | reserve 店舗一覧・ご予約,
npilates,https://npilates.jp/voice-3/,voice-3,2022-07-15T03:08:52+00:00,ピラティスを受けてから整体に行かなくなった！つくばNピラティス！ | Nピラティス〜パーソナルマシンピラティススタジオ〜,今回は「ピラティスを受けてから整体に行かなくなった！」お客様の声を乗せていただきます！ Q1以前の体の状態はど,,,患者様の声 | reserve 店舗一覧・ご予約,
npilates,https://npilates.jp/voice-4/,voice-4,2022-07-15T03:07:56+00:00,腰椎すべり症から痛み止めがいらなくなった！つくばNピラティス！ | Nピラティス〜パーソナルマシンピラティススタジオ〜,今回は腰椎すべり症で痛み止めがいらなくなったお客様の声です！ Q1以前の体の状態はどうでしたか？ 腰椎すべり症,,,患者様の声 | reserve 店舗一覧・ご予約,
npilates,https://npilates.jp/lbp-3/,lbp-3,2022-07-15T03:06:26+00:00,辛い産後腰痛がマシンピラティス4回で改善！！ | Nピラティス〜パーソナルマシンピラティススタジオ〜,「辛かった産後の腰痛が4回のマシンピラティスで良くなりました！体の柔軟性も良くなって、体型も変化しているのが実,,辛い産後腰痛がマシンピラティス4回で改善！！,監修者 | 関連記事 | reserve 店舗一覧・ご予約,
npilates,https://npilates.jp/shoulder-4/,shoulder-4,2022-07-15T03:03:16+00:00,肩関節の手術後にピラティスをして不安なく肩が動くようになりました！ | Nピラティス〜パーソナルマシンピラティススタジオ〜,「１年前の肩関節の手術後、病態からリハビリの仮定まで丁寧に問診していただき、理学療法士でカラダのプロということ,,,患者様の声 | reserve 店舗一覧・ご予約,
npilates,https://npilates.jp/knee-2/,knee-2,2022-07-15T03:02:12+00:00,膝の痛みと姿勢改善で効果を実感！！ | Nピラティス〜パーソナルマシンピラティススタジオ〜,半月板損傷の膝の痛みと姿勢改善でお世話になっています。 自分でも良くなっている事がしっかりわかるし、立ち仕事で,,,患者様の声 | reserve 店舗一覧・ご予約,
npilates,https://npilates.jp/lbp-4/,lbp-4,2022-07-15T03:00:32+00:00,腰痛を根本的に改善することができて毎日が楽になりました！ | Nピラティス〜パーソナルマシンピラティススタジオ〜,「腰痛再発を根本的に予防したいと思い利用しています。 的確な指導のもとピラティスのマシンを使うことで柔軟性と筋,,,患者様の声 | reserve 店舗一覧・ご予約,
npilates,https://npilates.jp/o-2/,o-2,2022-07-15T02:59:08+00:00,O脚と膝の痛み・・ピラティスで良くなった！痛みもなく毎日過ごせる！ | Nピラティス〜パーソナルマシンピラティススタジオ〜,「膝関節の痛みでNピラティスに通っています！ 痛みが良くなって、階段も手すりなしでも上り下りできるようになりま,,,患者様の声 | reserve 店舗一覧・ご予約,
npilates,https://npilates.jp/posture-8/,posture-8,2022-07-15T02:57:45+00:00,O脚と姿勢が悪くて腰痛と脚の痛みが改善！ | Nピラティス〜パーソナルマシンピラティススタジオ〜,「 1時間フルに動いて汗だくになり、レッスンが終わった後の帰り道が、何よりも心地よいです。 これからも心地よい,,,患者様の声 | reserve 店舗一覧・ご予約,
npilates,https://npilates.jp/側弯症の背骨の歪みがあり、背中の痛みに悩んで/,側弯症の背骨の歪みがあり、背中の痛みに悩んで,2022-07-15T02:56:26+00:00,,,,,,'ascii' codec can't encode characters in position 5-26: ordinal not in range(128)
npilates,https://npilates.jp/hand/,hand,2022-07-15T02:55:24+00:00,体が硬くてもできた！人生初！前屈で手がつくようになりました！ | Nピラティス〜パーソナルマシンピラティススタジオ〜,「姿勢の悪さと体の硬さがマシンピラティス3回目でこれだけ変わりました！」,,,患者様の声 | reserve 店舗一覧・ご予約,
npilates,https://npilates.jp/お悩み：下半身のゆがみ・反り腰の見た目が気に/,お悩み：下半身のゆがみ・反り腰の見た目が気に,2022-07-15T02:54:15+00:00,,,,,,'ascii' codec can't encode characters in position 5-26: ordinal not in range(128)
npilates,https://npilates.jp/お悩み：姿勢が悪く、体も硬くて不調が多い！/,お悩み：姿勢が悪く、体も硬くて不調が多い！,2022-07-15T02:53:13+00:00,,,,,,'ascii' codec can't encode characters in position 5-25: ordinal not in range(128)
npilates,https://npilates.jp/お悩み：o脚と股関節の痛みで辛い・・/,お悩み：o脚と股関節の痛みで辛い・・,2022-07-15T02:52:26+00:00,,,,,,'ascii' codec can't encode characters in position 5-8: ordinal not in range(128)
npilates,https://npilates.jp/お悩み：肩の痛みで背中に手が回らない・・/,お悩み：肩の痛みで背中に手が回らない・・,2022-07-15T02:50:20+00:00,,,,,,'ascii' codec can't encode characters in position 5-24: ordinal not in range(128)
npilates,https://npilates.jp/お悩み：姿勢の悪さから腰痛や脚の痛みが困る/,お悩み：姿勢の悪さから腰痛や脚の痛みが困る,2022-07-14T06:47:50+00:00,,,,,,'ascii' codec can't encode characters in position 5-25: ordinal not in range(128)
npilates,https://npilates.jp/お悩み：産後腰痛が辛くて日常生活が大変！/,お悩み：産後腰痛が辛くて日常生活が大変！,2022-07-14T06:47:22+00:00,,,,,,'ascii' codec can't encode characters in position 5-24: ordinal not in range(128)
npilates,https://npilates.jp/お悩み：側弯症で背骨のゆがみ、痛みが気になる/,お悩み：側弯症で背骨のゆがみ、痛みが気になる,2022-07-14T06:46:52+00:00,,,,,,'ascii' codec can't encode characters in position 5-26: ordinal not in range(128)
npilates,https://npilates.jp/お悩み：o脚と姿勢の悪さと腰痛！骨格からなおし/,お悩み：o脚と姿勢の悪さと腰痛！骨格からなおし,2022-07-14T06:45:13+00:00,,,,,,'ascii' codec can't encode characters in position 5-8: ordinal not in range(128)
npilates,https://npilates.jp/お悩み：両膝の痛みで階段の上り下りが辛い！/,お悩み：両膝の痛みで階段の上り下りが辛い！,2022-07-14T06:44:41+00:00,,,,,,'ascii' codec can't encode characters in position 5-25: ordinal not in range(128)
npilates,https://npilates.jp/お悩み：猫背からくる肩こり・腰痛がつらかった/,お悩み：猫背からくる肩こり・腰痛がつらかった,2022-07-14T06:30:38+00:00,,,,,,'ascii' codec can't encode characters in position 5-26: ordinal not in range(128)
npilates,https://npilates.jp/お悩み：昔から猫背で姿勢が悪くて治らないと思/,お悩み：昔から猫背で姿勢が悪くて治らないと思,2022-07-14T06:27:51+00:00,,,,,,'ascii' codec can't encode characters in position 5-26: ordinal not in range(128)
npilates,https://npilates.jp/kinesiophobia/,kinesiophobia,2022-06-30T01:02:22+00:00,腰痛の恐怖で前屈できない・・ピラティス10回目で変わった劇的な変化！ | Nピラティス〜パーソナルマシンピラティススタジオ〜,腰痛はとても複雑な病態です。 筋肉や柔軟性があっても腰痛になる場合がありますレントゲンで問題がなくても腰痛にな,,腰痛の恐怖で前屈できない・・ピラティス10回目で変わった劇的な変化！,腰を曲げるのが怖いという運動恐怖とは？ | 運動恐怖症にとってなぜピラティスが効果的なのか？ | 監修者 | 関連記事 | reserve 店舗一覧・ご予約,
npilates,https://npilates.jp/effect/,effect,2022-06-17T04:04:36+00:00,「ピラティスの効果は10回から出る」は嘘？現役インストラクターが答える！Nピラティス！ | Nピラティス〜パーソナルマシンピラティススタジオ〜,よく「ピラティスの効果は10回から・・・」という謳い文句がありますが。 ピラティスインストラクターの現場経験か,,「ピラティスの効果は10回から出る」は嘘？現役インストラクターが答える！Nピラティス！,ピラティス「1回」行うだけで何が変わるのか？ | ピラティスの効果「柔軟性の変化」もすぐに現れる | ピラティスの効果「痛み」を減らす | ピラティスのダイエット・ボディメイクの効果は何回で出る？ | ピラティスは1回でもOK、でも10回やると効果が持続する！ | 監修者 | 関連記事 | reserve 店舗一覧・ご予約,
npilates,https://npilates.jp/o-leg-2/,o-leg-2,2022-06-11T09:05:20+00:00,O脚で悩んでいた脚が9回目でスラッと変わってきた！ | Nピラティス〜パーソナルマシンピラティススタジオ〜,今回はO脚の悩みを抱えているクライアント様の変化です。 時間はかかりましたが、9回目で変化が出てきました。 O,,O脚で悩んでいた脚が9回目でスラッと変わってきた！,O脚は単純ではない・・ | 監修者 | 関連記事 | reserve 店舗一覧・ご予約,
npilates,https://npilates.jp/pilates-flexibility/,pilates-flexibility,2022-05-24T02:01:53+00:00,体が硬い人必見！ピラティスでココまで柔らかくなる３つの理由！ | Nピラティス〜パーソナルマシンピラティススタジオ〜,体がかたい人はストレッチやヨガよりもピラティスをやるべき理由とは？実際にピラティスで変化したい写真を見ればわかる！ピラティスで体が柔らかくなる秘密とは？？,,体が硬い人必見！ピラティスでココまで柔らかくなる３つの理由！,ピラティスでここまで体が柔らかくなる５つの実例！ | なぜピラティスは体を柔らかくできるのか？筋トレ＋ストレッチで脳を変えていく！ | ピラティスで体が柔らかくなるyoutube動画！ | ピラティスで体が柔らかくなる秘訣のまとめ！ | 監修者 | 関連記事 | reserve 店舗一覧・ご予約,
npilates,https://npilates.jp/mens/,mens,2022-05-24T00:41:12+00:00,男性こそピラティスが最高におすすめな５つの理由！Nピラティス！ | Nピラティス〜パーソナルマシンピラティススタジオ〜,ピラティスってダイエットやボディメイクのイメージが強くて、男性には向かないんじゃないの？ と思っている方が非常,,男性こそピラティスが最高におすすめな５つの理由！Nピラティス！,男性こそピラティス！見た目が圧倒的に変わる | 男性こそピラティス！ジムでは鍛えられない「軸」ができる | 男性こそピラティス！スポーツのパフォーマンスがアップする！ | 男性こそピラティス！体の疲れが吹き飛ぶ | 男性こそピラティス！仕事ができるようになる！ | 男性におすすめするピラティス５つの理由まとめ | 監修者 | 関連記事,
npilates,https://npilates.jp/entertainer/,entertainer,2022-05-24T00:33:21+00:00,ピラティスをしている芸能人・有名人まとめ！アスリートやセレブもハマる秘密！ | Nピラティス〜パーソナルマシンピラティススタジオ〜,ピラティスをしている芸能人・有名人まとめ！あの人も、この人も、みんなやっているピラティス！その秘密とは？？,,ピラティスをしている芸能人・有名人まとめ！アスリートやセレブもハマる秘密！,石田ゆりこさん | 渡辺満里奈さん | 米倉涼子さん | 押切もえさん | 優木まおみさん | 道端アンジェリカさん | クリスティアーノ ロナウド選手 | レブロンジェームズ選手,
npilates,https://npilates.jp/kyphosis-pilates/,kyphosis-pilates,2022-05-22T06:49:10+00:00,【保存版】猫背矯正ピラティスストレッチまとめ！ 猫背の全てが5分でわかる！ | Nピラティス〜パーソナルマシンピラティススタジオ〜,今回はNピラティスに多く来店する「猫背」の方に向けてのコラムです。 猫背姿勢を簡単10秒で確認猫背を伸ばすため,,【保存版】猫背矯正ピラティスストレッチまとめ！ 猫背の全てが5分でわかる！,10秒でできる！壁で猫背チェック！ | 猫背はどれくらいで治るの？ | 猫背は整体で治るの？ | 猫背が改善するとどうなるの？メリットは？ | 猫背になってしまう理由ってなに？？ | 猫背改善で痩せる？ってほんと？ | 猫背改善にストレッチだけじゃなくて「筋トレ」は必要？？ | 猫背改善ストレッチピラティスstep１「四つ這い背骨伸ばし」,
npilates,https://npilates.jp/trunk/,trunk,2022-05-16T06:04:28+00:00,今日からできる！ピラティスで作る最高の体幹トレーニング５選！ | Nピラティス〜パーソナルマシンピラティススタジオ〜,美しいボディラインを作るためのピラティス体幹トレーニング！自宅でピラティスで体幹を鍛えてみましょう！,,今日からできる！ピラティスで作る最高の体幹トレーニング５選！,体幹ってなに？ | 体幹を鍛える・動かすメリット | 体幹を鍛えるためにはなぜピラティスがおすすめなのか？ | ピラティスで最高の体幹を作る５つのエクササイズ | マシンピラティスでさらに体幹を鍛える！ | 監修者 | 関連記事 | reserve 店舗一覧・ご予約,
npilates,https://npilates.jp/reformer-pilates/,reformer-pilates,2022-05-09T03:49:16+00:00,リフォーマーピラティス徹底解説！ここがすごいよリフォーマー３つのメリット | Nピラティス〜パーソナルマシンピラティススタジオ〜,リフォーマーピラティスは初心者〜トップアスリートまで対応できる最高のマシンです。ベテランインストラクターが徹底解説する「リフォーマー」の３つの特徴とは？,,リフォーマーピラティス徹底解説！ここがすごいよリフォーマー３つのメリット,リフォーマーピラティスとは？ | リフォーマーピラティスのメリット１「バネの負荷がすごい」 | リフォーマーピラティスのメリット２「土台が動くと自然にインナーマッスルを刺激できて姿勢が変わる」 | リフォーマーピラティスのメリット３「600~800種類の運動ができる」 | リフォーマーピラティスは「初心者」こそおすすめ！ | 監修者 | 関連記事 | reserve 店舗一覧・ご予約,
npilates,https://npilates.jp/pilates-beginner/,pilates-beginner,2022-04-29T09:42:06+00:00,【完全版】ピラティスはヨガとどう違う？初心者でもわかる効果と特徴の違い！ | Nピラティス〜パーソナルマシンピラティススタジオ〜,「ピラティスを始めてみたいけれど、いまいちその効果がわからない。」 そんな疑問を持っていませんか？ また、似た,,【完全版】ピラティスはヨガとどう違う？初心者でもわかる効果と特徴の違い！,1ピラティスとは | ２ピラティスとヨガの違い（歴史、目的） | ３ピラティスの効果は？ | ４ピラティスはこんな人におすすめ | 5ピラティス初心者おすすめ動画 | ６ピラティスの費用 | ７Nピラティスのおすすめ（マシンピラティスのメリット) | 監修者,
npilates,https://npilates.jp/thin-legs/,thin-legs,2022-04-27T23:29:59+00:00,ピラティスで脚やせする３つの理由！今日からできる脚やせピラティス動画！ | Nピラティス〜パーソナルマシンピラティススタジオ〜,ピラティスで脚やせするためにはどうすればいいの？ 今回は女性の「脚やせ」のお悩みについてお答えしていきます。,,ピラティスで脚やせする３つの理由！今日からできる脚やせピラティス動画！,今回は女性の「脚やせ」のお悩みについてお答えしていきます。 | ピラティスで脚やせYoutube！ | ピラティスで部分やせやカロリーダイエットは無理 | ピラティスで脚やせする理由１「骨盤の位置が正しい位置に整う」 | ピラティスで脚やせする理由２「O脚が変わる」 | ピラティスで脚やせする理由３「姿勢が変わるから毎日の筋肉の使い方が変わる」 | ピラティス脚やせのまとめ | 監修者,
npilates,https://npilates.jp/ballet/,ballet,2022-04-25T21:09:18+00:00,バレエ選手はいますぐピラティスをするべき３つの理由！ | Nピラティス〜パーソナルマシンピラティススタジオ〜,バレエ選手の来店が多くなっているこの頃。 せっかくなので、なぜバレエ選手にピラティスがおすすめなのか？をお伝え,,バレエ選手はいますぐピラティスをするべき３つの理由！,スポーツジムのような重りを担ぐ筋肉はバレエに必要ない | ピラティスがおすすめな理由１バレエに必要な柔軟性を高める | ピラティスがおすすめな理由２バレエで思い通りの動きを再現できる筋力がつく | ピラティスがおすすめな理由３どんな状況でも崩れないバランス能力がつく | バレエの動きが変わるピラティスの効果 | まとめ | 監修者 | 関連記事,
npilates,https://npilates.jp/kyphosis-2/,kyphosis-2,2022-04-25T07:14:00+00:00,ピラティス8回目で実感！猫背・巻き肩がキレイに変わった！ | Nピラティス〜パーソナルマシンピラティススタジオ〜,今回は猫背・巻き肩姿勢でお悩みのクライアント様の変化です。 左側が初回・右側が8回目の変化です。 立っている姿,,ピラティス8回目で実感！猫背・巻き肩がキレイに変わった！,立っている姿勢の変化 | 猫背・巻き肩がよくなると腕の上がる角度も変わる！ | 全身も柔らかくなってきました！ | 姿勢を変えると痛みや動きも変わります！ | 監修者 | 関連記事 | reserve 店舗一覧・ご予約,
npilates,https://npilates.jp/pilates-studio-2/,pilates-studio-2,2022-04-20T02:34:58+00:00,保存版！マシンピラティススタジオ選び方！９つのポイント！ | Nピラティス〜パーソナルマシンピラティススタジオ〜,ピラティススタジオに通ってみたいけど、、どうやってピラティススタジオを選んでいいかわからない・・という方のため,,保存版！マシンピラティススタジオ選び方！９つのポイント！,マシンピラティスを３つ以上揃えているか？ | 知識・技術のあるインストラクターがいるか？ | 姿勢や動き、歪みについて教えてくれるか？ | ピラティスの効果が実感できるか？ | マンツーマンで教えてくれるか？ | HP上に料金体系が分かりやすく記載されているか？ | 予約がHP上から簡単に取りやすいか | 口コミが良いか？,
npilates,https://npilates.jp/flexibility/,flexibility,2022-04-20T01:39:19+00:00,3回でここまで柔らかくなる！ピラティスで前屈がべったり！ | Nピラティス〜パーソナルマシンピラティススタジオ〜,体が硬くて前屈ができなかったクライアント様の変化です。 左側がbefore.右側がafterです。 ピラティス,,3回でここまで柔らかくなる！ピラティスで前屈がべったり！,監修者 | 関連記事 | reserve 店舗一覧・ご予約,
npilates,https://npilates.jp/hip-2/,hip-2,2022-04-20T00:50:23+00:00,究極のヒップアップピラティス！お尻が上がるための５つのエクササイズ！ | Nピラティス〜パーソナルマシンピラティススタジオ〜,「お尻を上げてキュッとヒップアップするためにはどうしたらいいの？」 というお悩みの方が多く来店するので、Nピラ,,究極のヒップアップピラティス！お尻が上がるための５つのエクササイズ！,ヒップアップするためにはどこの筋肉を鍛えたらいいの？ | ヒップアップするために伸ばすべき２つの筋肉とは？？ | ヒップアップがきれいに見える３つのポイント！ | ヒップアップするピラティスエクササイズ５選！ | ヒップアップを目指すならマシンピラティス！ | 監修者 | 関連記事 | reserve 店舗一覧・ご予約,
npilates,https://npilates.jp/pregnancy/,pregnancy,2022-04-19T01:04:53+00:00,ピラティスで妊活ができる？授かりやすい体質に変化する理由！ | Nピラティス〜パーソナルマシンピラティススタジオ〜,ピラティスは背骨を動かして・呼吸を整えることで妊娠しやすい環境を作り出します。自律神経・ホルモンバランスをキレイに整えて、素敵な妊活を始めてみませんか？,,ピラティスで妊活ができる？授かりやすい体質に変化する理由！,ピラティスが解決できる可能性がある不妊の原因とは？ | ピラティスが妊娠しやすい体を整える３つのポイント | ピラティスをするときの３つの集中ポイント | 妊活にピラティスで素敵なら体つくりをしよう！ | 監修者 | 関連記事 | reserve 店舗一覧・ご予約,
npilates,https://npilates.jp/abdominal-muscles/,abdominal-muscles,2022-04-18T07:05:59+00:00,ピラティスで腹筋割れる５選！ぽっこりお腹引き締めエクササイズまとめ！ | Nピラティス〜パーソナルマシンピラティススタジオ〜,ピラティスの腹筋エクササイズおすすめ５ステップ！この方法で腹筋を鍛えればお腹がキュッと引き締まる！腹筋が1回もできなくてもできる腹筋もご紹介！！,,ピラティスで腹筋割れる５選！ぽっこりお腹引き締めエクササイズまとめ！,鍛える前にイメージが大切！腹筋は４つある！ | １ピラティスでお腹を鍛える前にやること | ２腹筋が1回もできなくてもできるピラティス腹筋２パターン | ４腹筋全体を鍛えるピラティス腹筋 | ５斜めの腹筋を鍛えてくびれを作るピラティス腹筋 | ピラティス腹筋で追い込む動画 | マシンピラティスでもっと効率的に腹筋を鍛える！ | 監修者,
npilates,https://npilates.jp/kyphosis/,kyphosis,2022-04-18T01:26:20+00:00,猫背からくる肩こり・腰痛がピラティスで変わりました！ | Nピラティス〜パーソナルマシンピラティススタジオ〜,今回は猫背からくる腰痛・肩こりでお悩みのクライアント様の変化をご紹介します。 左側がbefore,,,,
npilates,https://npilates.jp/posture-9/,posture-9,2022-04-18T01:24:05+00:00,治らないと思っていた猫背！5回目で感じたピラティスの変化！ | Nピラティス〜パーソナルマシンピラティススタジオ〜,今回は 「昔から猫背で姿勢が悪くて悩んでいる」 クライアント様の変化をご紹介します,,治らないと思っていた猫背！5回目で感じたピラティスの変化！,姿勢の変化 | 動きの変化 | 姿勢は筋肉と脳から変えていきます | 監修者 | 関連記事 | reserve 店舗一覧・ご予約,
npilates,https://npilates.jp/postpartum-2/,postpartum-2,2022-04-15T07:53:54+00:00,産後太りで体型が戻らない人には「ピラティス」がおすすめな５つの理由！ | Nピラティス〜パーソナルマシンピラティススタジオ〜,「産後に太ってから体型が戻りません・・・」 このようなお悩みを抱えた方が多く来店されます。 今回はなぜ,,産後太りで体型が戻らない人には「ピラティス」がおすすめな５つの理由！,産後太りにピラティスおすすめな理由１：姿勢がきれいになる | 産後太りにピラティスおすすめな理由２：インナーマッスルを鍛えて安全にできる | 産後太りにピラティスおすすめな理由３：骨盤のゆがみを整えることができる | 産後太りにピラティスおすすめな理由４：自律神経を整えて、睡眠環境を整える | 産後太りにピラティスおすすめな理由５：ピラティスによるストレス軽減 | 産後のピラティスはいつから始めていいの？ | 産後のピラティスを控えるときは？ | 産後太りにはピラティスで体をきれいに整えて痩せる！,
npilates,https://npilates.jp/4回のピラティスでこれだけ変わる姿勢改善！反り/,4回のピラティスでこれだけ変わる姿勢改善！反り,2022-04-11T03:25:18+00:00,,,,,,'ascii' codec can't encode characters in position 6-27: ordinal not in range(128)
npilates,https://npilates.jp/shoulder-6/,shoulder-6,2022-04-01T22:15:25+00:00,肩こりでマッサージが効かない理由とピラティスで解消する理由！ | Nピラティス〜パーソナルマシンピラティススタジオ〜,多くの日本人が抱えている体の悩み「肩こり」 ではこの肩こりはなぜ治りにくいのか？ うまくケアできないのか？ ピ,,肩こりでマッサージが効かない理由とピラティスで解消する理由！,監修者 | 関連記事 | reserve 店舗一覧・ご予約,
npilates,https://npilates.jp/stomach/,stomach,2022-03-24T04:16:59+00:00,下っ腹ぽっこりお腹改善ピラティス！内臓下垂を腹横筋で整える方法 | Nピラティス〜パーソナルマシンピラティススタジオ〜,ダイエットやボディメイクをしているけど、なかなか下っ腹が凹まない・・・ そんなお悩みありませんか？ 今回は下っ,,下っ腹ぽっこりお腹改善ピラティス！内臓下垂を腹横筋で整える方法,下っ腹ぽっこりお腹の原因は２つ！ | 下腹ぽっこりの原因「内臓下垂」ってなに？ | 下っ腹ぽっこりがおさまる「骨盤の正しい位置」ってどこ？ | 下っ腹ぽっこりがを戻す「腹横筋」ってなに？ | 下っ腹ぽっこりがを戻す腹横筋エクササイズ | ぽっこりお腹を凹ますマシンピラティス | 監修者 | 関連記事,
npilates,https://npilates.jp/pelvic-floor-muscle/,pelvic-floor-muscle,2022-03-22T00:20:50+00:00,骨盤底筋ってなに？ピラティスで鍛えるメリット・方法まとめ！ | Nピラティス〜パーソナルマシンピラティススタジオ〜,「ポッコリお腹がなかなか改善しない･･････」 「産後に崩れた体系が戻らない･･････」 「生理痛や体の冷,,骨盤底筋ってなに？ピラティスで鍛えるメリット・方法まとめ！,１骨盤底筋とは？どんな働きをしてくれるの？ | ２骨盤のゆがみと骨盤底筋の緩み？こんな人は要注意！？ | ３骨盤底筋を鍛えるべき４つのメリット | ４ピラティスで骨盤底筋を鍛える方法 | ５マシンピラティスで骨盤底筋を鍛えよう！ | 骨盤底筋をピラティスで鍛えるならNピラティスへ！ | 監修者 | 関連記事,
npilates,https://npilates.jp/korea/,korea,2022-02-13T05:19:05+00:00,韓国で大流行のピラティス！K-POPアイドルも取り入れている！マシンピラティスで韓国スタイルを作ろう！ | Nピラティス〜パーソナルマシンピラティススタジオ〜,韓国で大流行中のピラティス！ 当店でも 「韓国の〇〇さんがピラティスをしていたので、やってみたいと思ってきまし,,韓国で大流行のピラティス！K-POPアイドルも取り入れている！マシンピラティスで韓国スタイルを作ろう！,韓国ピラティス！どんな有名人がやっているの？？ | つくばにあるNピラティスでぜひマシンピラティスを！ | 監修者 | 関連記事 | reserve 店舗一覧・ご予約,
npilates,https://npilates.jp/posture-4/,posture-4,2022-02-13T03:43:30+00:00,ピラティスが姿勢改善の一番の近道！？筋肉だけで姿勢改善しない秘密とは？つくばNピラティス！ | Nピラティス〜パーソナルマシンピラティススタジオ〜,筋肉だけを鍛えれば姿勢が改善するわけではありません。姿勢改善には３つの要素が必要になります。その３つの要素全てを満たすのがピラティスであり、姿勢改善の近道である理由をお伝えします。,,ピラティスが姿勢改善の一番の近道！？筋肉だけで姿勢改善しない秘密とは？つくばNピラティス！,どうして姿勢が悪くなるのか？ | 姿勢が悪いとどうなるのか？ | 姿勢矯正器具や整体の効果はあるのか？ | 姿勢改善にピラティスが一番効果的な理由は？ | 姿勢改善にはどれくらいの期間が必要なのか？ | 姿勢改善に効果的なピラティス動画 | 姿勢改善をするためのピラティスのワンポイントアドバイス | マットよりもマシンピラティスの方が姿勢改善できる！？,
npilates,https://npilates.jp/ibaraki-pilates-studio/,ibaraki-pilates-studio,2022-02-13T03:34:48+00:00,茨城ピラティススタジオをエリア別で紹介｜初心者向けの選び方 | Nピラティス〜パーソナルマシンピラティススタジオ〜,「茨城県にはどんなピラティススタジオがある？」 「なるべく効果をしっかり感じられるピラティススタジオに通いたい,,茨城ピラティススタジオをエリア別で紹介｜初心者向けの選び方,1．【エリア別】茨城県にあるピラティススタジオ | 2．ピラティススタジオの選び方 | 3．ピラティスがもたらす効果とは？ | 4.ピラティスってきつい？続けられるの？ | 5．Nピラティスはこんな人におすすめ！ | 6．まとめ | 監修者 | 関連記事,
npilates,https://npilates.jp/posture-6/,posture-6,2022-02-02T02:53:17+00:00,姿勢の悪さからくる腰痛や脚の痛みがピラティスで改善！7回目の変化は？？ | Nピラティス〜パーソナルマシンピラティススタジオ〜,今回は姿勢の悪さが気になってNピラティスへお越しいただたお客様の変化をご紹介します。7回目の変化です。（左側が,,姿勢の悪さからくる腰痛や脚の痛みがピラティスで改善！7回目の変化は？？,監修者 | 関連記事 | reserve 店舗一覧・ご予約,
npilates,https://npilates.jp/posture-5/,posture-5,2022-02-01T22:37:49+00:00,4回のピラティスでこれだけ変わる姿勢改善！反り腰・猫背を同時に解消！ | Nピラティス〜パーソナルマシンピラティススタジオ〜,今回は4回のピラティスで姿勢がとってもキレイに変化したクライアント様の変化をお伝えします！ 左が,,4回のピラティスでこれだけ変わる姿勢改善！反り腰・猫背を同時に解消！,監修者 | 関連記事 | reserve 店舗一覧・ご予約,
npilates,https://npilates.jp/knee-3/,knee-3,2022-02-01T22:14:44+00:00,ピラティスで「膝の痛みとO脚」が良くなって階段の上り下りができるようになった！ | Nピラティス〜パーソナルマシンピラティススタジオ〜,今回はマシンピラティスで膝の痛みが良くなって階段の上り下りがスムーズにできるようになったクライアントさまの変化,,ピラティスで「膝の痛みとO脚」が良くなって階段の上り下りができるようになった！,監修者 | 関連記事 | reserve 店舗一覧・ご予約,
npilates,https://npilates.jp/hipoa/,hipoa,2022-02-01T03:42:24+00:00,変形性股関節症のO脚がピラティスで良くなった！痛みもなく毎日過ごせる！ | Nピラティス〜パーソナルマシンピラティススタジオ〜,Nピラティス変形性股関節症の痛みと股関節の硬さでお困りのお客様です。 少し時間はかかりましたが、16回目のピラ,,変形性股関節症のO脚がピラティスで良くなった！痛みもなく毎日過ごせる！,監修者 | 関連記事 | reserve 店舗一覧・ご予約,
npilates,https://npilates.jp/shoulder-5/,shoulder-5,2022-01-29T10:38:23+00:00,ピラティスで改善！四十肩・五十肩でも肩が背中に回るようになりました！ | Nピラティス〜パーソナルマシンピラティススタジオ〜,今回は四十肩・五十肩で、肩が背中に回らなくなったクライアントさんの変化をご紹介します。 肩がしっかりと回るよう,,ピラティスで改善！四十肩・五十肩でも肩が背中に回るようになりました！,背中に手が回りにくい原因は？？ | 監修者 | 関連記事 | reserve 店舗一覧・ご予約,
npilates,https://npilates.jp/shoulder-2/,shoulder-2,2022-01-29T10:20:43+00:00,四十肩に湿布を貼っても治らない理由と解決策！つくばNピラティス！ | Nピラティス〜パーソナルマシンピラティススタジオ〜,肩が最近肩が上がりにくい・・ 四十肩かもしれない・・ 湿布を貼っているけど、痛みも変わらないし辛い・・ という,,四十肩に湿布を貼っても治らない理由と解決策！つくばNピラティス！,四十肩・五十肩で肩が背中に回らなかったクライアントさま | 監修者 | 関連記事 | reserve 店舗一覧・ご予約,
npilates,https://npilates.jp/constriction/,constriction,2022-01-24T07:12:25+00:00,くびれを作るピラティス！「肋骨と骨盤の距離を作ること」がくびれの秘訣！ | Nピラティス〜パーソナルマシンピラティススタジオ〜,女性が憧れるウエストライン「くびれ」 でもくびれってどうやって作ればいいの？ 体重を落とせばいい,,くびれを作るピラティス！「肋骨と骨盤の距離を作ること」がくびれの秘訣！,くびれができなくなる原因１「背筋の低下」 | くびれができなくなる原因２「お腹の筋肉がかたい」 | くびれができなくなる原因３「腰回り筋肉がかたい」 | くびれができなくなる原因４「反り腰」 | くびれを作るためのポイントまとめ | くびれを作るためピラティス動画３選！ | Nピラティスで科学的にボディメイクしよう！ | 監修者,
npilates,https://npilates.jp/pain/,pain,2022-01-21T08:56:36+00:00,ピラティスで痛みが楽になる本当の秘密は「脳」にある | Nピラティス〜パーソナルマシンピラティススタジオ〜,「マッサージをしても次の日には戻ってしまう」 「怪我してしばらく経つのに動くと痛くなってしまう」 このような悩,,ピラティスで痛みが楽になる本当の秘密は「脳」にある,監修者 | 関連記事 | reserve 店舗一覧・ご予約,
npilates,https://npilates.jp/bending-forward/,bending-forward,2022-01-20T02:21:38+00:00,人生初！体が硬くて前屈できなかったけど3回目のピラティスでぺったり！ | Nピラティス〜パーソナルマシンピラティススタジオ〜,「運動習慣もなく、体が硬くて不安だけど、、、ピラティスをして体を健康的にしたい！」 そんなお悩み,,人生初！体が硬くて前屈できなかったけど3回目のピラティスでぺったり！,監修者 | 関連記事 | reserve 店舗一覧・ご予約,
npilates,https://npilates.jp/pilates-2/,pilates-2,2022-01-17T03:42:59+00:00,坐骨神経痛でも１回のピラティスで動ける体へ！つくばNピラティス！ | Nピラティス〜パーソナルマシンピラティススタジオ〜,坐骨神経痛で悩みを抱えているクライアントさんが来店しました。 坐骨神経の痛みが出る理由はいくつかあるのですが。,,坐骨神経痛でも１回のピラティスで動ける体へ！つくばNピラティス！,坐骨神経痛で悩んでいる人はピラティスを | 監修者 | 関連記事 | reserve 店舗一覧・ご予約,
npilates,https://npilates.jp/o/,o,2022-01-17T03:42:52+00:00,O脚の形を治したい！８回のピラティスでどんな変化が出たのか？ | Nピラティス〜パーソナルマシンピラティススタジオ〜,今回はO脚のクライアント様の8回のピラティスの変化をご紹介します。 左側が初回、右側が8回目のピ,,O脚の形を治したい！８回のピラティスでどんな変化が出たのか？,O脚による腰痛・足裏の痛みトラブル | Nピラティスで分析したO脚の原因 | O脚改善ピラティスを受けたクライアント様の声 | 自宅でできるO脚改善のためのピラティス動画 | Nピラティスで改善するO脚 | 監修者 | 関連記事 | reserve 店舗一覧・ご予約,
npilates,https://npilates.jp/pilates-hernia/,pilates-hernia,2022-01-17T03:42:26+00:00,腰椎椎間板ヘルニアの痛みがピラティスで楽になったクライアントさま！ | Nピラティス〜パーソナルマシンピラティススタジオ〜,今回は腰椎椎間板ヘルニアの痛みがピラティスで楽になったクライアント様をご紹介します！ ヘルニアと,,腰椎椎間板ヘルニアの痛みがピラティスで楽になったクライアントさま！,ヘルニアと診断されたが。。 | ヘルニア・腰痛にになりやすい体の特徴 | マシンピラティス8回を終えての腰痛の変化（左が初回、右が8回目） | 監修者 | 関連記事 | reserve 店舗一覧・ご予約,
npilates,https://npilates.jp/osgood/,osgood,2022-01-09T06:40:22+00:00,成長期のオスグッドの痛みを楽にするストレッチ！つくばNピラティス！ | Nピラティス〜パーソナルマシンピラティススタジオ〜,成長期にスポーツをしていて「膝の前側が痛む・・・」 という方はもしかすると「オスグッド」かもしれません。 放っ,,成長期のオスグッドの痛みを楽にするストレッチ！つくばNピラティス！,オスグッドになったらいつスポーツ復帰できるの？ | 監修者 | 関連記事 | reserve 店舗一覧・ご予約,
npilates,https://npilates.jp/posture/,posture,2021-12-29T22:25:23+00:00,姿勢のゆがみは整体では治らない！？つくばNピラティス！ | Nピラティス〜パーソナルマシンピラティススタジオ〜,今回は姿勢の歪みについてお伝えします。 肩の高さが違う 背骨がねじれている 骨盤の高さが違う どうすればよくな,,姿勢のゆがみは整体では治らない！？つくばNピラティス！,監修者 | 関連記事 | reserve 店舗一覧・ご予約,
npilates,https://npilates.jp/pilates-effect/,pilates-effect,2021-12-29T22:01:53+00:00,ピラティスの4つの効果と効果実例を紹介！効果が出やすいコツとは | Nピラティス〜パーソナルマシンピラティススタジオ〜,「ピラティスにはどんな効果があるの？」 「ピラティスは私の悩みにアプローチできるトレーニングなの？」 &nbs,,ピラティスの4つの効果と効果実例を紹介！効果が出やすいコツとは,1．ピラティスがもたらす効果とは？ | 2.ピラティス効果の実例 | 3．ヨガとは何が違う？比較して知るピラティスの特徴 | 4.ピラティスってどんなことやるの？簡単に紹介 | 5．ピラティスとヨガ、どちらを取り入れるべき？ | 6．効果を実感できるのはどれくらい？心構えとポイント | 7．ピラティススタジオで基本を学ぶことがおすすめ | 8．まとめ,
npilates,https://npilates.jp/sango-lbp/,sango-lbp,2021-12-09T06:57:07+00:00,【保存版】産後に起こる腰痛の原因と解決策は？マタニティピラティス動画で改善！ | Nピラティス〜パーソナルマシンピラティススタジオ〜,出産後、しばらくすると 「あれ？腰が痛い・・・」 そんなお悩みありませんか？出産は,,【保存版】産後に起こる腰痛の原因と解決策は？マタニティピラティス動画で改善！,産後に起こる体の変化 | 産後の腰痛の４つの原因とは？ | 産後腰痛の原因１「インナーマッスルの低下」 | 産後腰痛の原因２「姿勢の悪化」 | 産後腰痛の原因３「骨盤が不安定になったまま負担をかける」 | 産後腰痛の原因４「過度な安静」 | 産後エクササイズをしてはいけない時は？？ | 産後腰痛を改善するピラティス動画,
npilates,https://npilates.jp/pilates-yoga/,pilates-yoga,2021-11-18T00:53:40+00:00,ピラティスとヨガは何が違うの？プロが教える本当の違い！Nピラティス | Nピラティス〜パーソナルマシンピラティススタジオ〜,ピラティスとヨガはどう違うの？ これがよく聞かれる質問です。 似ているようで全く違う２つのワークアウト。 その,,ピラティスとヨガは何が違うの？プロが教える本当の違い！Nピラティス,監修者 | 関連記事 | reserve 店舗一覧・ご予約,
npilates,https://npilates.jp/pilates-back/,pilates-back,2021-11-16T08:47:24+00:00,ピラティスで背中を美しくキレイに整える方法とは？ | Nピラティス〜パーソナルマシンピラティススタジオ〜,ふと目にする自分のバックスタイルにがっかりしてしまったことはありませんか？ メイクをする時や服を,,ピラティスで背中を美しくキレイに整える方法とは？,１　ピラティスで背中がキレイになる理由 | ２　背中が痩せにくい３つの理由 | ３　ピラティスで背中痩せする秘密 | ４　背中をキレイにするピラティスエクササイズ | 監修者 | 関連記事 | reserve 店舗一覧・ご予約,
npilates,https://npilates.jp/lbp-2/,lbp-2,2021-11-06T09:51:56+00:00,産後腰痛をピラティス4回で改善！骨盤の安定性が腰痛改善の秘訣！ | Nピラティス〜パーソナルマシンピラティススタジオ〜,今回は産後腰痛が4回のマシンピラティスで痛みが改善したクライアントさんをご紹介します。 産後腰痛,,産後腰痛をピラティス4回で改善！骨盤の安定性が腰痛改善の秘訣！,産後腰痛の痛み | 産後に起きた右の仙腸関節痛 | Nピラティスの姿勢と動きの分析からわかった腰痛の原因 | 産後腰痛のマシンピラティス4回目の変化（左が初回、右が4回目） | 監修者 | 関連記事 | reserve 店舗一覧・ご予約,
npilates,https://npilates.jp/sacroiliac-joint/,sacroiliac-joint,2021-11-06T03:40:55+00:00,仙腸関節による腰痛をあきらめない！骨盤の痛み・ゆがみはつくばNピラティスへ！ | Nピラティス〜パーソナルマシンピラティススタジオ〜,腰が痛いような・・ 骨盤が痛いような・・ もしかすると腰痛の中でも骨盤〜お尻まわりが痛くなる仙腸関節腰痛かもし,,仙腸関節による腰痛をあきらめない！骨盤の痛み・ゆがみはつくばNピラティスへ！,監修者 | 関連記事 | reserve 店舗一覧・ご予約,
npilates,https://npilates.jp/hernia/,hernia,2021-11-06T03:39:26+00:00,え？腰椎椎間板ヘルニアがピラティスでよくなる３つのパターン！つくばNピラティス！ | Nピラティス〜パーソナルマシンピラティススタジオ〜,ヘルニアによる腰の痛み・しびれで困っている人必見！ピラティスで良くなる３つのパターンをご紹介！,,え？腰椎椎間板ヘルニアがピラティスでよくなる３つのパターン！つくばNピラティス！,監修者 | 関連記事 | reserve 店舗一覧・ご予約,
npilates,https://npilates.jp/evidence/,evidence,2021-11-02T00:23:54+00:00,ピラティスの医学的・科学的なデータからみる驚きの効果!つくばNピラティス！ | Nピラティス〜パーソナルマシンピラティススタジオ〜,今回は 「ピラティスって効果あるの？？」 「ピラティスって科学的根拠あるの？？」 このテーマを深掘りしていきま,,ピラティスの医学的・科学的なデータからみる驚きの効果!つくばNピラティス！,監修者 | 関連記事 | reserve 店舗一覧・ご予約,
npilates,https://npilates.jp/back-pain/,back-pain,2021-11-02T00:23:15+00:00,3ヶ月以上続く腰痛が治らない理由とすぐできるストレッチまとめ！つくばNピラティス | Nピラティス〜パーソナルマシンピラティススタジオ〜,つくば市でピラティスと国家資格者の施術を行う県唯一のNピラティスです。 今回は「腰痛」についての理解を深めて、,,3ヶ月以上続く腰痛が治らない理由とすぐできるストレッチまとめ！つくばNピラティス,監修者 | 関連記事 | reserve 店舗一覧・ご予約,
npilates,https://npilates.jp/pelvic/,pelvic,2021-11-02T00:22:55+00:00,ピラティスで骨盤矯正できる本当の理由！つくばNピラティス！ | Nピラティス〜パーソナルマシンピラティススタジオ〜,今回は「骨盤矯正」を取り上げていきます。 骨盤矯正って何？ 骨盤矯正って効くの？ ダイエットにもいいの？ どん,,ピラティスで骨盤矯正できる本当の理由！つくばNピラティス！,監修者 | 関連記事 | reserve 店舗一覧・ご予約,
npilates,https://npilates.jp/piriformis/,piriformis,2021-11-02T00:21:25+00:00,つくばで梨状筋症候群をなおす！痛みの３つの原因とケアの方法まとめ！つくばNピラティス！ | Nピラティス〜パーソナルマシンピラティススタジオ〜,今回のテーマは梨状筋症候群です！ あまり聞きなれない疾患ですが。 ・お尻まわりが痛い、しびれる と椎間板ヘルニ,,つくばで梨状筋症候群をなおす！痛みの３つの原因とケアの方法まとめ！つくばNピラティス！,監修者 | 関連記事 | reserve 店舗一覧・ご予約,
npilates,https://npilates.jp/spinal-canal-stenosis/,spinal-canal-stenosis,2021-11-02T00:21:13+00:00,脊柱管狭窄症の痛みを手術しないで解決できる方法？つくばNピラティス！ | Nピラティス〜パーソナルマシンピラティススタジオ〜,脊柱管狭窄症ですね。。。と言われてしまい。 手術しかないんじゃないか？と思ってしまう方へ。 脊柱,,脊柱管狭窄症の痛みを手術しないで解決できる方法？つくばNピラティス！,監修者 | 関連記事 | reserve 店舗一覧・ご予約,
npilates,https://npilates.jp/10-2/,10-2,2021-11-01T07:52:17+00:00,ピラティス10回で姿勢が変わる仕組み | Nピラティス〜パーソナルマシンピラティススタジオ〜,Fit N Pilatesの姿勢変化プログラムの10回の全貌をお伝えします。 なぜ10回で姿勢が変わるのか？,,ピラティス10回で姿勢が変わる仕組み,監修者 | 関連記事 | reserve 店舗一覧・ご予約,
npilates,https://npilates.jp/headache/,headache,2021-11-01T07:49:18+00:00,間違いだらけの頭痛の対処方法！運動でよくなる頭痛とは？ | Nピラティス〜パーソナルマシンピラティススタジオ〜,今回のテーマは「頭痛」です。 頭痛には種類があり、その中でも運動や整体でよくなる頭痛は緊張型頭痛です。 それ以,,間違いだらけの頭痛の対処方法！運動でよくなる頭痛とは？,監修者 | 関連記事 | reserve 店舗一覧・ご予約,
npilates,https://npilates.jp/beauty/,beauty,2021-11-01T07:48:36+00:00,ピラティスで圧倒的に美しく見える姿勢と体の黄金比の作り方！ | Nピラティス〜パーソナルマシンピラティススタジオ〜,・痩せていても体がなんだかキレイに見えない・・ ・筋肉ムキムキにはなりたくないけど、体を引き締めたい・・ ・体,,ピラティスで圧倒的に美しく見える姿勢と体の黄金比の作り方！,体重は減っているけどキレイに見えない理由 | スリーサイズと下半身の黄金比 | キレイに見える２つの姿勢条件 | 美しい上半身ラインを作るための方法 | 美しい下半身ラインを作るための方法 | ピラティスは美しさを作り出すメソッドとして効果的！ | 監修者 | 関連記事,
npilates,https://npilates.jp/design/,design,2021-10-16T00:49:06+00:00,「人のカラダがよくなるデザイン設計」とは？ | Nピラティス〜パーソナルマシンピラティススタジオ〜,「人の体は環境によってデザインされる」 Nピラティスはそう考えております。 だからこそ店舗の設計,,「人のカラダがよくなるデザイン設計」とは？,視覚情報としての「緑」と「光」 | 元気になる聴覚 | 脳にダイレクトメッセージを送る「匂い」 | 触った第一印象で体をリラックスしてもらう | 環境から人の体が良くなるNピラティス | 監修者 | 関連記事 | reserve 店舗一覧・ご予約,
npilates,https://npilates.jp/pr/,pr,2021-06-06T22:39:55+00:00,「いま話題」ランキングでNピラティスが第1位に！ | Nピラティス〜パーソナルマシンピラティススタジオ〜,【「いま話題」ランキングでNピラティスが第1位に】 PR TIMESの「いま話題」ランキングで1位にな,,「いま話題」ランキングでNピラティスが第1位に！,監修者 | 関連記事 | reserve 店舗一覧・ご予約,
npilates,https://npilates.jp/shoulder-3/,shoulder-3,2021-06-02T04:35:56+00:00,野球肩に必要なインナーマッスル・アウターマッスルトレーニング！Nピラティス！ | Nピラティス〜パーソナルマシンピラティススタジオ〜,野球をしている時に痛む肩。 鍛えればいい？ ストレッチすればいい？ 投げる動作を工,,野球肩に必要なインナーマッスル・アウターマッスルトレーニング！Nピラティス！,野球肩を改善するための投球数の制限 | 野球肩のストレスを減らす３つの方法 | 野球肩の痛みが取れても急に投げないこと | Nピラティスで行う野球肩へのケア | 監修者 | 関連記事 | reserve 店舗一覧・ご予約,
npilates,https://npilates.jp/open/,open,2021-05-31T07:30:56+00:00,NピラティスOPEN1週間前！中身を大公開！！ | Nピラティス〜パーソナルマシンピラティススタジオ〜,代表の吉田です。 ドタバタとOPEN準備が進み、残り1週間でとうとうOPENになります！ 外観は,,NピラティスOPEN1週間前！中身を大公開！！,監修者 | 関連記事 | reserve 店舗一覧・ご予約,
npilates,https://npilates.jp/sports/,sports,2021-05-25T08:34:50+00:00,なぜスポーツ選手にピラティスが着目されているのか？体幹だけじゃないピラティスの効果 | Nピラティス〜パーソナルマシンピラティススタジオ〜,さて最近ピラティスがスポーツ業界で着目されていますね。 ・広島の西川選手↓ ・DeNAの三嶋選手↓ ・日,,なぜスポーツ選手にピラティスが着目されているのか？体幹だけじゃないピラティスの効果,監修者 | 関連記事 | reserve 店舗一覧・ご予約,
npilates,https://npilates.jp/voice/,voice,2021-05-25T08:34:28+00:00,お客様の声 | Nピラティス〜パーソナルマシンピラティススタジオ〜,,,,Ｎピラティスで多くの方が改善しています！ | before after ビフォーアフター | interview お客様インタビュー | reserve 店舗一覧・ご予約,
npilates,https://npilates.jp/online-fitnpilates/,online-fitnpilates,2021-05-25T08:33:10+00:00,オンラインピラティスNpilatesって？ | Nピラティス〜パーソナルマシンピラティススタジオ〜,自宅がスタジオになるオンラインピラティス！ 今回はFitNpilatesのオンラインピラティスについてご説明し,,オンラインピラティスNpilatesって？,監修者 | 関連記事 | reserve 店舗一覧・ご予約,
npilates,https://npilates.jp/medical/,medical,2021-05-25T08:32:57+00:00,医療としてのピラティスの可能性 | Nピラティス〜パーソナルマシンピラティススタジオ〜,さて日本人のピラティスの認識としては 姿勢をよくする ダイエットになる インナーマッスルを鍛える が一般的です,,医療としてのピラティスの可能性,監修者 | 関連記事 | reserve 店舗一覧・ご予約,
npilates,https://npilates.jp/pilates/,pilates,2021-05-25T08:31:37+00:00,ストレッチと筋トレで怪我した人はピラティスがオススメな理由！ | Nピラティス〜パーソナルマシンピラティススタジオ〜,これはよくクライアントさんからよく聞く悩みです。 ストレッチをしていたら怪我をしてしまった・・ 筋トレをしてい,,ストレッチと筋トレで怪我した人はピラティスがオススメな理由！,監修者 | 関連記事 | reserve 店舗一覧・ご予約,
npilates,https://npilates.jp/entero-tibial-ligamentitis/,entero-tibial-ligamentitis,2021-05-25T08:21:43+00:00,腸脛靭帯炎の痛みで走れない人必見！早く治して走る５つのステップ方法！つくばNピラティス！ | Nピラティス〜パーソナルマシンピラティススタジオ〜,最近、ランニングや自転車をこぐと太ももの外側が痛くなる・・ もしかすると腸脛靭帯炎かも知れません。 &nbsp,,腸脛靭帯炎の痛みで走れない人必見！早く治して走る５つのステップ方法！つくばNピラティス！,監修者 | 関連記事 | reserve 店舗一覧・ご予約,
npilates,https://npilates.jp/hallux-valgus/,hallux-valgus,2021-05-25T08:19:25+00:00,外反母趾のズキズキ痛みを解決！つくばNピラティス！ | Nピラティス〜パーソナルマシンピラティススタジオ〜,親指の歪みが最近気になる・・ 親指のあたりがズキズキ痛む・・ もしかすると「外反母趾？？」 でもどうすればいい,,外反母趾のズキズキ痛みを解決！つくばNピラティス！,監修者 | 関連記事 | reserve 店舗一覧・ご予約,
npilates,https://npilates.jp/pes-anserine/,pes-anserine,2021-05-25T08:15:02+00:00,鵞足炎の原因と痛みをイチ早く軽減する方法！つくばNピラティス！ | Nピラティス〜パーソナルマシンピラティススタジオ〜,膝の内側が痛む「鵞足炎」 休んでいてもなかなか治らない・・ 湿布と痛み止めだけでもよくならない・・ そんな辛い,,鵞足炎の原因と痛みをイチ早く軽減する方法！つくばNピラティス！,監修者 | 関連記事 | reserve 店舗一覧・ご予約,
npilates,https://npilates.jp/plantar-fascia/,plantar-fascia,2021-05-25T08:14:23+00:00,足底筋膜炎の痛みから抜け出す４つの方法！つくばNピラティス！ | Nピラティス〜パーソナルマシンピラティススタジオ〜,安静にしていても足裏の痛みがなかなかよくならない足底筋膜炎。 今回は足底筋膜炎の原因から痛みを楽にする対処方法,,足底筋膜炎の痛みから抜け出す４つの方法！つくばNピラティス！,監修者 | 関連記事 | reserve 店舗一覧・ご予約,
npilates,https://npilates.jp/posture-3/,posture-3,2021-05-25T08:12:09+00:00,本当に効果出るの？オンラインピラティスの姿勢変化？ | Nピラティス〜パーソナルマシンピラティススタジオ〜,オンラインピラティスは本当に姿勢の変化が出るのでしょうか？ 今回、1回のオンラインピラティスのみでどれくらい変,,本当に効果出るの？オンラインピラティスの姿勢変化？,監修者 | 関連記事 | reserve 店舗一覧・ご予約,
bikatsu,https://www.bikatsu.jp/blog/,blog,2026-05-19T07:43:25Z,美活百科ブログ｜エステティック ジュビラン,,,Bikatsu Hyakka blog美活百科ブログ,"新着・キャンペーン情報
                          
                        Oegajuキャンペーン
            
              2026.06.01 | Oegajuキャンペーン | 新着・キャンペーン情報
                          
                        サンクスフェア2026 summer
            
              2026.06.01 | サンクスフェア2026 summer | ビューティコラム
                            ブライダルエステ
                          
                        結婚式前、母親世代にも人気のブライダルエステとは？
            
              2026.05.19 | 結婚式前、母親世代にも人気のブライダルエステとは？ | 新着・キャンペーン情報
                          
                        「エメラルドボックス」発売のお知らせ
            
              2026.05.07 | 「エメラルドボックス」発売のお知らせ",
bikatsu,https://www.bikatsu.jp/blog/questionnaire15/,questionnaire15,2023-06-23T05:48:39Z,基礎化粧品はライン買いするべき？みんなの基礎化粧品選び事情｜エステティック ジュビラン,「最近お肌の調子が気になる」。そんな悩みを抱える女性のなかには、スキンケアの土台となる基礎化粧品に興味を持っている人もいるかもしれませんね。そこで今回のアンケートでは、みんなの基礎化粧品選び事情について調査しました。,,基礎化粧品はライン買いするべき？みんなの基礎化粧品選び事情,基礎化粧品をライン(シリーズ）使いしている？ | 意外とライン買いしていない人も多い！？その理由とは？ | 肌への意識が高い人はライン買いの傾向に | お肌の状態が気になる人には基礎化粧品のライン買いがおすすめ | 関連記事 | お近くのサロンを探す | ジュビラン サロン検索 | カテゴリー,
bikatsu,https://www.bikatsu.jp/blog/questionnaire14/,questionnaire14,2023-06-23T05:48:34Z,やって良かった！効果を実感できたお肌のアンチエイジング方法｜エステティック ジュビラン,日々お肌の老化を実感している人は特に気になるのがアンチエイジング方法。今回は、実際に効果を実感できたお肌のアンチエイジング方法についてアンケートで調査してみました。,,やって良かった！効果を実感できたお肌のアンチエイジング方法,お肌のアンチエイジングで効果があった方法は何ですか？ | やはり1位は手軽にできる化粧品の見直し！ | 食生活の改善で体の内側からきれいに | 即効性のあるエステやマッサージを取り入れて | 化粧品や食生活の改善がポイント! | 関連記事 | お近くのサロンを探す | ジュビラン サロン検索,
bikatsu,https://www.bikatsu.jp/blog/questionnaire13/,questionnaire13,2023-12-05T01:55:38Z,美容業界で働くとは？プロのエステティシャンに大調査！｜エステティック ジュビラン,美容業界に興味があるけど…実際働くとどんな感じ？ 様々な疑問について現役で活躍しているプロのエステサロンオーナー・プロのエステティシャンにアンケート調査を実施しました。,,美容業界で働くとは？プロのエステティシャンに大調査！,始めたきっかけ | 前職の経歴 | 働いていてよかったこと | 働いていてつらかったこと | いつまで働きたいと思うか | 関連記事 | お近くのサロンを探す | ジュビラン サロン検索,
bikatsu,https://www.bikatsu.jp/blog/questionnaire12/,questionnaire12,2023-06-23T05:48:28Z,ふくらはぎをスッキリさせたい！みんながやっている方法って？｜エステティック ジュビラン,ふくらはぎのむくみや脂肪が気になるという人も多いのではないでしょうか。今回は、ふくらはぎ痩せのために女性が行っているケア方法についてアンケートを実施しました。,,ふくらはぎをスッキリさせたい！みんながやっている方法って？,ふくらはぎを痩せるためにしていることは何ですか？ | 0円でできる！一石二鳥のマッサージ | 時間を有効利用！体を動かして美しさをキープ | 自分にぴったりの方法を見つけよう！! | 関連記事 | お近くのサロンを探す | ジュビラン サロン検索 | カテゴリー,
bikatsu,https://www.bikatsu.jp/blog/questionnaire11/,questionnaire11,2023-06-23T05:48:24Z,お肌の老化は大きな課題！老けたと感じるのはどんな点？｜エステティック ジュビラン,鏡に写る自分をみて老けたと感じるのはどんな点かについて、30代以上の女性100人の皆さんを対象にアンケート調査を実施しました。,,お肌の老化は大きな課題！老けたと感じるのはどんな点？,自分のお肌で老けたなと感じるポイントは？ | 最も多い悩みはシミ・くすみ！30代から増加して改善が困難 | 抱える悩みは人それぞれ！しかも比較的若いうちから | 若くて美しい自分を取り戻すためにもフェイシャルエステの検討を! | 関連記事 | お近くのサロンを探す | ジュビラン サロン検索 | カテゴリー,
bikatsu,https://www.bikatsu.jp/blog/questionnaire10/,questionnaire10,2023-06-23T05:48:19Z,憧れのブライダルエステ！かけられる金額はいくらまで？｜エステティック ジュビラン,人生の一大イベントである結婚式に向けて、少しでもキレイになりたいというのが女心。どれくらいまでならブライダルエステにお金をかけられるのか、アンケート調査しました。,,憧れのブライダルエステ！かけられる金額はいくらまで？,ブライダルエステに行くならどのくらいまでお金がかけられる？ | 結婚式にかかる費用を考えつつ、普段より奮発したい！ | たまの贅沢はOK？それとも他にお金をかけるべき？ | ブライダルエステは何度も経験できない！優先順位をどこにおく？ | 関連記事 | お近くのサロンを探す | ジュビラン サロン検索 | カテゴリー,
bikatsu,https://www.bikatsu.jp/blog/questionnaire09/,questionnaire09,2023-06-23T05:48:13Z,30代以上の女性に質問！フェイシャルエステをしたことはある？｜エステティック ジュビラン,いくつになっても美しくいたい女性は多いですよね。そこで、フェイシャルエステの経験の有無について、30代以上の女性100人を対象にアンケートを実施しました。,,30代以上の女性に質問！フェイシャルエステをしたことはある？,フェイシャルエステの経験はある？ | 興味はあるが踏み出せない人が最も多い！料金などがネックに | 施術を受けた人やお試し体験者が多い！一方で月1回通う人も | エステへの関心や施術経験を持つ人は約9割！積極的な行動を | 関連記事 | お近くのサロンを探す | ジュビラン サロン検索 | カテゴリー,
bikatsu,https://www.bikatsu.jp/blog/questionnaire08/,questionnaire08,2023-06-23T05:48:07Z,キレイになるには美顔器の使用も！人気の美顔器はどんなタイプ？｜エステティック ジュビラン,美顔器を使っている人はどんなタイプのものなのか、30代以上の女性100人を対象にアンケートを取ってみました。,,キレイになるには美顔器の使用も！人気の美顔器はどんなタイプ？,美顔器を持っている女性に質問！どんな美顔器を持っている？ | 過半数を占めるのは美顔ローラー！ただし考え方は人それぞれ | 二番目に多いのはイオン導入！もちろん少数派意見も見逃せない | 美肌を保つためにはエステサロンでの施術も！ | 関連記事 | お近くのサロンを探す | ジュビラン サロン検索 | カテゴリー,
bikatsu,https://www.bikatsu.jp/blog/questionnaire07/,questionnaire07,2023-06-23T05:47:57Z,妻や彼女の肌に喝！どこに幻滅！？旦那さんと彼からの肌チェック｜エステティック ジュビラン,世の男性たちは自分の妻や彼女の肌のどんなところに幻滅するのか、アンケートを取ってみました。,,妻や彼女の肌に喝！どこに幻滅！？旦那さんと彼からの肌チェック,妻や彼女の肌、どこに幻滅？ | シワが気になる！好きな人にはいつまでも若々しくいてほしい！ | 女性たるもの美容には気を使うべきという手厳しい意見が多数！ | 恐るべし男性の観察眼！肌のお手入れは手抜きダメゼッタイ！ | 関連記事 | お近くのサロンを探す | ジュビラン サロン検索 | カテゴリー,
bikatsu,https://www.bikatsu.jp/blog/questionnaire06/,questionnaire06,2023-06-23T05:47:49Z,みんなはどうしてる？使っている化粧品の購入先を聞いてみた！｜エステティック ジュビラン,みんなはどうしてる？使っている化粧品の購入先を聞いてみた！多くの女性たちにとって、コスメあれこれは常に関心の的。皆さんはいったいどのようなところで購入しているのかも気になるところです。そこで今回は、購入先についてアンケートを行ってみました。,,みんなはどうしてる？使っている化粧品の購入先を聞いてみた！,どこで化粧品を購入する！？ | 人気の場所はやっぱりここ！プチプラなのも魅力！ | 気軽で簡単！インターネットでラクラク購入！ | その他少数派の意見も見てみると | コスメの購入先はニーズに合わせて決めるのがGood！ | 関連記事 | お近くのサロンを探す | ジュビラン サロン検索,
bikatsu,https://www.bikatsu.jp/blog/questionnaire05/,questionnaire05,2023-06-23T05:47:42Z,エステサロン（フェイシャル）選びはどんなことを参考にする！？｜エステティック ジュビラン,エステサロンといっても多彩な施術内容やサービスがあり、お店の雰囲気もさまざまです。何を参考にしてエステサロンを選んでいるのか、アンケートで聞いてみました。,,エステサロン（フェイシャル）選びはどんなことを参考にする！？,どんなエステサロン（フェイシャル）なら行ってみたい？ | やっぱり実際に利用したことがある人の感想は参考になる！ | エステサロン選びの基準は人それぞれの意見もあり！ | 自分がどんなエステを受けたいかを考えてサロン選び | 関連記事 | お近くのサロンを探す | ジュビラン サロン検索 | カテゴリー,
bikatsu,https://www.bikatsu.jp/blog/questionnaire04/,questionnaire04,2023-06-23T05:47:36Z,結婚式前、ブライダルエステをした？｜エステティック ジュビラン,多くの女性が憧れる結婚式、自分の肌も最高の状態でのぞみたいところですよね。そこで今回は既婚女性を対象に、結婚式前にブライダルエステをしたかどうかアンケートをとってみました。,,結婚式前、ブライダルエステをした？,結婚した方に質問です！結婚式前、ブライダルエステに行きましたか？ | 半数以上が体験済み！一生に一度の晴れ舞台への思い | 結婚式を挙げていない、予算の問題など受けていない派も5割弱 | ブライダルエステ体験者はおおむね満足の結果に | 関連記事 | お近くのサロンを探す | ジュビラン サロン検索 | カテゴリー,
bikatsu,https://www.bikatsu.jp/blog/questionnaire03/,questionnaire03,2023-06-23T05:47:31Z,プロにしてもらうフェイシャルエステ！どのくらい金額を出せる？｜エステティック ジュビラン,美容にどのくらいのお金をかけるかは、人によって違いがあるはず。ということで、女性のみなさんにアンケートしてみました。あなたならフェイシャルエステを受ける時、どのくらいの金額まで出せますか？,,プロにしてもらうフェイシャルエステ！どのくらい金額を出せる？,"月1回のフェイシャルエステいくらまで出せますか？ | 家計のことを考えるとエステは1,000円～5,000円ぐらい | エステにお金をかけない人 VS 効果を考えて高い金額を出す人 | 各自の肌の状態も考えながらエステを利用してみるのもいいかも！ | 関連記事 | お近くのサロンを探す | ジュビラン サロン検索 | カテゴリー",
bikatsu,https://www.bikatsu.jp/blog/questionnaire01/,questionnaire01,2023-12-05T01:54:18Z,知っておくことがサロン開業の成功の近道！フェイシャルエステのよくあるトラブル徹底調査｜エステティック ジュビラン,エステを開業したいと思っている人が一番知りたいのは、開業のリスクではないでしょうか。今回は、プロのエステティシャン３００人に、『フェイシャルエステの技術にまつわる不満のお声』を答えていただきました。,,知っておくことがサロン開業の成功の近道！フェイシャルエステのよくあるトラブル徹底調査,エステティシャンの年齢層 | 不満を言って下さるお客様は以外に少ない？ | お客様の不満ランキング TOP10 | お客様になったつもりの「かもしれない確認」を大切に！ | 関連記事 | お近くのサロンを探す | ジュビラン サロン検索 | カテゴリー,
bikatsu,https://www.bikatsu.jp/blog/questionnaire02/,questionnaire02,2023-12-06T10:00:49Z,プロのエステティシャン243名に聞く！季節別お肌のお悩みベスト３｜エステティック ジュビラン,"""プロのエステティシャンに聞く""シリーズ第2弾は『季節別お肌のお悩みベスト3』です。",,プロのエステティシャン243名に聞く！季節別お肌のお悩みベスト３,5つのアイデア | 関連記事 | お近くのサロンを探す | ジュビラン サロン検索 | カテゴリー | 新着コラム | 人気ランキング,
bikatsu,https://www.bikatsu.jp/blog/beautycolumn-skincare0001/,beautycolumn-skincare0001,2023-11-24T06:37:27Z,乾燥やウイルス対策には必須！マスクによる肌荒れを防いで快適に過ごそう｜エステティック ジュビラン,マスクは、花粉やウイルス、乾燥などの対策に欠かせません。それだけに、快適に着用するためには肌荒れ対策が必要です。今回はマスクによる肌荒れを防ぐ方法について紹介します。,,乾燥やウイルス対策には必須！マスクによる肌荒れを防いで快適に過ごそう,マスクによる肌荒れの原因 | マスクによる肌荒れを防ぐ方法 | マスクでの肌荒れ対策はしっかりしておこう | 関連記事 | お近くのサロンを探す | ジュビラン サロン検索 | カテゴリー | 新着コラム,
bikatsu,https://www.bikatsu.jp/blog/beautycolumn-skincare0002/,beautycolumn-skincare0002,2023-11-24T06:39:04Z,夏のスキンケアポイント ～夏の天敵「オイリー肌」と「毛穴」の関係～｜エステティック ジュビラン,,,夏のスキンケアポイント ～夏の天敵「オイリー肌」と「毛穴」の関係～,毛穴にとって夏が怖いワケ | あなたの毛穴の状態はどれ？ | では、なぜ夏はオイリー肌になってしまうのでしょう。 | 間違ったケアをやめて、丁寧なお手入れを！ | 夏のオススメのスキンケア | 夏の肌作りのポイント | 関連記事 | お近くのサロンを探す,
bikatsu,https://www.bikatsu.jp/blog/00083/,00083,2023-11-24T06:22:11Z,海外セレブ愛用！エプソムソルトの効果や使い方｜エステティック ジュビラン,フェイシャルエステサロン美活の「海外セレブ愛用！エプソムソルトの効果や使い方」のページです。美活ならフェイシャルエステサロン「エステティック ジュビラン」。通いやすい低価格設定と高い技術力、敏感肌でも安心の化粧品でいつまでも美しいお肌作りをサポートします。,,海外セレブ愛用！エプソムソルトの効果や使い方,知りたい！エプソムソルトについて | 美容に良い！エプソムソルトの効果 | 正しく使おう！エプソムソルトの使用方法 | 効果を最大限にするためのポイント | お風呂に入れるだけで美肌に？ | エステでも同様の効果が体験できます | 関連記事 | お近くのサロンを探す,
bikatsu,https://www.bikatsu.jp/blog/beautycolumn-antiaging0001/,beautycolumn-antiaging0001,2023-07-11T04:57:20Z,夏の紫外線によるダメージヘア！頭皮からケアを始めよう｜エステティック ジュビラン,日差しが強くなってくると、髪へのダメージも心配になってきますよね。しっかりケアされた綺麗な髪で夏を楽しく過ごせるように、ダメージヘアの効果的なケア方法を紹介します。,,夏の紫外線によるダメージヘア！頭皮からケアを始めよう,パサつきは髪の毛の日焼け！ | 髪と頭皮にも紫外線対策が必要 | ダメージヘアのシャンプー方法は？ | 頭皮と髪に優しい乾かし方は？ | 日焼けした頭皮のリカバリー方法は？ | 関連記事 | お近くのサロンを探す | ジュビラン サロン検索,
bikatsu,https://www.bikatsu.jp/blog/00071/,00071,2023-11-24T07:10:25Z,スタイルを良くしたい人必見！首を長くするおすすめの方法｜エステティック ジュビラン,フェイシャルエステサロン美活の「スタイルを良くしたい人必見！首を長くするおすすめの方法」のページです。美活ならフェイシャルエステサロン「エステティック ジュビラン」。通いやすい低価格設定と高い技術力、敏感肌でも安心の化粧品でいつまでも美しいお肌作りをサポートします。,,スタイルを良くしたい人必見！首を長くするおすすめの方法,身近に潜む首が短くなる原因 | 簡単にできる首を長くする方法 | 首を長くすることで得られるメリット | 長く見せるテクニックとアイテム | 関連記事 | お近くのサロンを探す | ジュビラン サロン検索 | カテゴリー,
bikatsu,https://www.bikatsu.jp/blog/00089/,00089,2023-11-24T06:28:09Z,はちみつパックでしっとりお肌に！方法や注意ポイントは？｜エステティック ジュビラン,フェイシャルエステサロン美活の「はちみつパックでしっとりお肌に！方法や注意ポイントは？」のページです。美活ならフェイシャルエステサロン「エステティック ジュビラン」。通いやすい低価格設定と高い技術力、敏感肌でも安心の化粧品でいつまでも美しいお肌作りをサポートします。,,はちみつパックでしっとりお肌に！方法や注意ポイントは？,はちみつでパックをするメリットは？ | はちみつパックのやり方！基本をマスターしよう | 簡単にできる髪の毛のはちみつパック！ | 唇がカサカサ！はちみつパックで保湿しよう | はちみつパックをアレンジする方法は？ | はちみつパックの注意ポイント！ | 関連記事 | お近くのサロンを探す,
bikatsu,https://www.bikatsu.jp/blog/00041/,00041,2023-11-24T05:58:31Z,治すプロの美容皮膚科と肌質改善を目指すエステサロン｜エステティック ジュビラン,より早くよりキレイにニキビを治すため、改善した肌をキープするためにエステサロンでケアすることがおすすめです。,,治すプロの美容皮膚科と肌質改善を目指すエステサロン,後悔したくない！ニキビをいち早く治したいなら美容皮膚科へ | 技術も機器もいろいろ！美容皮膚科的アプローチ | ニキビ肌改善だけでなく美肌も！細やかなケアが魅力のエステサロン | どんなケアする？エステサロン的アプローチ | 関連記事 | お近くのサロンを探す | ジュビラン サロン検索 | カテゴリー,
bikatsu,https://www.bikatsu.jp/blog/00064/,00064,2023-11-24T06:14:49Z,美肌を目指すなら洗顔が大切！おすすめの方法を紹介｜エステティック ジュビラン,スキンケアにはさまざまな方法があります。今回は、美肌になるための洗顔方法についてご紹介します。,,美肌を目指すなら洗顔が大切！おすすめの方法を紹介,優しく洗うのがポイント！しっかり泡立てよう | 洗う順番を考えて！Tゾーンからスタート | 汚れが残ってしまう？洗顔ブラシがおすすめ！ | 洗顔料をすすぐ時も注意が必要！ | 洗顔方法を見直して美肌を手に入れよう！ | 関連記事 | お近くのサロンを探す | ジュビラン サロン検索,
bikatsu,https://www.bikatsu.jp/blog/00003/,00003,2023-07-25T06:34:36Z,週末は、肌の力を取り戻す「肌断食」をしませんか？｜エステティック ジュビラン,あなたは毎日、肌のためにどんなケアをしていますか？ 効果が高いといわれる化粧水や美容液、美容クリームを使ってきちんとお手入れしているのに、なんとなく化粧のノリが悪い、くすんで見える、ざらつきや乾燥が気になる…… そんな思いをしているなら、今のスキンケアに問題があるのかもしれません。,,週末は、肌の力を取り戻す「肌断食」をしませんか？,肌のお手入れで心がけていることは？ | 与えるほど、肌はくたびれる！？ | 週末を利用した「肌断食」にトライ | 関連記事 | お近くのサロンを探す | ジュビラン サロン検索 | カテゴリー | 新着コラム,
bikatsu,https://www.bikatsu.jp/blog/00015/,00015,2023-07-25T09:52:42Z,知っておけば怖くないターンオーバーとかゆみの法則｜エステティック ジュビラン,「ターンオーバー」という言葉をよく耳にすると思います。 では、具体的に皮脂の働きはどのようになっているのでしょう？ どのように表皮は生まれ変わっていくのでしょうか。 そして乾燥肌などで悩まされる「かゆみ」についても、そのシステムを知って、あなたのお肌ケアに繋げていきましょう。,,知っておけば怖くないターンオーバーとかゆみの法則,弱酸性はターンオーバーの絶対条件 | ターンオーバーと老化の密接な関係 | ターンオーバーが低下する原因 | 加齢の要因とは | お肌はあなたの宝物 | かゆみはなぜ起こるの？ | 内臓疾患からのかゆみには要注意 | 関連記事,
bikatsu,https://www.bikatsu.jp/blog/00099/,00099,2023-11-24T04:00:56Z,小顔を目指すなら美顔器が大活躍！効果と選び方のポイントを紹介！｜エステティック ジュビラン,「小顔になりたい」と、女性であれば一度は感じたことがあるのではないでしょうか。美顔器が働きかけてくれることや、小顔を目指すための美顔器の選び方を中心に紹介します。,,小顔を目指すなら美顔器が大活躍！効果と選び方のポイントを紹介！,顔が大きくなる原因とは？ | 美顔器の主な種類と仕組みを知ろう！ | 美顔器に期待されている5つの効果 | 美顔器を選ぶポイント4選！ | まとめ | 関連記事 | お近くのサロンを探す | ジュビラン サロン検索,
bikatsu,https://www.bikatsu.jp/blog/00054/,00054,2023-11-24T05:48:05Z,気になるニキビ、位置別の原因とおすすめ対処法｜エステティック ジュビラン,女性にとってニキビは美容の天敵ともいえる厄介な問題です。ここでは、位置別に気になるニキビの原因と対処法についてまとめました。,,気になるニキビ、位置別の原因とおすすめ対処法,頬ニキビは洗顔に注意しよう | 大人ニキビには重大なサインがある！？ | 首や背中のニキビはストレスが原因 | デスクワーカーはおしりのニキビを防止しよう | 原因に合ったニキビ対策を心がける | 関連記事 | お近くのサロンを探す | ジュビラン サロン検索,
bikatsu,https://www.bikatsu.jp/blog/00070/,00070,2023-08-05T03:05:50Z,ダイエットにはお茶がおすすめ！効果のある種類や飲み方を紹介｜エステティック ジュビラン,ダイエット中、食事制限を行っていたとしても水分の摂取は欠かさずにしましょう。さまざまなドリンクがありますが、特にお茶を飲むことがおすすめです。,,ダイエットにはお茶がおすすめ！効果のある種類や飲み方を紹介,お茶がダイエットにいいとされる理由とは | お茶に含まれるダイエットに役立つ成分を知ろう | お茶の種類ごとにダイエット効果を分析 | ダイエット効果をさらに高める飲み方は？ | 自分に合ったお茶を見つけてダイエットを成功させる | 関連記事 | お近くのサロンを探す | ジュビラン サロン検索,
bikatsu,https://www.bikatsu.jp/blog/00079/,00079,2023-11-24T04:08:53Z,急に太ったときは要注意！体重増加はむくみのせいかも｜エステティック ジュビラン,フェイシャルエステサロン美活の「急に太ったときは要注意！体重増加はむくみのせいかも」のページです。美活ならフェイシャルエステサロン「エステティック ジュビラン」。通いやすい低価格設定と高い技術力、敏感肌でも安心の化粧品でいつまでも美しいお肌作りをサポートします。,,急に太ったときは要注意！体重増加はむくみのせいかも,体重増加イコール肥満ではない | 一時的なむくみと慢性的なむくみ | むくみで体重は何キロ増えるの？ | 生活習慣を見直してみよう | 慢性的なむくみは病院へ | たかがむくみと考えるのは危険 | 関連記事 | お近くのサロンを探す,
bikatsu,https://www.bikatsu.jp/blog/00028/,00028,2023-07-29T09:45:44Z,乾燥や薄毛、抜け毛対策はバッチリ？ヘアケアで5歳若返ろう！｜エステティック ジュビラン,昔から日本で美女の条件に欠かせないのが、美しい髪です。 髪がパサパサ、ゴワゴワしていると、どうしても実年齢より老けて見えてしまうもの。 豊かで艶やかな髪を取り戻し、若々しさをキープしましょう！,,乾燥や薄毛、抜け毛対策はバッチリ？ヘアケアで5歳若返ろう！,髪のダメージを促進する習慣 | あなたはこんな習慣がクセになっていませんか？ | 健康な髪を育てるために | 関連記事 | お近くのサロンを探す | ジュビラン サロン検索 | カテゴリー | 新着コラム,
bikatsu,https://www.bikatsu.jp/blog/00080/,00080,2023-11-24T07:14:47Z,未病はハーブで防ぐ！エルダーフラワーの特徴とおすすめの摂取方法｜エステティック ジュビラン,フェイシャルエステサロン美活の「未病はハーブで防ぐ！エルダーフラワーの特徴とおすすめの摂取方法」のページです。美活ならフェイシャルエステサロン「エステティック ジュビラン」。通いやすい低価格設定と高い技術力、敏感肌でも安心の化粧品でいつまでも美しいお肌作りをサポートします。,,未病はハーブで防ぐ！エルダーフラワーの特徴とおすすめの摂取方法,ヨーロッパではおなじみ！エルダーフラワーの起源とは？ | さわやかで可憐なエルダーフラワー！その特徴とは？ | 女性にうれしいエルダーフラワー！一般的に言われている効果とは？ | ハーブティーで楽しんで！エルダーフラワーの摂取方法 | ポプリやバスハーブとして楽しんでみて | 妊娠中でもOK？エルダーフラワーの注意点とは？ | どんな人でも取り入れやすいエルダーフラワー | 関連記事,
bikatsu,https://www.bikatsu.jp/blog/00039/,00039,2023-11-24T04:43:38Z,うれしい美容効果がいっぱい！ 1日数回飲むだけの白湯｜エステティック ジュビラン,冷えや便秘解消、美肌、デトックス……とさまざまな効果があるとして人気の白湯。 インドの伝統医学アーユルヴェーダでも取り入れられてきた健康法です。血行促進や内蔵機能を良くする効能でアンチエイジングにもつながると期待される白湯に注目します。,,うれしい美容効果がいっぱい！ 1日数回飲むだけの白湯,胃腸にやさしい白湯の秘められた効果 | 毎日続けて体質改善を目指そう！ | 白湯のアレンジ | 関連記事 | お近くのサロンを探す | ジュビラン サロン検索 | カテゴリー | 新着コラム,
bikatsu,https://www.bikatsu.jp/blog/00104/,00104,2023-11-24T06:56:35Z,どんな関係があるの？冷房によるむくみを防ぐ方法とは？｜エステティック ジュビラン,冷房によるむくみは何が原因で起こるのでしょう。特に夏場は冷房以外にもむくみの原因となるものが多いため、普段から意識してむくみ対策をすることが大切です。,,どんな関係があるの？冷房によるむくみを防ぐ方法とは？,どうして冷房でむくみが起きるの？ | 夏は冷房以外にもむくみの原因が多い | 冷房によるむくみの防止法1：体を温める | 冷房によるむくみの防止法2：体を動かす | 冷房によるむくみはこまめなケアで解消して！ | 冷房によるむくみを防いで快適に過ごそう | 関連記事 | お近くのサロンを探す,
bikatsu,https://www.bikatsu.jp/blog/00004/,00004,2023-07-25T06:36:37Z,"ローフードで""美腸""をめざそう｜エステティック ジュビラン",多くの女性が、カラダの健康のお悩みのひとつとしてあげている「便秘」。カラダの中に不必要なものは溜め込みたくないものですね。 近頃、ローフードが、便秘に悩む女性たちから注目を集めています。それにはどのような理由があるのでしょうか。,,ローフードで“美腸”をめざそう,「ローフード」って何？ | “美腸”になれば、カラダもお肌も快調！ | 関連記事 | お近くのサロンを探す | ジュビラン サロン検索 | カテゴリー | 新着コラム | 人気ランキング,
bikatsu,https://www.bikatsu.jp/blog/00005/,00005,2023-07-25T06:38:17Z,美肌のための「ゴールデンタイム」はいつ？｜エステティック ジュビラン,美肌を保つためには、肌が再生する夜の10時から深夜2時の「ゴールデンタイム」に 睡眠をとることが重要――と長い間信じられてきました。 ところが最近の研究では、必ずしもこの考え方はあてはまらないとされています。 正しい肌の「ゴールデンタイム」を知り、美しい肌を保ちましょう。,,美肌のための「ゴールデンタイム」はいつ？,美肌のために大切な「眠り」 | 寝る時間帯ではなく、よい睡眠をとることも美肌のポイント！ | 良質な睡眠をとるためのポイント | 関連記事 | お近くのサロンを探す | ジュビラン サロン検索 | カテゴリー | 新着コラム,
bikatsu,https://www.bikatsu.jp/blog/00006/,00006,2023-07-25T06:40:42Z,タイプ別「冷え症」対策｜エステティック ジュビラン,気温が下がってくると、気になる手足の冷え。 冷え症からさまざまな不調を引き起こす前に、あなたの「冷え」の原因を知って、最適の改善策を探りましょう。,,タイプ別「冷え症」対策,「冷え性」は、ただ手足が冷えるだけではありません！ | あなたの「冷え」は、どのタイプ？ | 原因別・冷え性対策 | 関連記事 | お近くのサロンを探す | ジュビラン サロン検索 | カテゴリー | 新着コラム,
bikatsu,https://www.bikatsu.jp/blog/00026/,00026,2023-07-29T09:32:54Z,冬の乾燥に負けない！ぷるぷる唇をキープするケア｜エステティック ジュビラン,真冬になり、美容の大敵・乾燥もピークを迎えています。しかも年末年始はパーティーなど人が集うイベントが多い時期。そんなときに視線を集めるツヤツヤぷるぷる唇を目指して、お手入れしましょう！,,冬の乾燥に負けない！ぷるぷる唇をキープするケア,どうして唇は荒れやすいの？ | 日々のケアでツヤ唇にチェンジ！ | 関連記事 | お近くのサロンを探す | ジュビラン サロン検索 | カテゴリー | 新着コラム | 人気ランキング,
bikatsu,https://www.bikatsu.jp/blog/00096/,00096,2023-11-27T04:24:24Z,冷え性にも効果的！葛湯の効果と効能とは？｜エステティック ジュビラン,葛湯とはその名の通り葛粉をお湯で溶かして作られた飲み物です。 寒くなってきた時期におすすめの飲み物です。,,冷え性にも効果的！葛湯の効果と効能とは？,葛粉とは | 葛湯の効果について | 女性に嬉しい栄養素！イソフラボンも豊富に | 葛湯の作り方 | 葛粉はどこで手に入る？ | 関連記事 | お近くのサロンを探す | ジュビラン サロン検索,
bikatsu,https://www.bikatsu.jp/blog/00043/,00043,2023-08-05T03:03:10Z,ペクチンのチカラをご存知ですか？おいしく食べて、みかんダイエット！｜エステティック ジュビラン,みかんは「1日1個で医者いらず」と言われるほど、体に良い栄養が含まれているフルーツ。「食べるだけ」でOKという手軽さで注目を浴びています。,,ペクチンのチカラをご存知ですか？おいしく食べて、みかんダイエット！,1.私たちが食べているみかんは実は…。まずはみかんの基本をチェック！ | 2. みかんに含まれる「ペクチン」がダイエットに効果あり！？ | みかんは低カロリー。でも1日3個までを心がけて! | 関連記事 | お近くのサロンを探す | ジュビラン サロン検索 | カテゴリー | 新着コラム,
bikatsu,https://www.bikatsu.jp/blog/00086/,00086,2023-11-24T07:19:44Z,注目のスーパーフード【ハナビラタケ】の効果とは？｜エステティック ジュビラン,フェイシャルエステサロン美活の「注目のスーパーフード【ハナビラタケ】の効果とは？」のページです。美活ならフェイシャルエステサロン「エステティック ジュビラン」。通いやすい低価格設定と高い技術力、敏感肌でも安心の化粧品でいつまでも美しいお肌作りをサポートします。,,注目のスーパーフード【ハナビラタケ】の効果とは？,ハナビラダケはファンクショナルマッシュルーム（機能性キノコ）に分類される | ハナビラダケってどんなキノコ？ | ハナビラタケの効果について | ハナビラタケの食べ方は？ | 気軽に買えるようになるのはまだ先の話 | 関連記事 | お近くのサロンを探す | ジュビラン サロン検索,
bikatsu,https://www.bikatsu.jp/blog/00045/,00045,2023-11-24T04:51:45Z,1粒に詰まった小豆の栄養と効能、赤ワイン以上のアンチエイジング効果も！｜エステティック ジュビラン,「赤いダイヤ」とも言われる小豆は、実はアンチエイジング効果も高い食品なんです！,,1粒に詰まった小豆の栄養と効能、赤ワイン以上のアンチエイジング効果も！,1.抗酸化物質を含む食品No1！赤ワインを超える小豆ポリフェノール | 2.健康的な効果は煮汁の苦味にあり！？小豆の皮に含まれるサポニン | 関連記事 | お近くのサロンを探す | ジュビラン サロン検索 | カテゴリー | 新着コラム | 人気ランキング,
bikatsu,https://www.bikatsu.jp/blog/00102/,00102,2023-11-24T06:35:41Z,化粧をした後のテカリを防ぐメイク方法とは？｜エステティック ジュビラン,フェイシャルエステサロン美活の「化粧をした後のテカリを防ぐメイク方法とは？」のページです。美活ならフェイシャルエステサロン「エステティック ジュビラン」。通いやすい低価格設定と高い技術力、敏感肌でも安心の化粧品でいつまでも美しいお肌作りをサポートします。,,化粧をした後のテカリを防ぐメイク方法とは？,テカリの原因って？ | テカリを防ぐにはテカリ防止の下地を選ぼう | テカリを抑えるベースメイクのしかたは？ | テカリを抑えるには基礎化粧品も重要！ | テカリが気になるときにメイク直しのポイント | コツを押さえてテカリを防ごう | 関連記事 | お近くのサロンを探す,
bikatsu,https://www.bikatsu.jp/blog/00049/,00049,2023-07-10T08:27:49Z,あなたの食生活は大丈夫？偏食を見直し、乾燥肌を改善しよう｜エステティック ジュビラン,乾燥肌に悩んでいる方、食事について見直してみませんか。食事の内容、食品の栄養素によって乾燥肌にとって良い悪いがあります。日頃から、偏った食事をしている自覚のある方は要注意です。,,あなたの食生活は大丈夫？偏食を見直し、乾燥肌を改善しよう,乾燥肌ケアには保湿と食事から | ビタミンB群とビタミンEを含むおすすめ食品 | 乾燥肌に注意したい食事 | 血行を良好にし、代謝を活性化する食事を心がけよう | まとめ | 関連記事 | お近くのサロンを探す | ジュビラン サロン検索,
bikatsu,https://www.bikatsu.jp/blog/00095/,00095,2023-11-24T04:05:57Z,簡単で経済的！お粥ダイエットの方法やメカニズム｜エステティック ジュビラン,フェイシャルエステサロン美活の「簡単で経済的！お粥ダイエットの方法やメカニズム」のページです。美活ならフェイシャルエステサロン「エステティック ジュビラン」。通いやすい低価格設定と高い技術力、敏感肌でも安心の化粧品でいつまでも美しいお肌作りをサポートします。,,簡単で経済的！お粥ダイエットの方法やメカニズム,日本人の体質に合ったお粥ダイエット | 本当にお米を食べても痩せるの？お粥ダイエットのメカニズム | お粥のトッピングはタンパク質を多く含む食材がおすすめ！ | お粥は作り置きしてもいいの？ | お粥ダイエットをするうえで気を付けるべき点 | 他のダイエットに比べお粥ダイエットがおすすめなワケ | さっそくはじめてみよう！ | 関連記事,
bikatsu,https://www.bikatsu.jp/blog/00105/,00105,2023-07-11T03:23:21Z,ニキビとカビが原因の肌トラブルの違いは？｜エステティック ジュビラン,フェイシャルエステサロン美活の「ニキビとカビが原因の肌トラブルの違いは？」のページです。美活ならフェイシャルエステサロン「エステティック ジュビラン」。通いやすい低価格設定と高い技術力、敏感肌でも安心の化粧品でいつまでも美しいお肌作りをサポートします。,,ニキビとカビが原因の肌トラブルの違いは？,顔カビとニキビの違いは？ | カビとニキビの見極め方 | カビによるトラブルとは？ | 正しい方法でニキビやカビを予防しよう | 関連記事 | お近くのサロンを探す | ジュビラン サロン検索 | カテゴリー,
bikatsu,https://www.bikatsu.jp/blog/00020/,00020,2023-07-29T09:02:31Z,夏の日差しで乾燥してしまったあなたに ～潤いを取り戻して、シミやカサカサにさよなら！～｜エステティック ジュビラン,夏はまとまったお休みも多く、気分が開放的になる季節です。 レジャーに勤しむのも良いことですね！ しかし、海に何度も行っていたら、お肌がカサカサしてきた… そんな方はいらっしゃいませんか？,,夏の日差しで乾燥してしまったあなたに ～潤いを取り戻して、シミやカサカサにさよなら！～,紫外線とお肌の関係性 | 乾燥に効く成分はなに？ | 有効な乾燥肌のケアとは | まずは朝のひと手間から！ | 色素沈着のケア方法～夏の日差しでシミを作らないために～ | 関連記事 | お近くのサロンを探す | ジュビラン サロン検索,
bikatsu,https://www.bikatsu.jp/blog/00074/,00074,2023-11-24T06:21:14Z,美肌にいい飲み物特集！飲み方のコツは？｜エステティック ジュビラン,普段何気なく飲んでいる飲み物にも、美肌に良い飲み物と悪い飲み物があるのを知っていましたか。肌荒れを改善し、丈夫で美しい肌を手に入れるためにも、まずは普段の飲み物から見直してみましょう。飲み方やタイミングを工夫することで、さらなる美肌効果が期待できます。,,美肌にいい飲み物特集！飲み方のコツは？,どんな栄養素が肌にいいものなの？ | 美肌に効果的とされる飲み物の種類 | 肌荒れになってしまうから… 飲みすぎ注意な飲み物とは？ | 飲み物だけに頼らないのがポイント！ | 関連記事 | お近くのサロンを探す | ジュビラン サロン検索 | カテゴリー,
bikatsu,https://www.bikatsu.jp/blog/00048/,00048,2023-08-05T03:43:46Z,上手に摂りたいおやつ！ダイエットの味方になる間食の摂りかたとは？｜エステティック ジュビラン,ダイエットにカロリー制限はつきものですが、空腹を我慢し過ぎるとストレスが溜まって、ドカ食いの原因にもなるので注意が必要です。ダイエット中でも上手に間食を摂ることで、ストレスを溜めずにダイエットに成功している人もいます。,,上手に摂りたいおやつ！ダイエットの味方になる間食の摂りかたとは？,間食はダイエットの敵にも味方にもなる | ダイエット中に間食を摂るとよい理由 | 間食選びで気をつけるポイントは？ | 噛むことで満腹中枢を刺激 | 間食で摂りたい食物繊維 | 空腹感を抑えるのにぴったりな間食は？ | 不足しがちな栄養を補える間食は？ | よい0カロリーと悪い0カロリー,
bikatsu,https://www.bikatsu.jp/blog/00001/,00001,2023-07-25T06:20:53Z,甘酒で残暑を乗り切る｜エステティック ジュビラン,最近は残暑が長引き、体の疲れをためこんでしまいがち。 なかなかゆっくり休養もとれないときは、古来からの栄養ドリンク「甘酒」の力を借りてみましょう。,,甘酒で残暑を乗り切る,美容と健康を支える栄養素がたっぷり！ | 甘酒の効果 | 甘酒アレンジレシピ | 関連記事 | お近くのサロンを探す | ジュビラン サロン検索 | カテゴリー | 新着コラム,
bikatsu,https://www.bikatsu.jp/blog/00060/,00060,2023-11-24T04:33:47Z,少しの工夫でジョギングでのダイエットの効率がよくなる！｜エステティック ジュビラン,近年、健康への関心が高まり、街中でジョギングやウォーキングをする人を多く見かけるようになりました。女性の中にはダイエットのためにジョギングをするという人が多くいますが、ただ走るのではなく、効率よくジョギングをすることで、ダイエットの効果をより高めることが可能です。,,少しの工夫でジョギングでのダイエットの効率がよくなる！,ジョギングがダイエットにいい理由 | ジョギングで効率よくダイエットするためにできること | 無理なくダイエットを成功させるには食事も大切 | まとめ：ジョギングで効率よく脂肪を燃やしてダイエットをしよう | 関連記事 | お近くのサロンを探す | ジュビラン サロン検索 | カテゴリー,
bikatsu,https://www.bikatsu.jp/blog/00068/,00068,2023-11-24T06:17:57Z,備えあれば憂いなし！日焼けのアフターケアについて知っておこう｜エステティック ジュビラン,しっかりと対策をしていたのに気がついたら日焼けをしていた...という経験はないでしょうか。日焼け止めや日傘などを使っても、日焼けを完全に防げるわけではありません。今回は日焼けのアフターケアについて紹介します。,,備えあれば憂いなし！日焼けのアフターケアについて知っておこう,日焼けをした肌は熱を持っている!まず冷やすことが肝心 | 乾燥しているので保湿をしよう!化粧水や乳液で | ケアは外側からだけ?水分と栄養の摂取で内側からも | 熟睡することや安静にすることも大切! | アフターケアの相乗効果に期待！様子を見ながら柔軟に対応しよう | 関連記事 | お近くのサロンを探す | ジュビラン サロン検索,
bikatsu,https://www.bikatsu.jp/blog/00042/,00042,2023-11-24T04:49:47Z,ホワイトチアシード、スピルリナ、 マキベリーの美容＆健康効果｜エステティック ジュビラン,次々と新しいものが話題になる「スーパーフード」。一般的な食品より効率的に健康成分が摂取できるのですが、それぞれの効果・効能は違います。自分に必要なものを見極めて取り入れることが、美活上手への近道となるはず。,,ホワイトチアシード、スピルリナ、 マキベリーの美容＆健康効果,1.栄養価も膨張率も進化！ホワイトチアシードでデトックスを | こんな悩みにもおすすめ！ | 2.緑黄色野菜に匹敵する栄養で国連やNASAも注目するスピルリナ | こんな悩みにもおすすめ！ | 3.アサイーよりパワフルなマキベリーのアンチエイジング効果が美活をサポート！ | こんな悩みにもおすすめ！ | 関連記事 | お近くのサロンを探す,
bikatsu,https://www.bikatsu.jp/blog/00018/,00018,2023-07-29T08:57:15Z,夏バテを吹きとばせ！ 積極的に摂りたいビタミンB1｜エステティック ジュビラン,暑い夏を想像しただけで体がだるく感じたりしませんか？何もしていないのに、暑さだけでなんだか体が重い感じ、嫌なものです。普段から体を鍛えている人でも「夏バテ」にやられてしまうもの。夏バテに負けないカラダづくりも大切ですが、積極的に夏バテ効果的な食材を摂取して、暑い夏を乗り切りましょう！,,夏バテを吹きとばせ！ 積極的に摂りたいビタミンB1,夏バテを引き起こす最大の原因は？ | 水分、ミネラル、エネルギーが不足する！ | 夏バテ対策におすすめの食材は？ | ビタミンB1を含む食材 | バテ対策にはビタミンCも積極的に | ビタミンCを多く含む食材 | 食べ物だけでは対策は不足です | 関連記事,
bikatsu,https://www.bikatsu.jp/blog/00036/,00036,2023-11-24T05:38:03Z,不調が軽くなって痩せやすくなる　筋幕をはがして美人体型に！｜エステティック ジュビラン,運動の効果がなかなか出ない、肩こりが慢性化している、疲れがとれないという人は、筋膜がかたくなってしまっているかもしれません。 美しい体型を維持するためには、筋膜の支えが必要なのです。,,不調が軽くなって痩せやすくなる　筋幕をはがして美人体型に！,第二の骨格「筋膜」って何？ | どうして筋膜はかたくなるの？ | 筋膜はがしは「押して動かす」！ | かたくなった筋膜をセルフで改善！ | 関連記事 | お近くのサロンを探す | ジュビラン サロン検索 | カテゴリー,
bikatsu,https://www.bikatsu.jp/blog/00067/,00067,2023-11-24T07:07:25Z,モテ顔のための重要パーツ！涙袋の作り方を徹底解説！｜エステティック ジュビラン,フェイシャルエステサロン美活の「モテ顔のための重要パーツ！涙袋の作り方を徹底解説！」のページです。美活ならフェイシャルエステサロン「エステティック ジュビラン」。通いやすい低価格設定と高い技術力、敏感肌でも安心の化粧品でいつまでも美しいお肌作りをサポートします。,,モテ顔のための重要パーツ！涙袋の作り方を徹底解説！,美女になるための必須条件？涙袋とは | 可愛い涙袋をメイクで作ってみよう！ | 本当の涙袋を自力で作りたいならトレーニングが必要！ | 簡単に涙袋ができる？ヒアルロン酸の注意点とは | 自分にあった方法で理想的な涙袋を手に入れよう！ | 関連記事 | お近くのサロンを探す | ジュビラン サロン検索,
bikatsu,https://www.bikatsu.jp/blog/00016/,00016,2023-07-29T08:38:20Z,肌老化は加齢だけじゃない！今一度見直せばよみがえる、自分の肌症状に合った化粧品とその役割｜エステティック ジュビラン,女性が肌トラブルで一番恐ろしいこと。それは「老化」です。 しかし老化はその名の通り、加齢と共に防げなくなるものなのでしょうか。 実は老化は加齢だけが原因ではないのです。 老化の原因とその対処法を知っていきましょう。,,肌老化は加齢だけじゃない！今一度見直せばよみがえる、自分の肌症状に合った化粧品とその役割,恐るべき「光老化」とは？ | 紫外線から身を守ろう！ | シワ・たるみ・くすみ～どうしてできるの？ | 老化に効果のある化粧品成分は？ | 関連記事 | お近くのサロンを探す | ジュビラン サロン検索 | カテゴリー,
bikatsu,https://www.bikatsu.jp/blog/00008/,00008,2023-07-25T06:59:55Z,あなたの「クマ」は、どんな「クマ」？｜エステティック ジュビラン,疲れたり、寝不足だったりするとあらわれてくる、目の下の「クマ」。 表情が暗くなり、老けて見えてしまう、困りものです。 とりあえずコンシーラーで隠してごまかそうとしていませんか？ 「クマ」のタイプによって、効果的な解消法は違うのです。,,あなたの「クマ」は、どんな「クマ」？,あなたのクマはどのタイプ？ | あなたの「クマ」は、どのタイプ？ | 関連記事 | お近くのサロンを探す | ジュビラン サロン検索 | カテゴリー | 新着コラム | 人気ランキング,
bikatsu,https://www.bikatsu.jp/blog/00094/,00094,2023-11-27T04:23:04Z,アマランサスの効果とは？栄養価が高い注目のスーパーフード！｜エステティック ジュビラン,アマランサスは最近になって注目を集めているスーパーフードで、プチプチした食感で食べやすく栄養価の高さが特徴です。,,アマランサスの効果とは？栄養価が高い注目のスーパーフード！,アマランサスの特徴、キヌアとの違いは？ | アマランサスの栄養素と効果について | アレルギーの心配はない？ | アマランサスの食べ方は？ | 関連記事 | お近くのサロンを探す | ジュビラン サロン検索 | カテゴリー,
bikatsu,https://www.bikatsu.jp/blog/00010/,00010,2023-07-25T07:06:30Z,フルーツを味方にして美しく、健康に｜エステティック ジュビラン,フェイシャルエステサロン美活の「フルーツを味方にして美しく、健康に」のページです。美活ならフェイシャルエステサロン「エステティック ジュビラン」。通いやすい低価格設定と高い技術力、敏感肌でも安心の化粧品でいつまでも美しいお肌作りをサポートします。,,フルーツを味方にして美しく、健康に,フルーツはいいことづくし | いちじくやザクロで、女性ホルモンを補おう | 女性ホルモンに似たはたらきをする成分の種類 | 女性ホルモンのはたらきとは？ | 毎日、おいしくフルーツを食べるコツ | 関連記事 | お近くのサロンを探す | ジュビラン サロン検索,
bikatsu,https://www.bikatsu.jp/blog/00017/,00017,2023-07-29T08:52:14Z,生活習慣に潜む、肌トラブルの原因除去は、正しい姿勢から｜エステティック ジュビラン,きちんとスキンケアしているのに、いろいろ試しているのに肌トラブルが改善されない。また効果が出にくい。と、感じる場合は、体のゆがみから起こる、新陳代謝の悪さが肌トラブルを起こしているという可能性もあります。,,生活習慣に潜む、肌トラブルの原因除去は、正しい姿勢から,身体のゆがみはどうして起こるのでしょう | 生活習慣を見直してみよう | 生活習慣チェック！ | 日常生活の中で、正しい姿勢をイメージしておこう | 身体のゆがみを治す、正しい姿勢での歩き方 | 関連記事 | お近くのサロンを探す | ジュビラン サロン検索,
bikatsu,https://www.bikatsu.jp/blog/00059/,00059,2023-11-24T05:42:13Z,美味しく食べてニキビ予防！美肌を作る食べ物とは？｜エステティック ジュビラン,女性にとって美しさのカギとなる美肌を、手に入れたいと考える人は多いことでしょう。そこで、ニキビ予防が期待できる美肌作りにおすすめの食べ物と栄養についてご紹介します。,,美味しく食べてニキビ予防！美肌を作る食べ物とは？,ニキビ予防に必要不可欠なビタミン類 | 美肌を作る栄養素 | 腸内環境を改善して健康肌 | 肌に悪影響を与える食べ物 | 毎日の食事を見直し、体の内側からニキビ予防 | 関連記事 | お近くのサロンを探す | ジュビラン サロン検索,
bikatsu,https://www.bikatsu.jp/blog/00050/,00050,2023-08-05T04:38:42Z,なかなか痩せない理由は？便秘とダイエットの関係にあった！｜エステティック ジュビラン,排便力をアップするだけで、自然と痩せる体質になれます。今までにないほどの快腸を手に入れて、リバウンドのないダイエットに成功しましょう。,,なかなか痩せない理由は？便秘とダイエットの関係にあった！,便秘がダイエットにもたらす悪影響とは？ | 食生活の改善が便秘解消の決め手！ | 睡眠不足と運動不足、どちらも快便の敵です！ | 生活習慣を見直す！たったこれだけでダイエットの効果が出ます | まとめ | 関連記事 | お近くのサロンを探す | ジュビラン サロン検索,
bikatsu,https://www.bikatsu.jp/blog/00085/,00085,2023-11-24T06:27:07Z,シアバターの種類や成分を知ろう！全身ケアのためのおすすめの使い方｜エステティック ジュビラン,美容に興味がある人であれば、「シアバター」という言葉を聞いたことがあるでしょう。しかし、シアバターがどのようなものか、よく理解したうえで活用していくことが大切です。シアバターの成分やおすすめの使い方、注意点などについて解説します。,,シアバターの種類や成分を知ろう！全身ケアのためのおすすめの使い方,シアバターとは木の実から採れる天然油脂 | シアバターには未精製と精製タイプがある | お肌におすすめの栄養がたっぷり！シアバターの主な成分とは？ | 頭の先から爪の先まで！シアバターのおすすめの使い方 | シアバターを使うときの注意点は？ | シアバターは老若男女すべての人におすすめ！ | 関連記事 | お近くのサロンを探す,
bikatsu,https://www.bikatsu.jp/blog/00052/,00052,2023-11-24T06:10:19Z,もうかゆみや痛みで悩まない！カサカサさんの乾燥肌対策｜エステティック ジュビラン,冬の乾燥した空気は、乾燥肌の人にとってとても悩ましいものですね。乾燥肌に悩む人のために、どのような対策があるのかについてお話しましょう。,,もうかゆみや痛みで悩まない！カサカサさんの乾燥肌対策,乾燥肌ってどんな肌？ | 乾燥肌にはどうしてなるの？ | 乾燥肌の主な症状は？ | こんな生活習慣が乾燥肌を悪化させる | 乾燥肌なら食生活もチェック | 乾燥肌でお悩みの人は、以下のような食生活を送っていないかチェックをしてみましょう。 | お風呂上りの過ごし方が重要 | 寝る前のひと工夫で乾燥肌を防ぐ,
bikatsu,https://www.bikatsu.jp/blog/00088/,00088,2023-11-24T05:09:37Z,栄養たっぷりのデーツ！美肌効果も期待できる優れたフルーツ｜エステティック ジュビラン,美容や健康によいといわれているフルーツやナッツ。中でも、その効果の高さで注目を集めているのがデーツです。人気の高まりにより、スーパーなど身近なお店で手に入りやすくなったデーツの魅力を探ってみましょう。,,栄養たっぷりのデーツ！美肌効果も期待できる優れたフルーツ,デーツとはどんな食物なのか？味や食感は？ | デーツは優れたエネルギー源として重宝されている！ | 貧血予防に効果あり？鉄分や葉酸も補給できる！ | デーツに含まれる栄養で心の不調を予防！ | 便秘やむくみの解消も期待できる！ | 甘いのに太りにくい！ダイエットにも取り入れよう！ | デーツの抗酸化成分は美肌づくりに役立つ！ | デーツはどのように摂るもの？食べ過ぎには注意も必要！,
bikatsu,https://www.bikatsu.jp/blog/00022/,00022,2023-07-29T09:11:01Z,飲むだけで代謝アップ！水素水のダイエット効果｜エステティック ジュビラン,夏が近づくと雑誌などでもダイエット特集が組まれるようになり「早くやせなきゃ！」と気持ちばかりが焦るもの。 でも、食事制限などのムリなダイエットは長続きしないばかりか、かえって太りやすくなるという悪循環に……。,,飲むだけで代謝アップ！水素水のダイエット効果,年をとると太りやすくなるのはなぜ？ | 水素水のダイエット効果 | 水素水を利用して賢くダイエットする方法 | 関連記事 | お近くのサロンを探す | ジュビラン サロン検索 | カテゴリー | 新着コラム,
bikatsu,https://www.bikatsu.jp/blog/00061/,00061,2023-11-24T04:12:49Z,無理なく続けたい！ヨーグルトを用いたダイエットとは｜エステティック ジュビラン,薄着の季節となると目に付きやすくなるのが体のラインです。美しいプロポーションを手に入れたいと願っていても、実際にダイエットを始めると長続きしないということは少なくありません。そこで、おすすめの方法となるのがヨーグルトを用いたダイエットです。,,無理なく続けたい！ヨーグルトを用いたダイエットとは,ヨーグルトダイエットとは？ | 効果的な方法とは？ヨーグルトダイエットの実践方法 | ヨーグルトなら何でも良いの？ヨーグルトダイエットに適した商品の選び方 | さらに効果アップ！より効果を上げるための食べ方とは | 健康的に美しく！ヨーグルトで効果的なダイエットを！ | 関連記事 | お近くのサロンを探す | ジュビラン サロン検索,
bikatsu,https://www.bikatsu.jp/blog/00012/,00012,2023-07-25T09:37:25Z,おいしく食べながら、痩せる？｜エステティック ジュビラン,ダイエットには運動や辛い食事制限が伴います。 「食べたら食べた分だけ運動して消費する」。 無論これは正解ですが、 いま、食べても痩せるといわれるダイエットが注目されています。,,おいしく食べながら、痩せる？,マイナスカロリー食品って？ | おもなマイナスカロリー食品 | 知っておきたい栄養素の役割 | うまく取り入れて食事をバランスよく | 関連記事 | お近くのサロンを探す | ジュビラン サロン検索 | カテゴリー,
bikatsu,https://www.bikatsu.jp/blog/00058/,00058,2023-11-24T04:33:51Z,楽しくくびれを作る！フラフープダイエット成功を成功させるコツとは｜エステティック ジュビラン,大きなリングをウエストでくるくると回すフラフープ、多くの人が遊んでみた経験があるのではないでしょうか。 子供のおもちゃと思われがちですが、実際にやってみると意外と良い運動になってダイエット効果が期待できます。,,楽しくくびれを作る！フラフープダイエット成功を成功させるコツとは,フラフープダイエットの意外な歴史 | メリットがたくさん！フラフープダイエットの効果とは | フラフープダイエット成功のカギ！フラフープをうまく回すコツ | フラフープダイエットを行ううえでの注意点 | フラフープで楽しいダイエットにチャレンジしよう！ | 関連記事 | お近くのサロンを探す | ジュビラン サロン検索,
bikatsu,https://www.bikatsu.jp/blog/00098/,00098,2023-11-27T04:25:58Z,美容と健康におすすめのスーパーフード！スピルリナの効果と効能！｜エステティック ジュビラン,最近食生活が乱れ気味･･･と言う方におすすめのスーパーフード「スピルリナ」を紹介します！,,美容と健康におすすめのスーパーフード！スピルリナの効果と効能！,スピルリナの効果と効能 | スピルリナとクロレラの違い | スピルリナは美髪にも良い？ | スピルリナの摂取方法は？ | 栄養豊富なスーパーフード！スピルリナ | 関連記事 | お近くのサロンを探す | ジュビラン サロン検索,
bikatsu,https://www.bikatsu.jp/blog/00034/,00034,2023-11-24T05:55:55Z,大人女子にも増加中！ その肌かゆみは生活習慣のせいかも!?｜エステティック ジュビラン,気がつくといつもかいているという部分があれば、大人アトピーの前兆かもしれません。 ある日突然症状が出てきてしまうアトピー性皮膚炎に悩む大人の女性が増えているんです！,,大人女子にも増加中！ その肌かゆみは生活習慣のせいかも!?,かゆみを止めにくい大人アトピー | かゆみを引き起こす原因は？ | かゆみの悪循環をとめるアプローチ | こんな生活習慣に注意して！ | 関連記事 | お近くのサロンを探す | ジュビラン サロン検索 | カテゴリー,
bikatsu,https://www.bikatsu.jp/blog/00057/,00057,2023-11-24T05:49:17Z,ニキビで悩んでいる敏感肌の人に朗報！ おすすめの対策法を紹介｜エステティック ジュビラン,すぐに肌が赤くなったりするなど、敏感肌の場合は日常的に困ることがよくあります。ニキビが頻繁にできて困っている人も多いでしょう。そこで今回は、敏感肌向けのニキビ対策法をご紹介します。,,ニキビで悩んでいる敏感肌の人に朗報！ おすすめの対策法を紹介,バリア機能を低下させないクレンジング！ | しっかり泡立てて優しく洗顔をしよう！ | 保湿と紫外線を考慮したスキンケア！ | 生活習慣の見直しが大切！入浴やエアコンなど | 敏感肌であることを考慮！安全性に注意しながら取り組もう | 関連記事 | お近くのサロンを探す | ジュビラン サロン検索,
bikatsu,https://www.bikatsu.jp/blog/00076/,00076,2023-08-05T03:50:23Z,おやつを食べてもダイエットができる！？ダイエット時に食べても良いおやつとは｜エステティック ジュビラン,食事制限ダイエットはストレスが溜まりやすく、おやつまで我慢するのは失敗原因の元となります。長続きさせるために知っておきたい、ダイエット時に食べても良いおやつについてご紹介します。,,おやつを食べてもダイエットができる！？ダイエット時に食べても良いおやつとは,甘いものがほしい！そんなときにはドライフルーツ | 食べて体重減も！？低カロリーが魅力の寒天 | 美しいボディライン作りの助けにもなる！低カロリー高タンパク質の生麩 | 高カロリー高脂肪なのにダイエット中のおやつ向き！？ナッツ類はダイエットに効果的！ | ダイエットの邪魔にならないおやつで空腹解消！健康的な諦めないダイエットを | 関連記事 | お近くのサロンを探す | ジュビラン サロン検索,
bikatsu,https://www.bikatsu.jp/blog/00101/,00101,2023-07-11T03:14:30Z,紫外線は乾燥肌に大きな影響を与える！効果的な対策とは？｜エステティック ジュビラン,紫外線を浴びると乾燥肌が悪化したり、肌荒れを起こしたりする可能性がありますが、きちんと対策をすることで防ぐことができます。乾燥肌の人が押さえておきたい紫外線対策について説明します。,,紫外線は乾燥肌に大きな影響を与える！効果的な対策とは？,紫外線や乾燥は肌トラブルの大きな原因 | 乾燥肌の人は紫外線に要注意！ | 乾燥肌なら早めの紫外線対策が必須 | 肌トラブルを回避する日焼け止めの塗り方 | 乾燥肌なら紫外線対策を徹底しよう | 関連記事 | お近くのサロンを探す | ジュビラン サロン検索,
bikatsu,https://www.bikatsu.jp/blog/00065/,00065,2023-11-24T07:08:49Z,夏バテ対策に効果的？！夏に食べたい食べ物とは？｜エステティック ジュビラン,暑い時期になると食欲がなくなり、つい冷たい飲み物やアイスばかり口にしている人はいませんか？イベント目白押しの楽しい夏を棒に振らないためにも、夏バテ防止に役立つ食べ物について知っておきましょう。,,夏バテ対策に効果的？！夏に食べたい食べ物とは？,そもそも、夏バテの原因は？ | ミネラル不足をうまく補おう | すっぱいクエン酸で疲労回復！ | ビタミンB1とB2もしっかり摂ろう | 無理をせず身体をいたわることが大事 | 関連記事 | お近くのサロンを探す | ジュビラン サロン検索,
bikatsu,https://www.bikatsu.jp/blog/00038/,00038,2023-11-24T05:46:21Z,今年は背中見せもへっちゃら！ しつこい背中ニキビを撃退｜エステティック ジュビラン,背中は皮脂が多くニキビができやすいけれど、目が届きにくいパーツです。 開放的な夏はもうすぐそこなのに、背中のブツブツが気になって薄着のおしゃれが楽しめなかったり水着になれないのはもったいない！ 自信を持って見せられる美背中ケアを今すぐ始めましょう！,,今年は背中見せもへっちゃら！ しつこい背中ニキビを撃退,なぜ背中ニキビができちゃうの？ | 気がついたら即実践！　背中ニキビケア | 関連記事 | お近くのサロンを探す | ジュビラン サロン検索 | カテゴリー | 新着コラム | 人気ランキング,
bikatsu,https://www.bikatsu.jp/blog/00055/,00055,2023-11-24T05:01:24Z,アンチエイジング効果のある食べ物について考えてみよう！｜エステティック ジュビラン,若々しさを維持するためには、毎日の食生活も重要といえます。 それではアンチエイジングに効果的な食べ物にはどのようなものがあるのでしょうか？ 若返りに必要な成分とそれを含む食べ物について、見ていきましょう。,,アンチエイジング効果のある食べ物について考えてみよう！,抗酸化作用が高い食べ物は老化防止に欠かせません。蜂蜜やオリーブオイルで若返り効果を！ | 肌のアンチエイジングに欠かせないコラーゲンを含む食品を！鶏の皮や牛すじ肉で若々しいお肌を目指そう！ | ビタミン類はアンチエイジングには必須！野菜類、フルーツを毎日の食卓に！ | 忘れてはいけない大豆製品。大豆イソフラボンの力で肌も髪も若返ろう！ | まとめ | 関連記事 | お近くのサロンを探す | ジュビラン サロン検索,
bikatsu,https://www.bikatsu.jp/blog/00031/,00031,2023-07-29T09:51:16Z,肌の乾燥？加齢によるたるみ？美人力を下げるほうれい線を撃退！｜エステティック ジュビラン,きちんとスキンケアしていても、ほうれい線はだんだん目立ってくるもの。老けて見えちゃうほうれい線をセルフケアで消してしまいましょう！,,肌の乾燥？加齢によるたるみ？美人力を下げるほうれい線を撃退！,そのほうれい線の原因は… | ほうれい線を解消して見た目年齢を変える！ | 関連記事 | お近くのサロンを探す | ジュビラン サロン検索 | カテゴリー | 新着コラム | 人気ランキング,
bikatsu,https://www.bikatsu.jp/blog/00082/,00082,2023-11-24T05:07:42Z,今注目！ホーリーバジルの効果は？｜エステティック ジュビラン,健康や美容の効果をもたらしてくれるホーリーバジルは、美容効果が今とても注目されています。30歳以上の女性が積極的に摂取していきたいホーリーバジルの基礎知識や美容効果について説明します。,,今注目！ホーリーバジルの効果は？,【基礎知識】ホーリーバジルって？ | 【効果】ホーリーバジルには美容効果がある？ | 【万能薬？】ホーリーバジルはアダプトゲンのひとつ | ホーリーバジルでカラダの内からきれいに | 関連記事 | お近くのサロンを探す | ジュビラン サロン検索 | カテゴリー,
bikatsu,https://www.bikatsu.jp/blog/00051/,00051,2023-11-24T04:58:23Z,色んなシーンに美容オイルを取り入れて上手にアンチエイジング対策をしよう！｜エステティック ジュビラン,近年注目度の高まっている美容オイルを効率よく取り入れたアンチエイジング対策で、若々しい生き生きとした肌をキープしましょう。,,色んなシーンに美容オイルを取り入れて上手にアンチエイジング対策をしよう！,スキンケアにプラスして使いたい美容オイル | 食べる美容オイルでアンチエイジングを強化！ | 美容オイルをヘアケアにも活用 | トータルビューティを叶える美容オイル | まとめ | 関連記事 | お近くのサロンを探す | ジュビラン サロン検索,
bikatsu,https://www.bikatsu.jp/blog/00081/,00081,2023-11-24T07:15:45Z,滋養強壮にもってこい！スーパーフードのゴジベリーとは？｜エステティック ジュビラン,栄養バランスに優れ、一般的な食品よりも栄養価が高いスーパーフード。それらを代表し認知されているものの1つ、ゴジベリーについて紹介していきます。国内でも優先的に推奨されているスーパーフードですので、美容の参考にしてみてください。,,滋養強壮にもってこい！スーパーフードのゴジベリーとは？,古来中国で用いられてきた！ゴジベリーとはクコの実のこと！ | 栄養豊富！ゴジベリーに含まれている栄養素とは？ | 杏仁豆腐のトッピングでもおなじみ！ゴジベリーの食べ方 | 食べすぎNG！ゴジベリーの注意点 | 用量を守って！ゴジベリーで健康的になろう！ | 関連記事 | お近くのサロンを探す | ジュビラン サロン検索,
bikatsu,https://www.bikatsu.jp/blog/00077/,00077,2023-11-24T06:59:14Z,ジョギングを始めたい！初心者が気を付けるべきポイントとは｜エステティック ジュビラン,健康に良いとされるジョギング。体づくりの一環として、始めようかと考えている人も多いかもしれません。何から始めるべきか、ジョギング初心者が気を付けるべきポイントについて詳しく解説していきます。,,ジョギングを始めたい！初心者が気を付けるべきポイントとは,ジョギングを始める前に！準備しておきたいもの | 初心者に相応しいジョギングの距離とは | どう選べばいい？ジョギングのルート | モチベーションを低下させないために！実践したいこと | もっと記録を伸ばすために！意識すべきポイント | ジョギングの習慣が美と健康をサポートする | 関連記事 | お近くのサロンを探す,
bikatsu,https://www.bikatsu.jp/blog/00025/,00025,2023-07-29T09:26:59Z,美容女子必見！ココナッツオイルの作用や副作用｜エステティック ジュビラン,フェイシャルエステサロン美活の「美容女子必見！ココナッツオイルの作用や副作用」のページです。美活ならフェイシャルエステサロン「エステティック ジュビラン」。通いやすい低価格設定と高い技術力、敏感肌でも安心の化粧品でいつまでも美しいお肌作りをサポートします。,,美容女子必見！ココナッツオイルの作用や副作用,メリットたくさん！ココナッツオイルの作用 | 知っておこう！ココナッツオイルの副作用 | こんな人！ココナッツオイルがおすすめな人の特徴 | ココナッツオイルの使い方レシピ | 健康と美容の強い味方！ | 関連記事 | お近くのサロンを探す | ジュビラン サロン検索,
bikatsu,https://www.bikatsu.jp/blog/00097/,00097,2023-07-11T03:01:49Z,悩み解決！手の指が太くなる原因と痩せる方法をお教えします！｜エステティック ジュビラン,フェイシャルエステサロン美活の「悩み解決！手の指が太くなる原因と痩せる方法をお教えします！」のページです。美活ならフェイシャルエステサロン「エステティック ジュビラン」。通いやすい低価格設定と高い技術力、敏感肌でも安心の化粧品でいつまでも美しいお肌作りをサポートします。,,悩み解決！手の指が太くなる原因と痩せる方法をお教えします！,指が太くなる原因はなに？ | 指痩せの方法3つを厳選してご紹介！ | 指痩せ方法1！マッサージでむくみ解消 | 指痩せ方法2！脂肪の分解を促すツボの刺激 | 指痩せ方法3！関節を柔らかくするストレッチ | きれいな指を手に入れよう！ | 関連記事 | お近くのサロンを探す,
bikatsu,https://www.bikatsu.jp/blog/00100/,00100,2023-11-24T06:32:49Z,敏感肌と花粉症って関係あるの？トラブルを防ぐスキンケアって？｜エステティック ジュビラン,敏感肌と花粉症のかかわりや、肌のお手入れについて解説していきます。,,敏感肌と花粉症って関係あるの？トラブルを防ぐスキンケアって？,敏感肌と花粉症の関係とは？ | 敏感肌かつ花粉症の人は刺激を受けやすい | 敏感肌の人が花粉症になったときのスキンケア | 関連記事 | お近くのサロンを探す | ジュビラン サロン検索 | カテゴリー | 新着コラム,
bikatsu,https://www.bikatsu.jp/blog/00032/,00032,2023-07-29T09:52:41Z,増える紫外線量に気をつけて！春の美肌にはUV対策がマスト｜エステティック ジュビラン,ポカポカ陽気に誘われて、お出かけしたい季節がやってきました。この時期に気をつけたい紫外線対策についてご紹介します。,,増える紫外線量に気をつけて！春の美肌にはUV対策がマスト,お肌の大敵「紫外線」について知ろう！ | 紫外線の波長とは？ | 紫外線量は時間や場所で変わる！？ | 紫外線からお肌を鉄壁ガード！ | 紫外線からお肌を守る2つの値 | 関連記事 | お近くのサロンを探す | ジュビラン サロン検索,
bikatsu,https://www.bikatsu.jp/blog/00091/,00091,2023-11-24T06:30:31Z,ヘアケアやスキンケアに！セサミオイルの使い方や効果は？｜エステティック ジュビラン,フェイシャルエステサロン美活の「ヘアケアやスキンケアに！セサミオイルの使い方や効果は？」のページです。美活ならフェイシャルエステサロン「エステティック ジュビラン」。通いやすい低価格設定と高い技術力、敏感肌でも安心の化粧品でいつまでも美しいお肌作りをサポートします。,,ヘアケアやスキンケアに！セサミオイルの使い方や効果は？,普通のごま油とはどう違う？セサミオイルとは | エイジングケアに効果的な成分 | ヘアケアはシャンプー前がコツ | 使う前にはキュアリングを | セサミオイルを美容に取り入れよう！ | 関連記事 | お近くのサロンを探す | ジュビラン サロン検索,
bikatsu,https://www.bikatsu.jp/blog/00011/,00011,2023-07-25T07:10:37Z,"メイクを見直して""プチ若返り""！｜エステティック ジュビラン",いつもと同じようにメイクをしているつもりなのに、なんだか最近、パッとしない…… そんな悩みを感じているなら、今のメイクと年齢がミスマッチしているのかもしれません。 メイクをちょっと見直すだけで、見た目年齢はぐっと変わります。,,メイクを見直して“プチ若返り”！,年齢とともにメイクを変えてますか？ | 若返りメイクのポイント | ファンデーションより下地で勝負 | ポイントメイクでふっくら感を | ポイントメイクは、“ふわっと”“ふっくら”をめざしましょう。 | 関連記事 | お近くのサロンを探す | ジュビラン サロン検索,
bikatsu,https://www.bikatsu.jp/blog/00084/,00084,2023-11-24T07:18:38Z,クレソンの栄養と効能！栄養を効率的に摂る方法とおすすめの食べ方｜エステティック ジュビラン,フェイシャルエステサロン美活の「クレソンの栄養と効能！栄養を効率的に摂る方法とおすすめの食べ方」のページです。美活ならフェイシャルエステサロン「エステティック ジュビラン」。通いやすい低価格設定と高い技術力、敏感肌でも安心の化粧品でいつまでも美しいお肌作りをサポートします。,,クレソンの栄養と効能！栄養を効率的に摂る方法とおすすめの食べ方,クレソンに含まれる主な栄養成分と効能とは？ | クレソンの栄養を効率的に摂るなら生で食べるのが一番 | クレソンの苦味を抑えるおすすめの調理方法 | クレソンの旬とおすすめの選び方 | 栄養が高いクレソンをもっと活用しよう | 関連記事 | お近くのサロンを探す | ジュビラン サロン検索,
bikatsu,https://www.bikatsu.jp/blog/00078/,00078,2023-11-24T06:43:59Z,つらいむくみを解消するために！おすすめの食べ物とは｜エステティック ジュビラン,女性を悩ませるむくみ。足がだるい重く感じるなど、つらい症状が出ることもあります。むくみは食事によって改善をすることも可能です。むくみに効果のある食材や、食事の摂り方についてご紹介します。,,つらいむくみを解消するために！おすすめの食べ物とは,むくみが起こるメカニズム | どんなことが考えられる？むくみの原因 | むくみに効く成分とは | むくみに効く食材をチェック | 食事の摂り方でむくみが抑えられる？ | 女性こそむくみ対策をしっかりと行おう | 関連記事 | お近くのサロンを探す,
bikatsu,https://www.bikatsu.jp/blog/00053/,00053,2023-11-24T04:38:48Z,ダイエット成功のゴールテープを切る為に！停滞期を乗り越えるポイントとは？｜エステティック ジュビラン,フェイシャルエステサロン美活の「ダイエット成功のゴールテープを切る為に！停滞期を乗り越えるポイントとは？」のページです。美活ならフェイシャルエステサロン「エステティック ジュビラン」。通いやすい低価格設定と高い技術力、敏感肌でも安心の化粧品でいつまでも美しいお肌作りをサポートします。,,ダイエット成功のゴールテープを切る為に！停滞期を乗り越えるポイントとは？,停滞期に陥る理由とは | 停滞期を乗り越えたい！まずはここを見直して！ | 停滞期を乗り越えるための工夫とは | 停滞期中に気を付けたいポイント | 停滞期をどう乗り越えるかが、ダイエット成功の分かれ道 | 関連記事 | お近くのサロンを探す | ジュビラン サロン検索,
bikatsu,https://www.bikatsu.jp/blog/00047/,00047,2023-08-05T03:19:14Z,ブロッコリーはスーパーダイエットフードだった？！ その秘密とは｜エステティック ジュビラン,フェイシャルエステサロン美活の「ブロッコリーはスーパーダイエットフードだった？！ その秘密とは」のページです。美活ならフェイシャルエステサロン「エステティック ジュビラン」。通いやすい低価格設定と高い技術力、敏感肌でも安心の化粧品でいつまでも美しいお肌作りをサポートします。,,ブロッコリーはスーパーダイエットフードだった？！ その秘密とは,ブロッコリーに含まれる豊富な栄養素 | ブロッコリーに含まれる注目成分その1 | ブロッコリーに含まれる注目成分その2 | ダイエットのお供に1日1品のブロッコリー料理を召し上がれ！ | 関連記事 | お近くのサロンを探す | ジュビラン サロン検索 | カテゴリー,
bikatsu,https://www.bikatsu.jp/blog/00002/,00002,2023-07-25T06:26:44Z,週末を活用して、「プチ断食」でデトックス｜エステティック ジュビラン,「痩せてきれいになりたい」というのは世の女性の永遠の願い。 スイーツやごはんなど美味しいものが目白押しの秋は、ついつい食べ過ぎて後悔してしまうことも… こんなときは、週末をうまく利活用して「プチ断食」でからだの中をリセットしてしまいましょう。,,週末を活用して、「プチ断食」でデトックス,断食の効果って？ | 週末をうまく活用して、プチ断食にチャレンジ | 準備しておきたいもの | 週末プチ断食プログラム | 関連記事 | お近くのサロンを探す | ジュビラン サロン検索 | カテゴリー,
bikatsu,https://www.bikatsu.jp/blog/00007/,00007,2023-07-25T06:43:18Z,正しい睡眠で、無理なく痩せる｜エステティック ジュビラン,いろいろなダイエットに挑戦して、挫折した人にこそチャレンジしてほしい「睡るだけのダイエット」。 眠るだけで本当に痩せられるの？ 睡眠とダイエットの意外な関係を知れば、無理なく痩せることができそうです。,,正しい睡眠で、無理なく痩せる,睡眠がもたらすホルモン | 質のよい睡眠のためにすべきこと3つ | 関連記事 | お近くのサロンを探す | ジュビラン サロン検索 | カテゴリー | 新着コラム | 人気ランキング,
bikatsu,https://www.bikatsu.jp/blog/00046/,00046,2023-11-24T05:30:12Z,小豆の栄養には魅力的な美肌効果がいっぱい！良質なたんぱく質で美肌へ導く。｜エステティック ジュビラン,赤飯やあんこなどで私たちの食生活に浸透している小豆。今回は中でも女性が気になる美肌の効能について注目しました！,,小豆の栄養には魅力的な美肌効果がいっぱい！良質なたんぱく質で美肌へ導く。,1.小豆の良質なたんぱく質は美肌へ導くカギ！ | 2.肌荒れを防ぐビタミンが豊富！食物繊維はごぼうの3倍！！ | 関連記事 | お近くのサロンを探す | ジュビラン サロン検索 | カテゴリー | 新着コラム | 人気ランキング,
bikatsu,https://www.bikatsu.jp/blog/00075/,00075,2023-12-09T02:34:08Z,おしりに関するツボを徹底紹介！マッサージのコツまとめ｜エステティック ジュビラン,フェイシャルエステサロン美活の「おしりに関するツボを徹底紹介！マッサージのコツまとめ」のページです。美活ならフェイシャルエステサロン「エステティック ジュビラン」。通いやすい低価格設定と高い技術力、敏感肌でも安心の化粧品でいつまでも美しいお肌作りをサポートします。,,おしりに関するツボを徹底紹介！マッサージのコツまとめ,おしりにあるツボの種類と効果 | ヒップアップに効果的なツボはどこ？ | おしりのコリをほぐす方法 | おしりをマッサージするコツは？ | おしり痩せに効果的なマッサージ方法 | ツボを刺激して効果的なマッサージを！ | 関連記事 | お近くのサロンを探す,
bikatsu,https://www.bikatsu.jp/blog/00069/,00069,2023-11-24T05:04:18Z,人気のハーブボール！自宅でできる作り方と使い方とは？｜エステティック ジュビラン,フェイシャルエステサロン美活の「人気のハーブボール！自宅でできる作り方と使い方とは？」のページです。美活ならフェイシャルエステサロン「エステティック ジュビラン」。通いやすい低価格設定と高い技術力、敏感肌でも安心の化粧品でいつまでも美しいお肌作りをサポートします。,,人気のハーブボール！自宅でできる作り方と使い方とは？,ハーブボールとは？何に使うの？ | ハーブボールの効果は？どんな症状に効くの？ | 日本で入手しやすいハーブ | タイで使われている代表的なハーブ | ハーブボールは自宅で作れる！作り方や保存方法は？ | ハーブボールの作り方 | ハーブボールの使い方! | ハーブボールの準備,
bikatsu,https://www.bikatsu.jp/blog/00044/,00044,2023-11-24T05:59:46Z,食べるスキンケア！？みかんの栄養素で美肌づくりをサポート｜エステティック ジュビラン,冬の風物詩でおなじみのみかん。美肌力を上げてくれるみかんの効果に注目してご紹介します！,,食べるスキンケア！？みかんの栄養素で美肌づくりをサポート,1.みかんがお肌にいい秘訣はオレンジ色にあり！ | 2.みかんでこまめにビタミンCを補給して美肌力をアップ！ | 関連記事 | お近くのサロンを探す | ジュビラン サロン検索 | カテゴリー | 新着コラム | 人気ランキング,
bikatsu,https://www.bikatsu.jp/blog/00056/,00056,2023-11-24T04:37:11Z,ストレッチダイエットでキレイを手に入れよう！｜エステティック ジュビラン,ストレッチがダイエットに効果的というのは、よく聞かれるところです。また、逆にダイエットには効果がないとの意見もチラホラと耳に入ってくることがあります。しかし、柔軟性の高い人は痩せている割合が高いというのが現実ではないでしょうか。 つまりストレッチには、直接的にせよ間接的にせよダイエットへの効果が期待できるのです。,,ストレッチダイエットでキレイを手に入れよう！,ストレッチにはステキな効果がたくさん | 肩甲骨まわりを刺激して脂肪を燃やそう | 猫背を治して、姿勢を美しく | 身体の骨盤まわりをほぐして、下半身太りを解消しよう | ストレッチを効果的に行ってダイエットに役立てよう | 関連記事 | お近くのサロンを探す | ジュビラン サロン検索,
bikatsu,https://www.bikatsu.jp/blog/00035/,00035,2023-11-24T05:27:12Z,気づいていないのはワタシだけ？口臭と今すぐサヨナラして！｜エステティック ジュビラン,あなたの口臭、大丈夫ですか？女性のエチケットとして、口臭の対処法を知っておきましょう！,,気づいていないのはワタシだけ？口臭と今すぐサヨナラして！,口臭に悩む女性が増えています | お口のにおいの原因7つ | ちょっとした習慣で口臭を撃退！ | 関連記事 | お近くのサロンを探す | ジュビラン サロン検索 | カテゴリー | 新着コラム,
bikatsu,https://www.bikatsu.jp/blog/00110/,00110,2023-11-24T05:11:20Z,美味しく食べてキレイになる！チョコレートの美容効果とは？｜エステティック ジュビラン,チョコレートを美味しく食べてアンチエイジングを目指す方法について紹介していきます。,,美味しく食べてキレイになる！チョコレートの美容効果とは？,チョコレートにはカカオポリフェノールが豊富 | チョコレートのアンチエイジング効果 | 効果的な食べ方 | 続けて食べることがアンチエイジングの秘訣 | 関連記事 | お近くのサロンを探す | ジュビラン サロン検索 | カテゴリー,
bikatsu,https://www.bikatsu.jp/blog/00063/,00063,2024-03-11T08:17:37Z,ニキビ跡を消して肌をきれいに！ニキビ跡の対策を紹介！｜エステティック ジュビラン,肌が敏感な人の悩みのひとつが、ニキビです。 ここでは、ニキビは何が原因で起きてしまうのか、ニキビを防止するにはどうすればいいか、そしてニキビ跡をきれいに消す対策はあるのかなど、ニキビについての情報を紹介します。,,ニキビ跡を消して肌をきれいに！ニキビ跡の対策を紹介！,ニキビができる原因は？そしてニキビができたら絶対にやってはいけないこととは？ | 治ったと思ったら肌に赤みが！赤みのあるニキビ跡を消す方法 | 肌が茶色、紫色に？色素沈着によるニキビ跡 | お肌がでこぼこに！クレーターニキビ跡の対処方法 | 心配な場合は、医師に相談を！ | 関連記事 | お近くのサロンを探す | ジュビラン サロン検索,
bikatsu,https://www.bikatsu.jp/blog/00033/,00033,2023-08-05T02:59:55Z,このままだと痩せられない!? ダイエットにいい習慣で成功を導く｜エステティック ジュビラン,もうすぐ新学期・新年度が始まります。冬の間についてしまった脂肪は大丈夫でしょうか？ 新たな出発の日をスリムな自分で迎えられるよう、ライフスタイルを見つめ直してみませんか？,,このままだと痩せられない!? ダイエットにいい習慣で成功を導く,春がダイエットに向いているワケ | 春の恩恵を取り入れてみよう！ | 太りにくい食事に切り替えて！ | 関連記事 | お近くのサロンを探す | ジュビラン サロン検索 | カテゴリー | 新着コラム,
bikatsu,https://www.bikatsu.jp/blog/00090/,00090,2023-11-27T04:17:01Z,美容と健康に良い！ハーブコーディアルの効果とは？｜エステティック ジュビラン,美容と健康に良いハーブを美味しく摂ることが出来る飲み物としてハーブコーディアルが注目されています。ハーブティーよりも美味しく飲めると評判で、今までハーブが苦手で避けていた方にもおすすめです。,,美容と健康に良い！ハーブコーディアルの効果とは？,ハーブコーディアルとは？ | ハーブコーディアルの効果 | 他にはどんなフレーバーが人気？ | ハーブコーディアルは妊娠中でも大丈夫？ | ハーブコーディアルの飲み方 | ハーブコーディアルの作り方 | ハーブコーディアルは健康維持や美容にも効果的！ | 関連記事,
bikatsu,https://www.bikatsu.jp/blog/00072/,00072,2023-11-24T05:51:58Z,ニキビの位置で分かる！体の健康状態を知ろう｜エステティック ジュビラン,第一印象を左右する顔。肌がキレイで透明感があると、清潔感があるなど良い印象を持ってもらえることでしょう。お手入れをしっかりしている女性も多いようです。しかし、ニキビはお肌のお手入れ不足だけが原因で起こるものではありません。顔のパーツごとに、ニキビができる原因と改善方法をご紹介いたします。,,ニキビの位置で分かる！体の健康状態を知ろう,顔の中でもできやすい！額にできるニキビ | 潰さないように注意！鼻周辺にできるニキビ | ホルモンバランスの乱れと関係！顎周辺にできるニキビ | 大人になるとできやすい！頬にできるニキビ | 不衛生な環境が原因かも… 首にできるニキビ | 見逃さないで！ニキビは体のSOSサインかも | 関連記事 | お近くのサロンを探す,
bikatsu,https://www.bikatsu.jp/blog/00023/,00023,2023-07-29T09:18:58Z,抗酸化食品で老化を防ぐ！酵素の力で若々しいお肌に。｜エステティック ジュビラン,最近、アンチエイジングで注目されている酵素の抗酸化作用。特に重要な働きをするのが体内でつくられる抗酸化酵素で、年齢とともに生成される量が減り、老化が進む要因になると言われています。いつまでも若々しく保つために、酵素のチカラをいかしましょう！,,抗酸化食品で老化を防ぐ！酵素の力で若々しいお肌に。,「老化」＝「酸化」ストップするには？ | 酵素は老化の防衛システム | ミネラルが多く含まれる食品 | 抗酸化の食事で酵素の働きをサポート | 心地よい運動で抗酸化力をアップ！ | 関連記事 | お近くのサロンを探す | ジュビラン サロン検索,
bikatsu,https://www.bikatsu.jp/blog/00073/,00073,2023-11-24T07:11:13Z,種類に合わせてしっかり対策！フケをなくす方法とは｜エステティック ジュビラン,気がついたら肩に白い粉がたくさん落ちているということはないでしょうか。フケは美容に気を使う女性にとって悩みの種となっています。フケには2つの種類があり、それぞれの対策方法も異なるので、フケに関することを幅広く解説していきます。,,種類に合わせてしっかり対策！フケをなくす方法とは,パラパラ落ちる！乾燥フケの特徴とは | 過剰な皮脂分泌が原因！脂性フケの原因とは | フケ対策の基本！正しいシャンプー方法をマスター | 不潔なイメージを与えるフケと決別！生活習慣にも気を配ろう | 毎日コツコツと！シャンプーと生活習慣がフケ対策の鍵 | 関連記事 | お近くのサロンを探す | ジュビラン サロン検索,
bikatsu,https://www.bikatsu.jp/blog/00040/,00040,2023-11-24T04:45:38Z,毎日に取り入れたい！ 美活女子的スーパーフードの魅力｜エステティック ジュビラン,美容や健康に敏感な美活女子たちの間で浸透してきた「スーパーフード」。栄養バランスにすぐれた食品や、ある健康成分が突出して多く含まれる食品のことで、健康な体をキープするために取り入れる人が増えています。 今回は、女性におすすめのスーパーフード3種をご紹介します。,,毎日に取り入れたい！ 美活女子的スーパーフードの魅力,1.お腹も大満足！？ダイエットに大活躍のチアシード | 2.ポリフェノールはワインの30倍！アンチエイジングのスーパーフード「アサイー」 | 3.あなたも美活の女王に！？　色が濃いほど栄養価が高い「マカ」 | 関連記事 | お近くのサロンを探す | ジュビラン サロン検索 | カテゴリー | 新着コラム,
bikatsu,https://www.bikatsu.jp/blog/00013/,00013,2023-07-25T09:41:52Z,ハリ不足！たるみに悩むあなたに、大切な基礎ケアを｜エステティック ジュビラン,"～汚れ落としの大切さを知ろう～ ""最近お肌にハリがなくて困っている方はいらっしゃいませんか？それは、今までのクレンジングでちゃんとお肌をきれいにできていなかった可能性があります。 まずはお肌をしっかりきれいにして、ハリのあるお肌を目指していきましょう。",,ハリ不足！たるみに悩むあなたに、大切な基礎ケアを,しわ・たるみの外的要因とは？ | 丁寧な汚れ落としを実践しよう | お肌の奥深くまで栄養を届けるための3つの方法 | 実践後すぐに分かる、ぷるぷる肌に！ | しっかり汚れ落としのためのオススメ成分 | 関連記事 | お近くのサロンを探す | ジュビラン サロン検索,
bikatsu,https://www.bikatsu.jp/blog/00021/,00021,2023-07-29T09:08:57Z,美容＆健康に役立つ！水素水の賢い飲み方｜エステティック ジュビラン,水素を効率よく取り入れるのに適しているのが水素水です。 水素水の賢い選び方と飲み方をマスターして、美容＆健康に役立てていきましょう！,,美容＆健康に役立つ！水素水の賢い飲み方,水素水は毎日飲むことがおすすめ | 1日に必要な水の量は1.2リットル程度 | 生活リズムに合わせて、こまめに水分補給を | 関連記事 | お近くのサロンを探す | ジュビラン サロン検索 | カテゴリー | 新着コラム,
bikatsu,https://www.bikatsu.jp/blog/00103/,00103,2023-11-24T03:57:49Z,1カ月でダイエットするにはどうしたらいい？食事と運動のポイントを解説｜エステティック ジュビラン,フェイシャルエステサロン美活の「1カ月でダイエットするにはどうしたらいい？食事と運動のポイントを解説」のページです。美活ならフェイシャルエステサロン「エステティック ジュビラン」。通いやすい低価格設定と高い技術力、敏感肌でも安心の化粧品でいつまでも美しいお肌作りをサポートします。,,1カ月でダイエットするにはどうしたらいい？食事と運動のポイントを解説,1カ月だけでもダイエットは可能なの？ | 1カ月ダイエットの基本的な考え方 | 1カ月ダイエットの食事のポイント | 1カ月ダイエットの運動のポイント | 1カ月ダイエットで注意したいこと | 1カ月で集中的なダイエットをおこなおう！ | 1ヵ月でダイエットのポイント | 関連記事,
bikatsu,https://www.bikatsu.jp/blog/00106/,00106,2023-11-27T04:28:24Z,夏バテにおすすめ！ビタミンCとビタミンB1が豊富なメニュー｜エステティック ジュビラン,暑い夏は食欲が落ちてしまいがちです。しかし栄養不足こそ夏バテの原因、夏は意識してビタミンCやビタミンB1などの栄養を摂取したいところです。今回はその理由と夏バテ対策におすすめのメニューをご紹介します。,,夏バテにおすすめ！ビタミンCとビタミンB1が豊富なメニュー,どうして夏バテになるの？ | 夏バテにおすすめな食材とは？ | 元気に夏を過ごすために栄養素を意識した食事をとろう | 関連記事 | お近くのサロンを探す | ジュビラン サロン検索 | カテゴリー | 新着コラム,
bikatsu,https://www.bikatsu.jp/blog/00093/,00093,2023-11-24T06:45:10Z,気になる顔のむくみの原因は？マッサージと生活習慣で改善を｜エステティック ジュビラン,なぜ顔がむくんでしまうのか原因を知っておくことで、フェイスラインや目元をスッキリとさせることが可能です。まずは簡単にできる予防方法を試してみましょう。,,気になる顔のむくみの原因は？マッサージと生活習慣で改善を,むくみの原因は？ | むくみを予防するには？ | むくみに効果的なマッサージ | 病気が隠れている場合も | むくみは生活習慣とマッサージで改善を | 関連記事 | お近くのサロンを探す | ジュビラン サロン検索,
bikatsu,https://www.bikatsu.jp/blog/00029/,00029,2023-07-29T09:47:41Z,冬太りを解消！弱った胃腸を整えて太りにくいカラダに｜エステティック ジュビラン,冬はイベントや飲み会が多い季節。胃腸の調子もだんだん低下していませんか？お腹の環境を整えて太りにくいカラダをつくり、誘惑が多い冬を乗り越えましょう。,,冬太りを解消！弱った胃腸を整えて太りにくいカラダに,お腹の調子が悪いと太りやすいワケ | すぐやってみて！　胃腸を整える習慣3つ | 関連記事 | お近くのサロンを探す | ジュビラン サロン検索 | カテゴリー | 新着コラム | 人気ランキング,
bikatsu,https://www.bikatsu.jp/blog/00062/,00062,2023-11-24T06:11:46Z,今日から使える！ 小顔効果抜群の簡単メイクテクニック｜エステティック ジュビラン,小顔ブームが続く今、大きな顔にコンプレックスを感じている人も多いでしょう。そこでおすすめなのは、毎日のメイクに小顔メイクを取り入れること。ちょっとしたコツやテクニックをつかめば、コンプレックス解決につながるかもしれません。,,今日から使える！ 小顔効果抜群の簡単メイクテクニック,もう膨張させない！引き締まった顔をつくるファンデーションテクニック | アイラインがポイント！ぱっちりアイメイクで視線を集めよう | 自然なカラーを選んで！ノーズシャドーとチークで立体感を出そう | ちょっと大きめが効果的！バランスの良い眉毛とリップを作ろう | やりすぎは厳禁！自然な仕上がりを意識して | 関連記事 | お近くのサロンを探す | ジュビラン サロン検索,
bikatsu,https://www.bikatsu.jp/blog/00024/,00024,2023-07-29T09:20:57Z,夕方が辛くなくなる！冬のむくみ対策｜エステティック ジュビラン,木枯らしが吹くとブーツが活躍する日が増えますね。だけど夕方になると足がパンパンで辛い！というのはみんなが経験している悩み。「脱げない！」「履けない！」なんて事態を招かないようにするおすすめのケアを紹介します。,,夕方が辛くなくなる！冬のむくみ対策,足がむくむ原因は？ | 気がついたらとにかくふくらはぎを動かそう！ | 関連記事 | お近くのサロンを探す | ジュビラン サロン検索 | カテゴリー | 新着コラム | 人気ランキング,
bikatsu,https://www.bikatsu.jp/blog/00014/,00014,2023-07-25T09:50:34Z,忙しい現代人の敵！ストレスの原因を知ろう。｜エステティック ジュビラン,仕事・家事・育児・人間関係、忙しい現代人にはストレスを受ける要因が沢山あります。 自分でも気付いてないような小さなストレスも実は脳から心や体への症状として現れることも。 あなたにも思い当たる症状はありませんか？,,忙しい現代人の敵！ストレスの原因を知ろう。,ストレスの原因はストレッサー | ストレスが脳に伝達される | 心因性疾患とは | 自律神経を整える | さあ、明日からストレスフリーな生活を目指しましょう！ | 関連記事 | お近くのサロンを探す | ジュビラン サロン検索,
bikatsu,https://www.bikatsu.jp/blog/00030/,00030,2023-07-29T09:49:44Z,ぐっすり睡眠で キレイを手に入れよう！｜エステティック ジュビラン,活動量が減る冬は、睡眠リズムが乱れやすい時期です。これから春に向けてだんだん気温が上がる時期なので、最適な睡眠リズムを取り戻すチャンスですよ。,,ぐっすり睡眠で キレイを手に入れよう！,あなたの体内時計は狂っている!? | 眠りを誘う睡眠ホルモン・メラトニン | 夜の眠りをサポートする習慣4つ | 関連記事 | お近くのサロンを探す | ジュビラン サロン検索 | カテゴリー | 新着コラム,
bikatsu,https://www.bikatsu.jp/blog/00009/,00009,2023-07-25T07:03:18Z,"おうちで、""ながら""トレーニング！｜エステティック ジュビラン","やせたい、健康でいたいから、運動をしなくてはいけないと思いつつ、ジムに出かけたりウォーキングしたりするのはハードルが高い。そんなときは、家事をしながら、テレビを見ながらでもできる""ながら""トレーニングをおすすめします。",,おうちで、“ながら”トレーニング！,いつでも、どこでも運動はできる！ | 簡単！ながらトレーニング | 関連記事 | お近くのサロンを探す | ジュビラン サロン検索 | カテゴリー | 新着コラム | 人気ランキング,
bikatsu,https://www.bikatsu.jp/blog/00109/,00109,2023-11-27T04:29:54Z,手軽にできる「温活」で冷え性対策！良い温活と悪い温活を紹介｜エステティック ジュビラン,おすすめの温活方法と間違った温活方法についてご紹介します。冷え性の人にとって特につらい季節である冬を、温活で乗り切りましょう。,,手軽にできる「温活」で冷え性対策！良い温活と悪い温活を紹介,冷え性は体調不良の原因になる！ | 女性の間で広まっている温活とは？ | 逆効果な温活に注意！ | 適切な温活で冷え性を対策しよう！ | 関連記事 | お近くのサロンを探す | ジュビラン サロン検索 | カテゴリー,
bikatsu,https://www.bikatsu.jp/blog/esthetics_makeup/,esthetics_makeup,2023-12-09T05:23:36Z,フェイシャルエステの前後にメイクをしてもよい？注意点も解説｜エステティック ジュビラン,当記事では、フェイシャルエステの施術前後にメイクをしてもよいのか、またメイクをする際の注意点を解説します。フェイシャルエステの前後に予定がありお困りの方は、ぜひお役立てください。,,フェイシャルエステの前後にメイクをしてもよい？注意点も解説,1.フェイシャルエステを受けるときにメイクをして行ってもよい？ | 2.フェイシャルエステに行く際のメイクの注意点 | 3.フェイシャルエステの帰りにメイクをしてもよい？ | 4.フェイシャルエステ後のメイクとスキンケアのコツ | まとめ | 関連記事 | お近くのサロンを探す | ジュビラン サロン検索,
bikatsu,https://www.bikatsu.jp/blog/raise_mouth_corners/,raise_mouth_corners,2023-12-08T09:26:52Z,口角を上げる方法と下がる原因を解説！実践トレーニングも紹介｜エステティック ジュビラン,口角の方向は、基本的に口周りの筋肉や日々の生活習慣が大きく関係します。当記事では、口角を上げる方法や下がる原因、口角を上げる顔のトレーニング方法など解説しています。口角の上がった唇を手に入れたい方は、ぜひご覧ください。,,口角を上げる方法と下がる原因を解説！実践トレーニングも紹介,1.口角を上げる方法 | 2.口角が下がる原因 | 3.口角を上げる顔トレーニングを紹介！ | まとめ | 関連記事 | お近くのサロンを探す | ジュビラン サロン検索 | カテゴリー,
bikatsu,https://www.bikatsu.jp/blog/howto_rejuvenate/,howto_rejuvenate,2023-12-08T07:01:38Z,若返るには？試したいエイジングケア方法8選を徹底解説｜エステティック ジュビラン,若返りを実現するためには、老化の原因に応じたエイジングケアが必須です。当記事では、肌が老化する原因・おすすめのエイジングケア方法8つを徹底解説しています。肌を若返らせたい方・肌トラブルを防ぎたい方は、ぜひ参考にしてください。,,若返るには？試したいエイジングケア方法8選を徹底解説,1.若返るには老化の原因を知ることが大切 | 2.若返りたい方必見！エイジングケア方法8選 | まとめ | 関連記事 | お近くのサロンを探す | ジュビラン サロン検索 | カテゴリー | 新着コラム,
bikatsu,https://www.bikatsu.jp/blog/heal_fatigue/,heal_fatigue,2023-12-08T06:55:21Z,疲れを癒す方法8選｜疲れを感じる原因や溜めないようにするコツも｜エステティック ジュビラン,身体や心に疲れを感じたときは、十分に睡眠を取るほか、疲れに合わせた食事を摂ることで疲れを緩和できます。当記事では、自分自身でできる疲れを癒す方法やマッサージ店・エステサロンを利用する方法などを紹介します。,,疲れを癒す方法8選｜疲れを感じる原因や溜めないようにするコツも,1.疲れを感じるのはなぜ？ | 2.疲れを癒す方法8選 | 3.疲れを溜めないようにするには？ | 4.「疲れ顔」のケアも大切 | まとめ | 関連記事 | お近くのサロンを探す | ジュビラン サロン検索,
bikatsu,https://www.bikatsu.jp/blog/eyes_wrinkles_causes/,eyes_wrinkles_causes,2023-12-08T06:40:43Z,目尻のシワの原因は？NG習慣や対策方法も｜エステティック ジュビラン,目尻にシワができる原因は、主に皮膚の乾燥や紫外線によるダメージです。表情の癖によってシワができるケースもあります。当記事では、目尻のシワの原因とシワを改善に導く方法を紹介します。,,目尻のシワの原因は？NG習慣や対策方法も,1.目尻にシワができる原因は？ | 2.目尻にできたシワを改善に導く方法 | 3.頑固な目尻のシワはフェイシャルエステも選択肢 | まとめ | 関連記事 | お近くのサロンを探す | ジュビラン サロン検索 | カテゴリー,
bikatsu,https://www.bikatsu.jp/blog/causes_facial_wrinkles/,causes_facial_wrinkles,2023-12-08T04:10:53Z,顔のシワの原因はなに？部位別にシワの予防法を紹介！｜エステティック ジュビラン,顔のシワは、加齢や紫外線による影響だけでなく、表情の癖や水分不足などさまざまな要因によって発生します。当記事では、シワの原因や顔にできやすいシワの予防法を紹介します。,,顔のシワの原因はなに？部位別にシワの予防法を紹介！,1.顔のシワの原因は？ | 2.【部位別】顔にできやすいシワと予防法 | 3.顔のシワを目立たなくしたいならフェイシャルエステもおすすめ | まとめ | 関連記事 | お近くのサロンを探す | ジュビラン サロン検索 | カテゴリー,
bikatsu,https://www.bikatsu.jp/blog/big_face/,big_face,2023-12-08T06:24:34Z,顔のでかさを何とかしたい！原因とセルフチェック方法・改善策も｜エステティック ジュビラン,当記事では、顔のでかさを何とかしたい方に向けて、顔が大きいと感じる原因と改善方法を解説します。まずは顔の大きさを確認するセルフチェックで、本当に顔が大きいのか確認するところから始めましょう。,,顔のでかさを何とかしたい！原因とセルフチェック方法・改善策も,1.顔がでかく見えるのはなぜ？原因を紹介 | 2.本当に顔がでかい？セルフチェック | 3.顔のでかさを改善する方法を3つ紹介！ | まとめ | 関連記事 | お近くのサロンを探す | ジュビラン サロン検索 | カテゴリー,
bikatsu,https://www.bikatsu.jp/blog/relaxation/,relaxation,2023-12-09T02:31:21Z,リラクゼーションとは？マッサージとの違いやメリットを解説！｜エステティック ジュビラン,当記事では、リラクゼーションの意味と体験するメリット、リラクゼーションを体験できるお店の種類について解説します。リラクゼーションとは具体的にどのようなことなのか、気になる方はぜひご一読ください。,,リラクゼーションとは？マッサージとの違いやメリットを解説！,1.リラクゼーションとは？ | 2.リラクゼーションをするメリット | 3.リラクゼーションできるお店の種類 | 4.リラクゼーションサロンを利用する際のポイント | まとめ | 関連記事 | お近くのサロンを探す | ジュビラン サロン検索,
bikatsu,https://www.bikatsu.jp/blog/marionettelines_improvement/,marionettelines_improvement,2023-12-08T04:46:53Z,マリオネットラインを改善する方法は？できる理由も解説｜エステティック ジュビラン,マリオネットラインとは、口角からあごに向かって下に伸びるシワのことです。当記事では、マリオネットラインの改善方法から原因、さらに改善につながるトレーニング方法まで説明しています。若々しい印象を保ちたい方は、ぜひご覧ください。,,マリオネットラインを改善する方法は？できる理由も解説,1.マリオネットラインの改善方法 | 2.マリオネットラインができる理由 | 3.マリオネットラインの改善につながる顔トレーニング | まとめ | 関連記事 | お近くのサロンを探す | ジュビラン サロン検索 | カテゴリー,
bikatsu,https://www.bikatsu.jp/blog/facialesthetic_effect/,facialesthetic_effect,2023-12-09T05:23:36Z,フェイシャルエステで得られる効果は？持続させる方法も解説｜エステティック ジュビラン,当記事では、フェイシャルエステで得られる効果と効果の持続期間、また効果を持続させる方法について解説します。フェイシャルエステに通うとどのように肌がよくなるのか、気になる方はぜひご覧ください。,,フェイシャルエステで得られる効果は？持続させる方法も解説,1.フェイシャルエステで得られる効果 | 2.フェイシャルエステの効果の持続期間 | 3.フェイシャルエステの効果を持続させる方法 | まとめ | 関連記事 | お近くのサロンを探す | ジュビラン サロン検索 | カテゴリー,
bikatsu,https://www.bikatsu.jp/blog/esthetics_frequency/,esthetics_frequency,2023-12-22T09:06:31Z,フェイシャルエステに通う適切な頻度は？目的別・年齢別に解説｜エステティック ジュビラン,顔から首までのケアを中心的に行う「フェイシャルエステ」は、性別・年齢問わず人気の施術メニューです。当記事では、悩み別・年齢別におけるフェイシャルエステを受ける適切な頻度から頻度を決めるポイントまで詳しく説明しています。,,フェイシャルエステに通う適切な頻度は？目的別・年齢別に解説,1.フェイシャルエステの適切な頻度は？ | 2.【悩み別】フェイシャルエステの適切な頻度 | 3.フェイシャルエステの頻度を決めるポイント | まとめ | 関連記事 | お近くのサロンを探す | ジュビラン サロン検索 | カテゴリー,
bikatsu,https://www.bikatsu.jp/blog/bridal-beauty06/,bridal-beauty06,2023-12-09T05:25:57Z,ブライダルエステに関するQ＆A｜エステティック ジュビラン,ブライダルエステを受けるときに、気になる点とその回答をQ＆A形式で紹介していきます。,,ブライダルエステに関するQ＆A,Q.ブライダルエステには、どれくらい前から通うのがよいのか？ | Q.ブライダルエステに通う頻度や間隔はどれくらいが適切か？ | Q.結婚式直前の1回だけでも受けれますか？ | Q.1回の施術にかかる時間はどれくらいですか？ | Q.最後のブライダルエステは結婚式の何日前に受けるのがベストなの？ | Q.ブライダルエステとは別にブライダルシェービングを受けても大丈夫？ | Q.妊娠中でも大丈夫？ | Q.敏感肌でもエステは受けられる？,
bikatsu,https://www.bikatsu.jp/blog/bridal-beauty05/,bridal-beauty05,2023-12-23T01:46:53Z,体験者に聞く！ブライダルエステを受けて良かった？それとも？｜エステティック ジュビラン,ブライダルエステを受けて良かったかどうかについて、体験者女性100人を対象にアンケート調査を行いました。ブライダルエステを検討している人の参考にしてみてください。,,体験者に聞く！ブライダルエステを受けて良かった？それとも？,【ブライダルエステを受けたことのある方に質問】ブライダルエステをやって良かった？後悔した？ | 約8割の女性が満足！納得できる状態に仕上げられた | 満足できなかった女性は約2割！肌トラブルを起こした人も | まとめ | 関連記事 | お近くのサロンを探す | ジュビラン サロン検索 | カテゴリー,
bikatsu,https://www.bikatsu.jp/blog/bridal-beauty04/,bridal-beauty04,2023-12-23T01:45:55Z,白無垢などの和装ウエディングの場合もブライダルエステは必要？｜エステティック ジュビラン,結婚式を和装で行う場合のエステの必要性ややっておくべき部位などについて紹介していきます。,,白無垢などの和装ウエディングの場合もブライダルエステは必要？,和装・白無垢でもブライダルエステを受けるべき理由 | 和装・白無垢の場合におすすめの施術部位 | 和装・白無垢なら自分でケアしても大丈夫？ | 和装・白無垢のブライダルエステってどんなもの？ | まとめ | 関連記事 | お近くのサロンを探す | ジュビラン サロン検索,
bikatsu,https://www.bikatsu.jp/blog/bridal-beauty03/,bridal-beauty03,2024-03-08T06:10:23Z,ブライダルエステいつから受ける？予約から挙式までのスケジュールは？｜エステティック ジュビラン,ウェディングドレスなどの花嫁衣装を着こなすにはお肌のケアが大切です。そのために、ブライダルエステを受けるのがおすすめです。ブライダルエステの予約から挙式までのスケジュールについて説明していきます。,,ブライダルエステいつから受ける？予約から挙式までのスケジュールは？,みんなはいつ頃ブライダルエステを予約している？ | ブライダルエステをいつから予約すればいいか迷う場合の考え方 | ブライダルエステの予約時期やスケジュールの目安 | まとめ | 関連記事 | お近くのサロンを探す | ジュビラン サロン検索 | カテゴリー,
bikatsu,https://www.bikatsu.jp/blog/bridal-beauty02/,bridal-beauty02,2023-12-23T01:55:08Z,ブライダルエステ、それぞれの部位の効果やメリットを紹介！｜エステティック ジュビラン,ブライダルエステについて、それぞれの体の部位ごと具体的にどのような効果が期待できるのか詳しくご紹介します。,,ブライダルエステ、それぞれの部位の効果やメリットを紹介！,ブライダルエステの効果はどれくらいで出る？ | 気になる部位のブライダルエステの効果やメリット | まとめ | 関連記事 | お近くのサロンを探す | ジュビラン サロン検索 | カテゴリー | 新着コラム,
bikatsu,https://www.bikatsu.jp/blog/bridal-beauty01/,bridal-beauty01,2024-03-08T06:03:26Z,ブライダルエステは必要？効果やメリットをご紹介｜エステティック ジュビラン,当記事では、肌の悩みを解消して自信をもって式に臨むためにブライダルエステについて詳しく効果やメリットをご紹介します。,,ブライダルエステは必要？効果やメリットをご紹介,ブライダルエステと普通のエステの違いとは？ | ブライダルエステの内容は？ | 何回くらい通えばいいの？ | いつから始めればいいの？ | ブライダルエステを受けるメリット・デメリット | まとめ | 関連記事 | お近くのサロンを探す,
bikatsu,https://www.bikatsu.jp/blog/market-price/,market-price,2024-01-31T08:37:17Z,フェイシャルエステの相場と特長｜エステティック ジュビラン,,,フェイシャルエステの相場と特長,"価格帯3,000円以下のサロン | 価格帯3,000円～10,000円のサロン | 価格帯10,000円～25,000円のサロン | 価格帯25,000円～のサロン | ジュビランの価格帯と特長 | まとめ | 関連記事 | お近くのサロンを探す",
bikatsu,https://www.bikatsu.jp/blog/trial/,trial,2024-01-31T08:53:59Z,"エステの""お試し体験""って受けて大丈夫？後悔しないためのコツ｜エステティック ジュビラン",,,エステの“お試し体験”って受けて大丈夫？後悔しないためのコツ,内容は無料～数千円まで千差万別 | クチコミはチェックしておこう | 初心者が“お試し体験”より注意しておくべきこと | ジュビランの“お試し体験” | まとめ | 関連記事 | お近くのサロンを探す | ジュビラン サロン検索,
bikatsu,https://www.bikatsu.jp/blog/first-time/,first-time,2024-01-31T09:45:23Z,初めてのエステの選び方｜エステティック ジュビラン,,,初めてのエステの選び方,はじめに意識しておきたいこと | サロン選びのポイント | まとめ | ジュビランエステの紹介 | 関連記事 | お近くのサロンを探す | ジュビラン サロン検索 | カテゴリー,
bikatsu,https://www.bikatsu.jp/blog/facial-beauty-20240507/,facial-beauty-20240507,2024-05-07T01:56:52Z,GW明けの疲れをフェイシャルエステでリフレッシュ♪｜エステティック ジュビラン,,,GW明けの疲れをフェイシャルエステでリフレッシュ♪,ゴールデンウィーク前のケア | ゴールデンウィーク中のケア | ゴールデンウィーク後のケア | まとめ | 関連記事 | お近くのサロンを探す | ジュビラン サロン検索 | カテゴリー,
bikatsu,https://www.bikatsu.jp/blog/20240902-1/,20240902-1,2024-09-02T01:08:41Z,エステメニュー及びエステ用化粧品リニューアルのご案内｜エステティック ジュビラン,,,エステメニュー及びエステ用化粧品リニューアルのご案内,関連記事 | お近くのサロンを探す | ジュビラン サロン検索 | カテゴリー | 新着コラム | 人気ランキング,
bikatsu,https://www.bikatsu.jp/blog/autumn-skin-care/,autumn-skin-care,2025-07-15T07:39:04Z,秋枯れ肌になってない？早目の対応で秋の美しい季節を楽しもう｜エステティック ジュビラン,,,秋枯れ肌になってない？早目の対応で秋の美しい季節を楽しもう,秋枯れ肌とは？ | 秋枯れ肌の主な原因 | 秋枯れ肌の具体的な症状 | 秋枯れ肌の解消方法 | エステの選び方 | まとめ | 関連記事 | お近くのサロンを探す,
bikatsu,https://www.bikatsu.jp/blog/20250507-2/,20250507-2,2025-05-09T04:17:25Z,エル エスポーネクリーム処方変更のご案内｜エステティック ジュビラン,,,エル エスポーネクリーム処方変更のご案内,関連記事 | お近くのサロンを探す | ジュビラン サロン検索 | カテゴリー | 新着コラム | 人気ランキング,
bikatsu,https://www.bikatsu.jp/blog/makeup-pores/,makeup-pores,2025-06-18T08:42:53Z,毛穴落ちはなぜ起こる？下地やマスクによる影響やすぐできる対策を紹介｜エステティック ジュビラン,,,毛穴落ちはなぜ起こる？下地やマスクによる影響やすぐできる対策を紹介,毛穴落ちってどんな状態？毛穴詰まりや毛穴浮きとの違いは？ | 毛穴落ちが起きる原因は？下地やマスクは影響する？ | 毛穴落ちを防ぐ対策5つ！時間が経っても美しい仕上がりを目指そう | まとめ | 関連記事 | お近くのサロンを探す | ジュビラン サロン検索 | カテゴリー,
bikatsu,https://www.bikatsu.jp/blog/pores-cheek-nose/,pores-cheek-nose,2025-06-18T08:41:42Z,毛穴浮きの原因と対策まとめ！頬や鼻の白いポツポツはどう防ぐ？｜エステティック ジュビラン,,,毛穴浮きの原因と対策まとめ！頬や鼻の白いポツポツはどう防ぐ？,毛穴浮きの原因は皮脂の過剰分泌にあり！毛穴の状態をしっかりと見極めよう | 毛穴浮きを防ぐメイク・スキンケア方法4選｜頬や鼻の白いポツポツを防ごう | 毛穴浮きが気になるときはメイク直しもアリ！きれいに見える手直し方法とは | まとめ | 関連記事 | お近くのサロンを探す | ジュビラン サロン検索 | カテゴリー,
bikatsu,https://www.bikatsu.jp/blog/facial-sebum/,facial-sebum,2025-05-30T09:21:44Z,,,,,,The read operation timed out
bikatsu,https://www.bikatsu.jp/blog/tightens-pores/,tightens-pores,2025-05-30T09:23:33Z,毛穴を引き締める方法は？目立つ原因やおすすめのスキンケア術を紹介｜エステティック ジュビラン,,,毛穴を引き締める方法は？目立つ原因やおすすめのスキンケア術を紹介,毛穴が目立つ原因とは | 毛穴が汚れる5つの原因 | 毛穴を引き締めるスキンケア術 | 毛穴を引き締めるためのポイント | まとめ | 関連記事 | お近くのサロンを探す | ジュビラン サロン検索,
bikatsu,https://www.bikatsu.jp/blog/aging-care/,aging-care,2025-05-30T09:24:37Z,,,,,,The read operation timed out
bikatsu,https://www.bikatsu.jp/blog/skin-texture/,skin-texture,2025-05-30T09:25:21Z,,,,,,The read operation timed out
bikatsu,https://www.bikatsu.jp/blog/beauty-salon-notes/,beauty-salon-notes,2025-05-30T09:26:02Z,フェイシャルエステは意味ない？肌への効果や通う際に気を付けたい5つの注意点を解説｜エステティック ジュビラン,,,フェイシャルエステは意味ない？肌への効果や通う際に気を付けたい5つの注意点を解説,フェイシャルエステが意味ないといわれる理由は？かえって肌に悪いって本当？ | フェイシャルエステの効果とは？毛穴・ニキビ・シミに悩む人が行く意味とは | フェイシャルエステで後悔しないための注意点5つ | まとめ | 関連記事 | お近くのサロンを探す | ジュビラン サロン検索 | カテゴリー,
bikatsu,https://www.bikatsu.jp/blog/makeup-sits/,makeup-sits,2025-06-18T06:28:02Z,,,,,,The read operation timed out
bikatsu,https://www.bikatsu.jp/blog/blemish-30-40-50/,blemish-30-40-50,2025-07-29T03:52:06Z,,,,,,The read operation timed out
bikatsu,https://www.bikatsu.jp/blog/skin-firmness-improvement/,skin-firmness-improvement,2025-07-29T03:49:38Z,,,,,,The read operation timed out
bikatsu,https://www.bikatsu.jp/blog/skin-texture-30s/,skin-texture-30s,2025-07-29T03:49:51Z,,,,,,The read operation timed out
bikatsu,https://www.bikatsu.jp/blog/dullness-cause-countermeasure/,dullness-cause-countermeasure,2025-07-29T03:50:40Z,,,,,,The read operation timed out
bikatsu,https://www.bikatsu.jp/blog/complexion-improvement/,complexion-improvement,2025-07-29T03:51:33Z,肌印象が変わる！「顔色を良くする方法」で自分史上最高の明るい肌へ｜エステティック ジュビラン,,,肌印象が変わる！「顔色を良くする方法」で自分史上最高の明るい肌へ,なぜ顔色は悪くなる？ 30代からの肌変化と主な原因 | 自宅ケアでできること、でも限界も…？ セルフケアの落とし穴 | エステティック ジュビランで叶える「顔色改善」 | まとめ | 関連記事 | お近くのサロンを探す | ジュビラン サロン検索 | カテゴリー,
bikatsu,https://www.bikatsu.jp/blog/nasolabial-folds/,nasolabial-folds,2025-07-29T03:52:33Z,ほうれい線対策の完全ガイド！年代別の原因からセルフケア、そしてプロのケアまで｜エステティック ジュビラン,,,ほうれい線対策の完全ガイド！年代別の原因からセルフケア、そしてプロのケアまで,【年代別】あなたのほうれい線、なぜ深くなる？主な原因を徹底解説 | 自宅でできるほうれい線対策｜日々の積み重ねと知っておきたい限界 | 本気でほうれい線ケアを考えるならフェイシャルエステという選択 | まとめ | 関連記事 | お近くのサロンを探す | ジュビラン サロン検索 | カテゴリー,
bikatsu,https://www.bikatsu.jp/blog/swelling/,swelling,2025-07-29T03:52:50Z,つらい「むくみ」を根本から解消！原因別セルフケアと本格エステで理想の自分へ｜エステティック ジュビラン,,,つらい「むくみ」を根本から解消！原因別セルフケアと本格エステで理想の自分へ,つらい「むくみ」の正体とは？その原因と放置するリスク | 今日から実践！自分でできるむくみスッキリセルフケア | セルフケアだけでは物足りない？フェイシャルエステで目指す、本格むくみケアと理想の自分 | まとめ | 関連記事 | お近くのサロンを探す | ジュビラン サロン検索 | カテゴリー,
bikatsu,https://www.bikatsu.jp/blog/20260302-1-2/,20260302-1-2,2026-04-20T09:24:04Z,電解水素水生成器＜hydy＞キャンペーン｜エステティック ジュビラン,,,電解水素水生成器＜hydy＞キャンペーン,関連記事 | お近くのサロンを探す | ジュビラン サロン検索 | カテゴリー | 新着コラム | 人気ランキング,
bikatsu,https://www.bikatsu.jp/blog/20260331-1/,20260331-1,2026-04-01T07:52:43Z,「頑張るほど肌が不安定になる？」フェイシャルエステの現場で見えた現代スキンケアの新しい課題｜エステティック ジュビラン,,,「頑張るほど肌が不安定になる？」フェイシャルエステの現場で見えた現代スキンケアの新しい課題,■情報が増えた時代に起きているスキンケアの変化 | ■忙しさと環境変化が、肌のゆらぎを加速させる | ■「効率重視」のスキンケアが増えた理由 | ■現場で見えてきた課題：「良いものを少量だけ使う」 | ■肌には“整える時間”と“休ませる時間”が必要 | ■忙しい現代に求められる“完結型ケア”という選択 | ■サロン現場から生まれたホームケアの新提案 | ■夜こそ、肌を育む時間,
bikatsu,https://www.bikatsu.jp/blog/estrogen/,estrogen,2026-04-28T06:01:34Z,エストロゲン低下による肌トラブルとは？原因と対策をわかりやすく解説｜エステティック ジュビラン,,,エストロゲン低下による肌トラブルとは？原因と対策をわかりやすく解説,ここ数年で、こんな変化を感じていませんか？ | エストロゲンとは？ | 年齢とともに変化を感じる理由 | エストロゲン低下で起こる肌トラブル | スキンケアを変えていないのに合わなくなる理由 | ではどうすればいい？ | フェイシャルエステの役割。年齢による変化にどう対応するか | 年齢を理由にする前に、ケアの選び方を見直す,
bikatsu,https://www.bikatsu.jp/blog/menopause/,menopause,2026-04-28T06:47:48Z,更年期女性に多い症状とは？疲れ・イライラ・たるみの原因と改善方法を解説｜エステティック ジュビラン,,,更年期女性に多い症状とは？疲れ・イライラ・たるみの原因と改善方法を解説,更年期とは？女性の心・体・肌が変化しやすい時期です | 更年期症状セルフチェック | 「更年期かな？」と思ったら、我慢しすぎず病院へ | 「病院に行くほどじゃないけどつらい」が一番しんどい | 顔に出ると、一気に気持ちまで落ちることもあります | 更年期こそ自分のことを後回しにしない | 更年期を少しラクにするためにできること | エステで気持ちを前向きにしましょう,
bikatsu,https://www.bikatsu.jp/blog/20260507-1/,20260507-1,2026-05-07T01:48:30Z,「エメラルドボックス」発売のお知らせ｜エステティック ジュビラン,,,「エメラルドボックス」発売のお知らせ,関連記事 | お近くのサロンを探す | ジュビラン サロン検索 | カテゴリー | 新着コラム | 人気ランキング,
bikatsu,https://www.bikatsu.jp/blog/mothers-bridal-treatments/,mothers-bridal-treatments,2026-05-19T07:43:25Z,結婚式前、母親世代にも人気のブライダルエステとは？｜エステティック ジュビラン,,,結婚式前、母親世代にも人気のブライダルエステとは？,花嫁の母・花婿の母として迎える特別な一日に向けて | 結婚式では、ご両親の印象も自然と残ります | “母として迎える日”だからこその緊張もあります | 母親世代に人気なのは“頑張りすぎない美容” | 「エステは初めて」という方も多く来店されています | 結婚式前はいつ頃から始めるのがおすすめ？ | 結婚式当日を、安心した気持ちで迎えるために | 関連記事,
bikatsu,https://www.bikatsu.jp/blog/20260601-1/,20260601-1,2026-05-19T06:53:27Z,サンクスフェア2026 summer｜エステティック ジュビラン,,,サンクスフェア2026 summer,関連記事 | お近くのサロンを探す | ジュビラン サロン検索 | カテゴリー | 新着コラム | 人気ランキング,
bikatsu,https://www.bikatsu.jp/blog/20260601-2/,20260601-2,2026-05-19T07:10:41Z,Oegajuキャンペーン｜エステティック ジュビラン,,,Oegajuキャンペーン,関連記事 | お近くのサロンを探す | ジュビラン サロン検索 | カテゴリー | 新着コラム | 人気ランキング,
clubpilates,https://clubpilates.co.jp/official_ambassador_tanaka_rie/,official_ambassador_tanaka_rie,2026-05-13T08:13:03+00:00,元体操日本代表 田中理恵さん、クラブピラティス公式アンバサダーに就任 | 世界最大級のマシンピラティススタジオ - CLUB PILATES（クラブピラティス）【公式】,このたびクラブピラティスでは、「コミュニティプロジェクト」をスタートいたします。 通う目的や年齢・性別、ライフ,,元体操日本代表 田中理恵さん、クラブピラティス公式アンバサダーに就任,無料体験クラス開催中,
clubpilates,https://clubpilates.co.jp/the-time/,the-time,2025-09-18T05:55:10+00:00,TBS番組「THE TIME」でクラブピラティスが紹介されました！ | 世界最大級のマシンピラティススタジオ - CLUB PILATES（クラブピラティス）【公式】,9月18日(木)の「THE TIME」で、クラブピラティス代官山スタジオを取材された様子が放送されました。第三,,TBS番組「THE TIME」でクラブピラティスが紹介されました！,無料体験クラス開催中,
clubpilates,https://clubpilates.co.jp/ホームページをリニューアルしました/,ホームページをリニューアルしました,2025-05-23T07:03:24+00:00,,,,,,'ascii' codec can't encode characters in position 5-21: ordinal not in range(128)
rintosull,https://rintosull.jp/column/,column,,コラム｜マシンピラティススタジオRintosull（リントスル）,マシンピラティススタジオRintosull（リントスル）が『ピラティスってどんなエクササイズ？』や『ピラティスとマシンピラティスの違いは？』など、マシンピラティスについて知っておきたい基礎知識や役立つ情報をご紹介します。,,コラム,初めてでも安心！まずは体験会へ | コラム,
rintosull,https://rintosull.jp/column/author/,author,,監修者一覧｜マシンピラティススタジオRintosull（リントスル）,,,監修者一覧,監修者一覧 | よく読まれている記事,
rintosull,https://rintosull.jp/column/difference-between-pilates-and-machine-pilates/,difference-between-pilates-and-machine-pilates,,ピラティスとマシンピラティスの違いは何？初心者向けにピラティスとマシンピラティスの違いを徹底解説！｜マシンピラティススタジオRintosull（リントスル）,ピラティスとマシンピラティスの違いは何？ピラティスとマシンピラティスの違いについて、全国にマシンピラティススタジオを展開するRintosull(リントスル)が徹底解説！初心者の方にもわかりやすいようにピラティスとマシンピラティスの違いについて詳しく解説します。,,ピラティスとマシンピラティスの違いは何？初心者向けにピラティスとマシンピラティスの違いを徹底解説！,ピラティスとマシンピラティスって何が違うの？ピラティスとマシンピラティスの違いを徹底解説！ | ピラティスとマシンピラティスって、何が違うの？ | ピラティスとマシンピラティスはこんな方におススメ | 結論、ピラティスとマシンピラティスはどっちがいいの？ | マシンピラティス体験談：30代女性の場合 | マシンピラティスの体験・スタジオ見学なら、マシンピラティススタジオRintosullへ | この記事を書いた人 | よく読まれている記事,
rintosull,https://rintosull.jp/column/difference-between-pilates-and-yoga/,difference-between-pilates-and-yoga,,ピラティスとヨガの違いは何？初心者向けにピラティスとヨガの違いを徹底解説！｜マシンピラティススタジオRintosull（リントスル）,ピラティスとヨガの違いは何？ピラティスとヨガの違いについて、全国にマシンピラティススタジオを展開するRintosull(リントスル)がピラティスについて徹底解説！初心者の方にもわかりやすいようにピラティスとヨガの違いについて詳しく解説します。,,ピラティスとヨガの違いは何？初心者向けにピラティスとヨガの違いを徹底解説！,ピラティスとヨガって何が違うの？ピラティスとヨガの違いを徹底解説！ | ピラティスとヨガって、何が違うの？ | ピラティスとヨガのメリット、デメリット | ピラティスとヨガはこんな方におススメ | 結論、ピラティスとヨガはどっちがいいの？ | マシンピラティス体験談：30代女性の場合 | マシンピラティスの体験・スタジオ見学なら、マシンピラティススタジオRintosullへ | この記事を書いた人,
rintosull,https://rintosull.jp/column/effective-machine-pilates-guide/,effective-machine-pilates-guide,,マシンピラティスは通う回数や期間で体型が変化する。効果的なマシンピラティスの通い方とは？｜マシンピラティススタジオRintosull（リントスル）,マシンピラティスの効果的な通い方、体型の変化や通う回数について。全国にマシンピラティススタジオを展開するRintosull(リントスル)が徹底解説！初心者の方にもわかりやすいように体験談を交えて効果的な通い方、体型の変化を詳しく解説します。,,マシンピラティスは通う回数や期間で体型が変化する。効果的なマシンピラティスの通い方とは？,マシンピラティスは通う回数や期間で体型が変化する。効果的なマシンピラティスの通い方とは？ | マシンピラティスに通うことで体型や姿勢はどのように変わるのか？ | マシンピラティスで体型変化を感じるまでの期間はどれくらい？ | マシンピラティスで体型が変化する期間・回数 | マシンピラティスを続けることで得られる体型の変化と特徴 | マシンピラティスの体型の変化に関するよくある質問 | 【体験談】マシンピラティスを4ヶ月以上通って体型が変わった人の体験談 | マシンピラティスを続けて、理想の体型を手に入れよう！,
rintosull,https://rintosull.jp/column/machine-pilates-terms/,machine-pilates-terms,,マシンピラティスの基本用語を知って楽しもう！マシンピラティス基本用語一覧｜マシンピラティススタジオRintosull（リントスル）,マシンピラティスの基本用語一覧。マシンピラティスレッスンに良く出てくるマシンピラティス用語やエクササイズを、全国にマシンピラティススタジオを展開するRintosull(リントスル)が徹底解説！初心者の方にもわかりやすいように詳しく写真付きで解説します。​,,マシンピラティスの基本用語を知って楽しもう！マシンピラティス基本用語一覧,マシンピラティスの基本用語を知って楽しもう！マシンピラティス基本用語一覧 | ピラティスの基本用語を徹底解説！ピラティス基本用語 | マシンピラティスでよく使われる用語(ポーズ・動き) | マシンピラティスリフォーマーの特徴と用語まとめ | マシンピラティスでよく使われる用語（カラダの部位）10選 | マシンピラティスの体験・スタジオ見学なら、マシンピラティススタジオRintosullへ | この記事を書いた人 | よく読まれている記事,
rintosull,https://rintosull.jp/column/machine-pilates-who-is-it-for/,machine-pilates-who-is-it-for,,マシンピラティスに向いている人、向いていない人っているの？マシンピラティスの効果とは｜マシンピラティススタジオRintosull（リントスル）,マシンピラティスに向いている人、向いていない人っているの？マシンピラティスの効果について、全国にマシンピラティススタジオを展開するRintosull(リントスル)が徹底解説！初心者の方にもわかりやすいようにピラティスに向いている人について詳しく解説します。,,マシンピラティスに向いている人、向いていない人っているの？マシンピラティスの効果とは,マシンピラティスに向いている人、向いていない人っているの？マシンピラティスに向いている人を徹底解説！ | そもそもマシンピラティスってなに？ | マシンピラティスってどんな人に向いてるの？ | マシンピラティスの効果的な通い方 | マシンピラティスはこんな方に向いています | マシンピラティスに向いていない方 | 結論、マシンピラティスに向いている人、向いていない人はいるの？ | マシンピラティス体験談：30代女性の場合,
rintosull,https://rintosull.jp/column/pilates-lower-back-pain/,pilates-lower-back-pain,,マシンピラティスで腰痛改善を目指す！再発させない身体づくりの秘訣とは｜マシンピラティススタジオRintosull（リントスル）,マッサージをしても腰痛がすぐ戻る方へ。インナーマッスルの弱さという根本原因にアプローチしやすいマシンピラティスが、なぜ腰痛の再発防止に取り組めるのかを専門家が徹底解説します。,,マシンピラティスで腰痛改善を目指す！再発させない身体づくりの秘訣とは,腰痛が再発し続ける本当の理由を知っていますか？ | その場しのぎのケアから卒業！なぜマッサージだけでは再発しやすいのか | あなたの腰痛の原因は？デスクワークや育児に潜む3つの要因 | マシンピラティスが腰痛改善をサポートする5つの理由 | 腰痛改善ならマットよりマシンピラティスがおすすめな理由 | 腰痛タイプ別｜マシンピラティスのアプローチ | 腰痛を悪化させないために！始める前に知っておくべき3つの注意点 | よくある質問,
rintosull,https://rintosull.jp/column/pilates-muscle-pain/,pilates-muscle-pain,,ピラティスの筋肉痛は大丈夫？専門家が教える原因と正しい対処法｜マシンピラティススタジオRintosull（リントスル）,ピラティスの筋肉痛は大丈夫？良い痛みと悪い痛みの違い、原因、正しい対処法を専門家が解説。初心者でも安心して続けられるポイントをご紹介します。,,ピラティスの筋肉痛は大丈夫？専門家が教える原因と正しい対処法,ピラティスで筋肉痛が起きるのは大丈夫？専門家が詳しく解説 | ピラティスで筋肉痛が起こる5つの主な原因 | ピラティス後の痛みは大丈夫？「良い痛み」と「悪い痛み」の見分け方 | 【レベル別】マシンピラティス後の筋肉痛の正しい対処法 | 筋肉痛がある時、次のレッスンは受けても大丈夫？ | 筋肉痛を予防して、ピラティスの効果を最大化するコツ | 筋肉痛がなくても効果は出ています | 初心者でも安心！専門家と始めるマシンピラティス,
rintosull,https://rintosull.jp/column/pilates-pms/,pilates-pms,,ピラティスはPMSに効果的？生理痛・生理前の不調をやわらげる方法｜マシンピラティススタジオRintosull（リントスル）,ピラティスはPMSや生理痛に効果的？生理中にやっても大丈夫？マシンピラティスが不調を整える理由から、症状別のおすすめエクササイズ、生理周期の活用法まで、専門家がわかりやすく解説します。,,ピラティスはPMSに効果的？生理痛・生理前の不調をやわらげる方法,PMSとは？生理前に起こりやすい心と体のサイン | なぜピラティスがPMS・生理痛に効果的なのか？3つの理由 | 生理中にピラティスはやっても大丈夫？OK・NGの動きを解説 | 【症状別】自宅でできるPMS改善ピラティス | マシンピラティスはPMS改善に効果的？マットとの違い | 生理周期に合わせたピラティスの取り入れ方 | 生理中にピラティスを行う際の注意点 | PMS改善のためのスタジオ選びのポイント,
rintosull,https://rintosull.jp/column/pilates-posture-improvement/,pilates-posture-improvement,,ピラティスで姿勢改善！デスクワーク疲れを解消する効果的な方法とは｜マシンピラティススタジオRintosull（リントスル）,デスクワークで肩こり・腰痛に悩む方必見！ピラティスで姿勢改善する方法と、Rintosullのおすすめレッスンをご紹介。初心者でも安心＆無料体験あり。(リントスル)が徹底解説！初心者の方にもわかりやすいように詳しく写真付きで解説します。​,,ピラティスで姿勢改善！デスクワーク疲れを解消する効果的な方法とは,ピラティスで姿勢改善！デスクワーク疲れを解消するRintosull流レッスン | デスクワークで崩れる姿勢の特徴とリスク | マシンピラティススタジオRintosull(リントスル)のおすすめレッスンと特徴 | ピラティス初心者必見！Rintosullによくある質問 | マシンピラティスの体験・スタジオ見学なら、マシンピラティススタジオRintosullへ | この記事を書いた人 | よく読まれている記事,
rintosull,https://rintosull.jp/column/pilates-sori-koshi/,pilates-sori-koshi,,反り腰の原因とは？セルフチェック方法とマシンピラティスでのケアを徹底解説！｜マシンピラティススタジオRintosull（リントスル）,「ぽっこりお腹が気になる」「腰まわりがいつも重だるい」その悩み、反り腰が原因かもしれません。セルフチェック方法から原因・日常ケア・マシンピラティスでのアプローチまでわかりやすく解説します。,,反り腰の原因とは？セルフチェック方法とマシンピラティスでのケアを徹底解説！,そのぽっこりお腹、反り腰が原因かも？まずセルフチェック | 反り腰になりやすい3つの原因 | なぜピラティスが反り腰ケアに向いていると言われるのか | 反り腰の方が知っておきたいNGエクササイズ | 自宅でできる反り腰ケアのストレッチ（準備編） | マシンピラティスならではのアプローチとは | 日常生活で反り腰を悪化させない3つのポイント | 初心者でも安心！専門家と始めるマシンピラティス,
rintosull,https://rintosull.jp/column/pilates-terms/,pilates-terms,,ピラティス用語を知って、ピラティスを楽しもう｜マシンピラティススタジオRintosull（リントスル）,ピラティス用語一覧。ピラティスやマシンピラティスレッスンに良く出てくるピラティス用語を、全国にマシンピラティススタジオを展開するRintosull(リントスル)が徹底解説！初心者の方にもわかりやすいようにピラティス用語を詳しく解説します。,,ピラティス用語を知って、ピラティスを楽しもう,ピラティス用語を知って、ピラティスを楽しもう | ピラティスの基本用語を徹底解説！ピラティス基本用語 | ピラティスでよく使われる用語(エクササイズ・動き)20選 | ピラティスでよく使われる用語（カラダの部位）10選 | マシンピラティスの体験・スタジオ見学なら、マシンピラティススタジオRintosullへ | この記事を書いた人 | よく読まれている記事,
rintosull,https://rintosull.jp/column/pilates-wear/,pilates-wear,,マシンピラティスにピッタリ！ピラティスウエア(服装)の選ぶ6つのポイントとおススメのピラティスウエアをご紹介｜マシンピラティススタジオRintosull（リントスル）,マシンピラティスにピッタリ！ピラティスウエア(服装)の選ぶ6つのポイントとは！マシンピラティスにおススメのプラティスウエアについて、全国にマシンピラティススタジオを展開するRintosull(リントスル)が徹底解説！初心者の方向けに人気のピラティスウエアもご紹介。,,マシンピラティスにピッタリ！ピラティスウエア(服装)の選ぶ6つのポイントとおススメのピラティスウエアをご紹介,ピラティスやマシンピラティスにピッタリのピラティスウエア(服装)ってあるの？ | マシンピラティス専用のウエアってあるの？ | マシンピラティスウエアを選ぶ6つのポイント | マシンピラティスには、このマシンピラティスウエア(服装)がおススメ！ | マシンピラティスの体験・スタジオ見学なら、マシンピラティススタジオRintosullへ | この記事を書いた人 | よく読まれている記事,
rintosull,https://rintosull.jp/column/what-is-pilates/,what-is-pilates,,ピラティスとは？初心者向けにピラティスの効果や魅力を徹底解説！｜マシンピラティススタジオRintosull（リントスル）,ピラティスとは？全国にマシンピラティススタジオを展開するRintosull(リントスル)がピラティスについて徹底解説！マシンピラティスのメソッドやエクササイズを中心に、初心者の方にもわかりやすいようにピラティスについて詳しく解説します。,,ピラティスとは？初心者向けにピラティスの効果や魅力を徹底解説！,ピラティスって何？ピラティスを徹底解説！ | ピラティスってよく聞くけど、何ですか？ | ピラティスってどういう効果があるの？ピラティスの効果について | ピラティスは誰でもできるの？ピラティスはこんな方におススメ | ピラティスを行うときの注意点 | ピラティスにおススメのピラティスウェア | ピラティス初心者必見！ピラティスによくある質問 | マシンピラティスの体験・スタジオ見学なら、マシンピラティススタジオRintosullへ,
shiga-seitai,https://shiga-seitai.jp/seitai-column/thaimassage-yoga.html,thaimassage-yoga.html,2022-09-29T06:42:09+00:00,タイ式マッサージとヨガ | 滋賀 守山市整体HOPE【18年/口コミ4.8】骨盤から根本改善 ストレッチで優しく 守山で人気・おすすめ整体院,"滋賀県にある整体で姿勢と骨盤を整え、肩こり・腰痛の根本改善｜ストレッチ×整体HOPE｜10,000人以上の整体実績！90％の方が身体の変化を実感！滋賀県全域からお越しいただいています。女性が来店しやすい整体院。完全個室・予約制・駐車場完備。猫背、骨盤の歪み、原因不明の不調、自律神経の乱れ等のご相談ください。","整体や体のこと・栄養,ピックアップ 整体コラム,滋賀の整体師が語る！からだのお悩みコラム,滋賀,整体,猫背,肩こり,腰痛,姿勢改善,姿勢,滋賀県,守山,守山市",タイ式マッサージとヨガ | 滋賀 守山市整体HOPE【18年/口コミ4.8】骨盤から根本改善 ストレッチで優しく 守山で人気・おすすめ整体院,"slug.'"">整体や体のこと・栄養slug.'"">ピックアップ 整体コラムslug.'"">滋賀の整体師が語る！からだのお悩みコラム | タイ式マッサージとヨガ | 滋賀 ストレッチ × 整体 HOPE | 整体や体のこと・栄養 | 滋賀の整体師が語る！からだのお悩みコラム | 滋賀の整体師が語る！からだのお悩みコラム",
shiga-seitai,https://shiga-seitai.jp/kids-seitai-column/schedule-2-4.html,schedule-2-4.html,2021-10-31T12:36:32+00:00,4月のスケジュール | 滋賀 守山市整体HOPE【18年/口コミ4.8】骨盤から根本改善 ストレッチで優しく 守山で人気・おすすめ整体院,滋賀で整体ならHOPE。4月からの重要なお知らせとスケジュールになります。コロナウイルスの影響により規模の縮小をさせて頂きます。ご迷惑をおかけするかもしれませんがご理解、ご協力のほどお願い致します。一刻も早い終息を心から願うばかりです。滋賀県(SHIGA) 整体 骨盤矯正で肩こり 腰痛 頭痛の根本改善 | 滋賀 守山市整体HOPE【18年/口コミ4.8】骨盤矯正×ストレッチ 根本改善 守山で人気・おすすめ整体院,"滋賀,整体,守山市,整体院のスケジュール,こどもの整体コラム,猫背,肩こり,腰痛,姿勢改善,姿勢,滋賀県,守山",4月のスケジュール | 滋賀 守山市整体HOPE【18年/口コミ4.8】骨盤から根本改善 ストレッチで優しく 守山で人気・おすすめ整体院,"slug.'"">整体院のスケジュールslug.'"">こどもの整体コラム | 4月のスケジュール | 滋賀 ストレッチ × 整体 HOPE | 整体院のスケジュール | HOPEからのお知らせ | HOPEからのお知らせ",
shiga-seitai,https://shiga-seitai.jp/seitai-column/seitai-thaimassage.html,seitai-thaimassage.html,2025-12-20T06:30:43+00:00,整体とタイ古式マッサージの関連性 | 滋賀 守山市整体HOPE【18年/口コミ4.8】骨盤から根本改善 ストレッチで優しく 守山で人気・おすすめ整体院,滋賀の整体院ストレッチ×整体HOPEのブログ。当店で施術している整体とタイ古式マッサージの違いとは？整体の経絡、タイ古式マッサージのセンについてご説明させて頂いております。2つとも歴史がある施術となりますので是非一度お試し下さいませ。滋賀県(SHIGA) 整体 骨盤矯正で肩こり 腰痛 頭痛の根本改善 | 滋賀 守山市整体HOPE【18年/口コミ4.8】骨盤矯正×ストレッチ 根本改善 守山で人気・おすすめ整体院,"滋賀,整体,タイ古式マッサージ,整体や体のこと・栄養,ピックアップ 整体コラム,滋賀の整体師が語る！からだのお悩みコラム,猫背,肩こり,腰痛,姿勢改善,姿勢,滋賀県,守山,守山市",整体とタイ古式マッサージの関連性 | 滋賀 守山市整体HOPE【18年/口コミ4.8】骨盤から根本改善 ストレッチで優しく 守山で人気・おすすめ整体院,"slug.'"">整体や体のこと・栄養slug.'"">ピックアップ 整体コラムslug.'"">滋賀の整体師が語る！からだのお悩みコラム | 整体とタイ古式マッサージの関連性 | 滋賀 ストレッチ × 整体 HOPE | 整体や体のこと・栄養 | 滋賀の整体師が語る！からだのお悩みコラム | 滋賀の整体師が語る！からだのお悩みコラム",
shiga-seitai,https://shiga-seitai.jp/seitai-column/sato-lymph-care.html,sato-lymph-care.html,2025-02-05T03:50:18+00:00,さとう式リンパケア | 滋賀 守山市整体HOPE【18年/口コミ4.8】骨盤から根本改善 ストレッチで優しく 守山で人気・おすすめ整体院,滋賀で整体ならHOPEで。当店では、服を着たままで行うリンパケア整体を行っております。揉まない、押さない、弱い力でリンパケアを行っていきます。滋賀で肩こり、腰痛、頭痛、原因不明の症状などでお悩みの方は是非一度お試し下さいませ。滋賀県(SHIGA) 整体 骨盤矯正で肩こり 腰痛 頭痛の根本改善 | 滋賀 守山市整体HOPE【18年/口コミ4.8】骨盤矯正×ストレッチ 根本改善 守山で人気・おすすめ整体院,"滋賀,整体,リンパケア,整体や体のこと・栄養,肩こり,ピックアップ 整体コラム,姿勢,骨盤,滋賀の整体師が語る！からだのお悩みコラム,頭痛,猫背,腰痛,姿勢改善,滋賀県,守山,守山市",さとう式リンパケア | 滋賀 守山市整体HOPE【18年/口コミ4.8】骨盤から根本改善 ストレッチで優しく 守山で人気・おすすめ整体院,"slug.'"">整体や体のこと・栄養slug.'"">肩こりslug.'"">ピックアップ 整体コラムslug.'"">姿勢slug.'"">骨盤slug.'"">滋賀の整体師が語る！からだのお悩みコラムslug.'"">頭痛 | さとう式リンパケア | 滋賀 ストレッチ × 整体 HOPE | 整体や体のこと・栄養 | 滋賀の整体師が語る！からだのお悩みコラム | 滋賀の整体師が語る！からだのお悩みコラム",
shiga-seitai,https://shiga-seitai.jp/pelvic-correction-column/kotuban-check.html,kotuban-check.html,2025-12-15T03:24:49+00:00,ご自宅で簡単！骨盤の歪みチェック | 滋賀 守山市整体HOPE【18年/口コミ4.8】骨盤から根本改善 ストレッチで優しく 守山で人気・おすすめ整体院,滋賀で整体をお探しならHOPEへ。ご自宅で出来る骨盤チェックです。骨盤歪んでいるのが気になる・・・まずは簡単なチェックでご確認ください。当店は骨盤矯正のプロが在籍しておりますのでお困りの方は是非ご相談ください。肩こり・むくみ・頭痛にも対応しております。滋賀でお悩みの女性は1度お試しくださいませ。,"滋賀,整体,骨盤矯正,骨盤矯正コラム,猫背,肩こり,腰痛,姿勢改善,姿勢,滋賀県,守山,守山市",ご自宅で簡単！骨盤の歪みチェック | 滋賀 守山市整体HOPE【18年/口コミ4.8】骨盤から根本改善 ストレッチで優しく 守山で人気・おすすめ整体院,"slug.'"">骨盤矯正コラム | ご自宅で簡単！骨盤の歪みチェック | 滋賀 ストレッチ × 整体 HOPE | 骨盤矯正コラム",
shiga-seitai,https://shiga-seitai.jp/seitai-column/covid19-stress.html,covid19-stress.html,2021-07-03T04:16:18+00:00,新型コロナウイルスでストレス感じない為の4つの方法 | 滋賀 守山市整体HOPE【18年/口コミ4.8】骨盤から根本改善 ストレッチで優しく 守山で人気・おすすめ整体院,滋賀の整体院HOPEです。新型コロナウイルスの影響で我慢する事が増加してきています。我慢はストレスが溜まってしまい、自律神経の乱れで交感神経が優位になってしまい攻撃的になります。今回は、コロナウイルスで溜まったストレスの発散方法を4つご提案させて頂きます。ぜひ、ご参考にしてくださいませ。,"滋賀,整体,自律神経,整体や体のこと・栄養,コロナウイルス関連,ピックアップ 整体コラム,滋賀の整体師が語る！からだのお悩みコラム,猫背,肩こり,腰痛,姿勢改善,姿勢,滋賀県,守山,守山市",新型コロナウイルスでストレス感じない為の4つの方法 | 滋賀 守山市整体HOPE【18年/口コミ4.8】骨盤から根本改善 ストレッチで優しく 守山で人気・おすすめ整体院,"slug.'"">整体や体のこと・栄養slug.'"">コロナウイルス関連slug.'"">ピックアップ 整体コラムslug.'"">滋賀の整体師が語る！からだのお悩みコラム | 新型コロナウイルスでストレス感じない為の4つの方法 | 滋賀 ストレッチ × 整体 HOPE | 整体や体のこと・栄養 | 滋賀の整体師が語る！からだのお悩みコラム | 滋賀の整体師が語る！からだのお悩みコラム",
shiga-seitai,https://shiga-seitai.jp/seitai-column/orientalmedicine-gyosai.html,orientalmedicine-gyosai.html,2022-04-14T04:35:34+00:00,滋賀県の整体師がおすすめする簡単ツボ押し 風邪・肺 | 滋賀 守山市整体HOPE【18年/口コミ4.8】骨盤から根本改善 ストレッチで優しく 守山で人気・おすすめ整体院,滋賀で整体ならストレッチ×整体HOPEに。今回は現在の状況に最適である風邪・肺に良いと言われている魚際のツボのご紹介。当店の整体は東洋医学をベースにしております。原因不明な症状は是非、1度東洋医学に頼ってみてはいかがでしょうか？滋賀県(SHIGA) 整体 骨盤矯正で肩こり 腰痛 頭痛の根本改善 | 滋賀 守山市整体HOPE【18年/口コミ4.8】骨盤矯正×ストレッチ 根本改善 守山で人気・おすすめ整体院,"滋賀,整体,自律神経,整体や体のこと・栄養,ピックアップ 整体コラム,滋賀の整体師が語る！からだのお悩みコラム,東洋医学,猫背,肩こり,腰痛,姿勢改善,姿勢,滋賀県,守山,守山市",滋賀県の整体師がおすすめする簡単ツボ押し 風邪・肺 | 滋賀 守山市整体HOPE【18年/口コミ4.8】骨盤から根本改善 ストレッチで優しく 守山で人気・おすすめ整体院,"slug.'"">整体や体のこと・栄養slug.'"">ピックアップ 整体コラムslug.'"">滋賀の整体師が語る！からだのお悩みコラムslug.'"">東洋医学 | 滋賀県の整体師がおすすめする簡単ツボ押し 風邪・肺 | 滋賀 ストレッチ × 整体 HOPE | 整体や体のこと・栄養 | 滋賀の整体師が語る！からだのお悩みコラム | 滋賀の整体師が語る！からだのお悩みコラム",
shiga-seitai,https://shiga-seitai.jp/seitai-column/orientalmedicine-goukoku.html,orientalmedicine-goukoku.html,2023-04-22T11:54:59+00:00,滋賀県の整体師がおすすめする簡単ツボ押し 肩こり・自律神経などに万能なツボ 合谷 | 滋賀 守山市整体HOPE【18年/口コミ4.8】骨盤から根本改善 ストレッチで優しく 守山で人気・おすすめ整体院,滋賀県で整体ならストレッチ×整体HOPEに。今回は整体師がオススメする万能なツボ、合谷をご説明させて頂きます。肩こりや、疲れ目、自律神経の乱れなど様々な効能があると言われております。パソコンなどのデスクワークでお疲れの方に特におすすめです。滋賀県(SHIGA) 整体 骨盤矯正で肩こり 腰痛 頭痛の根本改善 | 滋賀 守山市整体HOPE【18年/口コミ4.8】骨盤矯正×ストレッチ 根本改善 守山で人気・おすすめ整体院,"滋賀,整体,肩こり,ピックアップ 整体コラム,滋賀の整体師が語る！からだのお悩みコラム,東洋医学,猫背,腰痛,姿勢改善,姿勢,滋賀県,守山,守山市",滋賀県の整体師がおすすめする簡単ツボ押し 肩こり・自律神経などに万能なツボ 合谷 | 滋賀 守山市整体HOPE【18年/口コミ4.8】骨盤から根本改善 ストレッチで優しく 守山で人気・おすすめ整体院,"slug.'"">ピックアップ 整体コラムslug.'"">滋賀の整体師が語る！からだのお悩みコラムslug.'"">東洋医学 | 滋賀県の整体師がおすすめする簡単ツボ押し 肩こり・自律神経などに万能なツボ 合谷 | 滋賀 ストレッチ × 整体 HOPE | ピックアップ 整体コラム",
shiga-seitai,https://shiga-seitai.jp/seitai-column/mowing-strainedback.html,mowing-strainedback.html,2025-04-24T09:13:51+00:00,ぎっくり腰-夏場に多い草刈り中 対策と予防方法 | 滋賀 守山市整体HOPE【18年/口コミ4.8】骨盤から根本改善 ストレッチで優しく 守山で人気・おすすめ整体院,滋賀で整体ならストレッチ×整体HOPEに。夏場に多い、草刈り中のぎっくり腰を説明させて頂いております。実はぎっくり腰は防げます。当店のストレッチ整体にてぎっくり腰になりやすい体とお別れしましょう。滋賀県(SHIGA) 整体 骨盤矯正で肩こり 腰痛 頭痛の根本改善 | 滋賀 守山市整体HOPE【18年/口コミ4.8】骨盤矯正×ストレッチ 根本改善 守山で人気・おすすめ整体院,"滋賀,整体,ぎっくり腰,猫背,腰椎ヘルニア,腰痛,ピックアップ 整体コラム,姿勢,滋賀の整体師が語る！からだのお悩みコラム,肩こり,姿勢改善,滋賀県,守山,守山市",ぎっくり腰-夏場に多い草刈り中 対策と予防方法 | 滋賀 守山市整体HOPE【18年/口コミ4.8】骨盤から根本改善 ストレッチで優しく 守山で人気・おすすめ整体院,"slug.'"">猫背slug.'"">腰椎ヘルニアslug.'"">ぎっくり腰slug.'"">腰痛slug.'"">ピックアップ 整体コラムslug.'"">姿勢slug.'"">滋賀の整体師が語る！からだのお悩みコラム | ぎっくり腰-夏場に多い草刈り中 対策と予防方法 | 滋賀 ストレッチ × 整体 HOPE | 猫背 | 姿勢 | 姿勢",
shiga-seitai,https://shiga-seitai.jp/seitai-column/yasu-katakori30.html,yasu-katakori30.html,2025-03-04T12:53:22+00:00,滋賀県 野洲市-整体・骨盤矯正 肩こりと猫背  女性 30代 | 滋賀 守山市整体HOPE【18年/口コミ4.8】骨盤から根本改善 ストレッチで優しく 守山で人気・おすすめ整体院,滋賀で整体をお探しならHOPEへ！滋賀県野洲市30代女性の整体体験談です。肩こりと猫背でお悩みになられておりました。デスクワークなどが多く姿勢のせいで肩こりが発生。姿勢改善していく事により肩こりの根本改善を目指します。滋賀県にて肩こりに悩まれている方は一度お試しください,"滋賀,整体,野洲市,肩こり,猫背,姿勢,滋賀の整体師が語る！からだのお悩みコラム,腰痛,姿勢改善,滋賀県,守山,守山市",滋賀県 野洲市-整体・骨盤矯正 肩こりと猫背  女性 30代 | 滋賀 守山市整体HOPE【18年/口コミ4.8】骨盤から根本改善 ストレッチで優しく 守山で人気・おすすめ整体院,"slug.'"">猫背slug.'"">肩こりslug.'"">姿勢slug.'"">滋賀の整体師が語る！からだのお悩みコラム | 滋賀県 野洲市-整体・骨盤矯正 肩こりと猫背  女性 30代 | 滋賀 ストレッチ × 整体 HOPE | 猫背 | 姿勢 | 姿勢",
shiga-seitai,https://shiga-seitai.jp/pelvic-correction-column/online-sisei.html,online-sisei.html,2022-08-09T04:59:30+00:00,滋賀県で美姿勢を目指せ-オンライン骨盤・姿勢チェック | 滋賀 守山市整体HOPE【18年/口コミ4.8】骨盤から根本改善 ストレッチで優しく 守山で人気・おすすめ整体院,滋賀で整体ならHOPE。コロナウイルスの影響でお店に来れない方の為に何かできないかと思い、オンライン姿勢チェックを実行させて頂きます。ご自宅でも美姿勢を目指せますのでぜひご利用ください。滋賀で猫背、O脚などでお困りの方は是非お試しください。滋賀県(SHIGA) 整体 骨盤矯正で肩こり 腰痛 頭痛の根本改善 | 滋賀 守山市整体HOPE【18年/口コミ4.8】骨盤矯正×ストレッチ 根本改善 守山で人気・おすすめ整体院,"滋賀,整体,姿勢,骨盤矯正コラム,猫背,肩こり,腰痛,姿勢改善,滋賀県,守山,守山市",滋賀県で美姿勢を目指せ-オンライン骨盤・姿勢チェック | 滋賀 守山市整体HOPE【18年/口コミ4.8】骨盤から根本改善 ストレッチで優しく 守山で人気・おすすめ整体院,"slug.'"">骨盤矯正コラム | 滋賀県で美姿勢を目指せ-オンライン骨盤・姿勢チェック | 滋賀 ストレッチ × 整体 HOPE | 骨盤矯正コラム",
shiga-seitai,https://shiga-seitai.jp/seitai-column/zutu-tuyu.html,zutu-tuyu.html,2025-03-15T11:27:59+00:00,滋賀の骨盤のプロが伝える 梅雨の頭痛でお悩みの方におすすめ 耳ストレッチ・マッサージ | 滋賀 守山市整体HOPE【18年/口コミ4.8】骨盤から根本改善 ストレッチで優しく 守山で人気・おすすめ整体院,滋賀で整体ならストレッチ×整体HOPE。梅雨の時期に頭痛、肩こり、めまいでお悩みの方が増加します。そんな時は耳ストレッチ、耳マッサージで改善を目指しましょう。滋賀で頭痛、肩こりでお悩みの方はストレッチ×整体HOPEへ。滋賀県(SHIGA) 整体 骨盤矯正で肩こり 腰痛 頭痛の根本改善 | 滋賀 守山市整体HOPE【18年/口コミ4.8】骨盤矯正×ストレッチ 根本改善 守山で人気・おすすめ整体院,"滋賀,整体,頭痛,整体や体のこと・栄養,コロナウイルス関連,首,肩こり,ピックアップ 整体コラム,滋賀の整体師が語る！からだのお悩みコラム,産後・妊婦,小顔になりたい方,猫背,腰痛,姿勢改善,姿勢,滋賀県,守山,守山市",滋賀の骨盤のプロが伝える 梅雨の頭痛でお悩みの方におすすめ 耳ストレッチ・マッサージ | 滋賀 守山市整体HOPE【18年/口コミ4.8】骨盤から根本改善 ストレッチで優しく 守山で人気・おすすめ整体院,"slug.'"">整体や体のこと・栄養slug.'"">コロナウイルス関連slug.'"">首slug.'"">肩こりslug.'"">ピックアップ 整体コラムslug.'"">滋賀の整体師が語る！からだのお悩みコラムslug.'"">産後・妊婦slug.'"">小顔になりたい方slug.'"">頭痛 | 滋賀の骨盤のプロが伝える 梅雨の頭痛でお悩みの方におすすめ 耳ストレッチ・マッサージ | 滋賀 ストレッチ × 整体 HOPE | 整体や体のこと・栄養 | 滋賀の整体師が語る！からだのお悩みコラム | 滋賀の整体師が語る！からだのお悩みコラム",
shiga-seitai,https://shiga-seitai.jp/seitai-column/zutu-tuyu2.html,zutu-tuyu2.html,2025-03-15T11:26:55+00:00,滋賀の整体師が語る 梅雨の頭痛の原因と解決方法 | 滋賀 守山市整体HOPE【18年/口コミ4.8】骨盤から根本改善 ストレッチで優しく 守山で人気・おすすめ整体院,滋賀で整体ならストレッチ×整体HOPE。梅雨になると頭痛になること増えてませんか？梅雨の頭痛には自律神経の乱れ、気圧の変動が原因とされております。今回は頭痛に対する解決方法の提案をさせて頂きます。滋賀で頭痛で悩まされている方はご来店くださいませ。,"滋賀,整体,守山市,整体や体のこと・栄養,片頭痛(偏頭痛),首,ピックアップ 整体コラム,骨盤,滋賀の整体師が語る！からだのお悩みコラム,頭痛,猫背,肩こり,腰痛,姿勢改善,姿勢,滋賀県,守山",滋賀の整体師が語る 梅雨の頭痛の原因と解決方法 | 滋賀 守山市整体HOPE【18年/口コミ4.8】骨盤から根本改善 ストレッチで優しく 守山で人気・おすすめ整体院,"slug.'"">整体や体のこと・栄養slug.'"">片頭痛(偏頭痛)slug.'"">首slug.'"">ピックアップ 整体コラムslug.'"">骨盤slug.'"">滋賀の整体師が語る！からだのお悩みコラムslug.'"">頭痛 | 滋賀の整体師が語る 梅雨の頭痛の原因と解決方法 | 滋賀 ストレッチ × 整体 HOPE | 整体や体のこと・栄養 | 滋賀の整体師が語る！からだのお悩みコラム | 滋賀の整体師が語る！からだのお悩みコラム",
shiga-seitai,https://shiga-seitai.jp/seitai-column/nekoze.html,nekoze.html,2026-01-18T03:08:16+00:00,【滋賀 整体】猫背を改善したい！姿勢のプロが教える原因とセルフケア | 滋賀 守山市整体HOPE【18年/口コミ4.8】骨盤から根本改善 ストレッチで優しく 守山で人気・おすすめ整体院,滋賀で整体ならストレッチ×整体HOPEへ。今回は猫背についてです。実は子供から高齢者まで多くの方が悩まされています。猫背そのまま放置して大丈夫ですか？当店は原因にアプローチして早期改善へ導きます。滋賀で猫背にお困りの方はお試し下さい。滋賀県(SHIGA) 整体 骨盤矯正で肩こり 腰痛 頭痛の根本改善 | 滋賀 守山市整体HOPE【18年/口コミ4.8】骨盤矯正×ストレッチ 根本改善 守山で人気・おすすめ整体院,"滋賀,整体,猫背,骨盤矯正,美容整体コラム,ピックアップ 整体コラム,姿勢,滋賀の整体師が語る！からだのお悩みコラム,肩こり,腰痛,姿勢改善,滋賀県,守山,守山市",【滋賀 整体】猫背を改善したい！姿勢のプロが教える原因とセルフケア | 滋賀 守山市整体HOPE【18年/口コミ4.8】骨盤から根本改善 ストレッチで優しく 守山で人気・おすすめ整体院,"slug.'"">猫背slug.'"">美容整体コラムslug.'"">ピックアップ 整体コラムslug.'"">姿勢slug.'"">滋賀の整体師が語る！からだのお悩みコラム | 【滋賀 整体】猫背を改善したい！姿勢のプロが教える原因とセルフケア | 猫背が体に及ぼす悪影響と3つの主な原因 | 今すぐ確認！姿勢のセルフチェックと改善法 | 滋賀県守山市「整体HOPE」の猫背矯正と評判 | 施術に関するよくある質問とまとめ | 滋賀 ストレッチ × 整体 HOPE | 猫背 | 姿勢",
shiga-seitai,https://shiga-seitai.jp/kids-seitai-column/corona-arm.html,corona-arm.html,2021-11-18T14:52:21+00:00,コロナウイルスワクチンの副反応で肩・腕が上がらない時の時の対処法 | 滋賀 守山市整体HOPE【18年/口コミ4.8】骨盤から根本改善 ストレッチで優しく 守山で人気・おすすめ整体院,滋賀で整体ならストレッチ×整体HOPE。コロナウイルスワクチンの副反応である腕があがらないを整体師ね戦で考えてみました。身体の使い方を変える事により痛みはマシになると思います。体を上手く使う事は他の痛みでも応用できます。是非参考にしてみてください。,"滋賀,整体,守山市,腕があがらない,コロナウイルス関連,こどもの整体コラム,ピックアップ 整体コラム,猫背,肩こり,腰痛,姿勢改善,姿勢,滋賀県,守山",コロナウイルスワクチンの副反応で肩・腕が上がらない時の時の対処法 | 滋賀 守山市整体HOPE【18年/口コミ4.8】骨盤から根本改善 ストレッチで優しく 守山で人気・おすすめ整体院,"slug.'"">コロナウイルス関連slug.'"">こどもの整体コラムslug.'"">ピックアップ 整体コラム | コロナウイルスワクチンの副反応で肩・腕が上がらない時の時の対処法 | 滋賀 ストレッチ × 整体 HOPE | コロナウイルス関連 | HOPEからのお知らせ | HOPEからのお知らせ",
shiga-seitai,https://shiga-seitai.jp/seitai-column/internalorgans-katakori.html,internalorgans-katakori.html,2023-08-06T12:40:50+00:00,肩以外にも原因が？内臓の疲れからの肩こり | 滋賀 守山市整体HOPE【18年/口コミ4.8】骨盤から根本改善 ストレッチで優しく 守山で人気・おすすめ整体院,滋賀で整体ならストレッチ×整体HOPE。肩こりは筋肉疲労だけではありません。実は内臓疲労からの肩こりもあるんです。マッサージや整体で中々改善されない方は内臓疲労からでは？？滋賀で1万人経験のある整体師があなたの肩こりの原因を探し出します。滋賀県(SHIGA) 整体 骨盤矯正で肩こり 腰痛 頭痛の根本改善 | 滋賀 守山市整体HOPE【18年/口コミ4.8】骨盤矯正×ストレッチ 根本改善 守山で人気・おすすめ整体院,"滋賀,整体,肩こり,整体や体のこと・栄養,内臓からの肩こり,ピックアップ 整体コラム,滋賀の整体師が語る！からだのお悩みコラム,東洋医学,腸活,猫背,腰痛,姿勢改善,姿勢,滋賀県,守山,守山市",肩以外にも原因が？内臓の疲れからの肩こり | 滋賀 守山市整体HOPE【18年/口コミ4.8】骨盤から根本改善 ストレッチで優しく 守山で人気・おすすめ整体院,"slug.'"">整体や体のこと・栄養slug.'"">内臓からの肩こりslug.'"">肩こりslug.'"">ピックアップ 整体コラムslug.'"">滋賀の整体師が語る！からだのお悩みコラムslug.'"">東洋医学slug.'"">腸活 | 肩以外にも原因が？内臓の疲れからの肩こり | 滋賀 ストレッチ × 整体 HOPE | 整体や体のこと・栄養 | 滋賀の整体師が語る！からだのお悩みコラム | 滋賀の整体師が語る！からだのお悩みコラム",
shiga-seitai,https://shiga-seitai.jp/seitai-column/youtu-sisei.html,youtu-sisei.html,2024-12-18T11:25:13+00:00,腰痛になりやすい人に共通点 腰痛になりやすい姿勢ベスト３ | 滋賀 守山市整体HOPE【18年/口コミ4.8】骨盤から根本改善 ストレッチで優しく 守山で人気・おすすめ整体院,滋賀で整体ならストレッチ×整体HOPE。今回は腰痛、ぎっくり腰、腰椎ヘルニアに危機感を持っている方にはぜひご覧頂きたいです。ちょっとした事で腰痛への負担の減少、予防は出来るんです。滋賀で腰痛、ぎっくり腰、座り仕事、ヘルニアでお悩みの方はぜひご参考に。,"滋賀,整体,腰痛,整体や体のこと・栄養,坐骨神経痛,腰椎ヘルニア,ぎっくり腰,こどもの整体コラム,膝,ピックアップ 整体コラム,滋賀の整体師が語る！からだのお悩みコラム,猫背,肩こり,姿勢改善,姿勢,滋賀県,守山,守山市",腰痛になりやすい人に共通点 腰痛になりやすい姿勢ベスト３ | 滋賀 守山市整体HOPE【18年/口コミ4.8】骨盤から根本改善 ストレッチで優しく 守山で人気・おすすめ整体院,"slug.'"">整体や体のこと・栄養slug.'"">坐骨神経痛slug.'"">腰椎ヘルニアslug.'"">ぎっくり腰slug.'"">腰痛slug.'"">こどもの整体コラムslug.'"">膝slug.'"">ピックアップ 整体コラムslug.'"">滋賀の整体師が語る！からだのお悩みコラム | 腰痛になりやすい人に共通点 腰痛になりやすい姿勢ベスト３ | 滋賀 ストレッチ × 整体 HOPE | 整体や体のこと・栄養 | 滋賀の整体師が語る！からだのお悩みコラム | 滋賀の整体師が語る！からだのお悩みコラム",
shiga-seitai,https://shiga-seitai.jp/seitai-column/compress.html,compress.html,2023-08-24T10:54:13+00:00,肩こり 腰痛を湿布でごまかしてませんか？ | 滋賀 守山市整体HOPE【18年/口コミ4.8】骨盤から根本改善 ストレッチで優しく 守山で人気・おすすめ整体院,滋賀で整体ならストレッチ×整体HOPEへ。今回は慢性的な肩こり・腰痛にピックアップしてみました。多くの方は慢性的な痛みに悩まされており、湿布で痛みをごまかしたりしております。姿勢を変えない限り慢性的な肩こりは改善されません。滋賀で肩こり・腰痛でお悩みの方はご相談下さいませ。,"滋賀,整体,肩こり,腰痛,整体や体のこと・栄養,首,ピックアップ 整体コラム,姿勢,滋賀の整体師が語る！からだのお悩みコラム,頭痛,猫背,姿勢改善,滋賀県,守山,守山市",肩こり 腰痛を湿布でごまかしてませんか？ | 滋賀 守山市整体HOPE【18年/口コミ4.8】骨盤から根本改善 ストレッチで優しく 守山で人気・おすすめ整体院,"slug.'"">整体や体のこと・栄養slug.'"">首slug.'"">肩こりslug.'"">腰痛slug.'"">ピックアップ 整体コラムslug.'"">姿勢slug.'"">滋賀の整体師が語る！からだのお悩みコラムslug.'"">頭痛 | 肩こり 腰痛を湿布でごまかしてませんか？ | 滋賀 ストレッチ × 整体 HOPE | 整体や体のこと・栄養 | 滋賀の整体師が語る！からだのお悩みコラム | 滋賀の整体師が語る！からだのお悩みコラム",
shiga-seitai,https://shiga-seitai.jp/seitai-column/migraine.html,migraine.html,2023-05-20T05:18:16+00:00,片頭痛(偏頭痛)に対する3つのアプローチ　ストレッチ整体で改善 | 滋賀 守山市整体HOPE【18年/口コミ4.8】骨盤から根本改善 ストレッチで優しく 守山で人気・おすすめ整体院,滋賀で整体ならストレッチ×整体HOPE。多くの方が悩まされている片頭痛・・薬に頼るのもいいですが根本的に片頭痛改善を目指してみませんか？滋賀県で片頭痛でお悩みの方おられましたらストレッチ整体で片頭痛が起きにくい体を手に入れましょう。滋賀県(SHIGA) 整体 骨盤矯正で肩こり 腰痛 頭痛の根本改善 | 滋賀 守山市整体HOPE【18年/口コミ4.8】骨盤矯正×ストレッチ 根本改善 守山で人気・おすすめ整体院,"滋賀,整体,頭痛,片頭痛(偏頭痛),肩こり,ヘッドスパ・頭痛矯正,ピックアップ 整体コラム,滋賀の整体師が語る！からだのお悩みコラム,猫背,腰痛,姿勢改善,姿勢,滋賀県,守山,守山市",片頭痛(偏頭痛)に対する3つのアプローチ　ストレッチ整体で改善 | 滋賀 守山市整体HOPE【18年/口コミ4.8】骨盤から根本改善 ストレッチで優しく 守山で人気・おすすめ整体院,"slug.'"">片頭痛(偏頭痛)slug.'"">肩こりslug.'"">ヘッドスパ・頭痛矯正slug.'"">ピックアップ 整体コラムslug.'"">滋賀の整体師が語る！からだのお悩みコラムslug.'"">頭痛 | 片頭痛(偏頭痛)に対する3つのアプローチ　ストレッチ整体で改善 | 滋賀 ストレッチ × 整体 HOPE | 片頭痛(偏頭痛) | 頭痛 | 頭痛",
shiga-seitai,https://shiga-seitai.jp/seitai-column/moriyama-skatepark.html,moriyama-skatepark.html,2022-04-05T05:26:54+00:00,滋賀県守山市にスケートパークオープン予定 | 滋賀 守山市整体HOPE【18年/口コミ4.8】骨盤から根本改善 ストレッチで優しく 守山で人気・おすすめ整体院,滋賀守山市で整体 骨盤矯正はストレッチ×整体HOPE。今回は守山市に出来るスケートパークのお話とプロになる為に必要な事をお話させて頂きました。プロになれるのはほんの一握りです。滋賀県でプロを目指すスポーツ選手のサポートさせて頂きます。滋賀県(SHIGA) 整体 骨盤矯正で肩こり 腰痛 頭痛の根本改善 | 滋賀 守山市整体HOPE【18年/口コミ4.8】骨盤矯正×ストレッチ 根本改善 守山で人気・おすすめ整体院,"滋賀,整体,守山市,整体や体のこと・栄養,こどもの整体コラム,守山市・堅田ローカルニュース,骨盤,滋賀の整体師が語る！からだのお悩みコラム,スポーツ,猫背,肩こり,腰痛,姿勢改善,姿勢,滋賀県,守山",滋賀県守山市にスケートパークオープン予定 | 滋賀 守山市整体HOPE【18年/口コミ4.8】骨盤から根本改善 ストレッチで優しく 守山で人気・おすすめ整体院,"slug.'"">整体や体のこと・栄養slug.'"">こどもの整体コラムslug.'"">守山市・堅田ローカルニュースslug.'"">骨盤slug.'"">滋賀の整体師が語る！からだのお悩みコラムslug.'"">スポーツ | 滋賀県守山市にスケートパークオープン予定 | 滋賀 ストレッチ × 整体 HOPE | 整体や体のこと・栄養 | 滋賀の整体師が語る！からだのお悩みコラム | 滋賀の整体師が語る！からだのお悩みコラム",
shiga-seitai,https://shiga-seitai.jp/seitai-column/%e6%95%b4%e4%bd%93%e3%81%a8%e3%82%ab%e3%82%a4%e3%83%ad%e3%83%97%e3%83%a9%e3%82%af%e3%83%86%e3%82%a3%e3%83%83%e3%82%af%e3%81%ae%e9%81%95%e3%81%84.html,整体とカイロプラクティックの違い.html,2021-10-31T12:45:15+00:00,整体とカイロプラクティックの違い | 滋賀 守山市整体HOPE【18年/口コミ4.8】骨盤から根本改善 ストレッチで優しく 守山で人気・おすすめ整体院,滋賀で整体 骨盤矯正であればストレッチ×整体HOPE。今回は整体師目線で整体とカイロプラクティックの違いを簡単に分かりやすく説明させて頂きます。当整体院はカイロプラクティック好きな方にも人気な技術で好評です。滋賀県で整体好き、カイロ好きな方にオススメです,"滋賀,整体,守山市,整体や体のこと・栄養,ピックアップ 整体コラム,滋賀の整体師が語る！からだのお悩みコラム,猫背,肩こり,腰痛,姿勢改善,姿勢,滋賀県,守山",整体とカイロプラクティックの違い | 滋賀 守山市整体HOPE【18年/口コミ4.8】骨盤から根本改善 ストレッチで優しく 守山で人気・おすすめ整体院,"slug.'"">整体や体のこと・栄養slug.'"">ピックアップ 整体コラムslug.'"">滋賀の整体師が語る！からだのお悩みコラム | 整体とカイロプラクティックの違い | 滋賀 ストレッチ × 整体 HOPE | 整体や体のこと・栄養 | 滋賀の整体師が語る！からだのお悩みコラム | 滋賀の整体師が語る！からだのお悩みコラム",
shiga-seitai,https://shiga-seitai.jp/seitai-column/shigaseitai-strainedback-douga.html,shigaseitai-strainedback-douga.html,2022-04-14T04:35:14+00:00,ぎっくり腰の時に滋賀県の整体師がおすすめする動画 | 滋賀 守山市整体HOPE【18年/口コミ4.8】骨盤から根本改善 ストレッチで優しく 守山で人気・おすすめ整体院,滋賀で整体ならストレッチ×整体HOPEに。今回はぎっくり腰になった場合に見る動画を整体師目線でオススメさせて頂きます。慢性的な腰痛がある方はストレッチ整体で改善。滋賀でぎっくり腰・腰痛でお悩みなら当整体院にご相談ください。滋賀県(SHIGA) 整体 骨盤矯正で肩こり 腰痛 頭痛の根本改善 | 滋賀 守山市整体HOPE【18年/口コミ4.8】骨盤矯正×ストレッチ 根本改善 守山で人気・おすすめ整体院,"滋賀,整体,腰痛,ぎっくり腰,ピックアップ 整体コラム,滋賀の整体師が語る！からだのお悩みコラム,猫背,肩こり,姿勢改善,姿勢,滋賀県,守山,守山市",ぎっくり腰の時に滋賀県の整体師がおすすめする動画 | 滋賀 守山市整体HOPE【18年/口コミ4.8】骨盤から根本改善 ストレッチで優しく 守山で人気・おすすめ整体院,"slug.'"">ぎっくり腰slug.'"">腰痛slug.'"">ピックアップ 整体コラムslug.'"">滋賀の整体師が語る！からだのお悩みコラム | ぎっくり腰の時に滋賀県の整体師がおすすめする動画 | 滋賀 ストレッチ × 整体 HOPE | ぎっくり腰 | 腰痛 | 腰痛",
shiga-seitai,https://shiga-seitai.jp/seitai-column/straightneck-makura-zutu.html,straightneck-makura-zutu.html,2025-03-15T11:25:56+00:00,骨盤・姿勢のプロ直伝 枕の高さとストレートネックと頭痛の関係性 | 滋賀 守山市整体HOPE【18年/口コミ4.8】骨盤から根本改善 ストレッチで優しく 守山で人気・おすすめ整体院,滋賀で整体ならストレッチ×整体HOPE。今回は枕と睡眠について説明させて頂きました。枕があってないとストレートネック、頭痛、肩こりにも影響を与えていきます。枕選びの知識を付けてストレートネックを予防していきましょう。滋賀でお悩みの方は是非。病院や整骨院で解決しない場合は枕を疑ってみましょう。,"滋賀,整体,枕選び,猫背,姿勢からの肩こり,首,ストレートネック,美容整体コラム,肩こり,反り腰,ピックアップ 整体コラム,姿勢,滋賀の整体師が語る！からだのお悩みコラム,頭痛,快適な睡眠方法,腰痛,姿勢改善,滋賀県,守山,守山市",骨盤・姿勢のプロ直伝 枕の高さとストレートネックと頭痛の関係性 | 滋賀 守山市整体HOPE【18年/口コミ4.8】骨盤から根本改善 ストレッチで優しく 守山で人気・おすすめ整体院,"slug.'"">猫背slug.'"">姿勢からの肩こりslug.'"">首slug.'"">ストレートネックslug.'"">美容整体コラムslug.'"">肩こりslug.'"">反り腰slug.'"">ピックアップ 整体コラムslug.'"">姿勢slug.'"">滋賀の整体師が語る！からだのお悩みコラムslug.'"">頭痛slug.'"">快適な睡眠方法 | 骨盤・姿勢のプロ直伝 枕の高さとストレートネックと頭痛の関係性 | 滋賀 ストレッチ × 整体 HOPE | 猫背 | 姿勢 | 姿勢",
shiga-seitai,https://shiga-seitai.jp/seitai-column/winter-nekoze.html,winter-nekoze.html,2022-07-01T14:08:33+00:00,滋賀の整体師が語る 冬の猫背は要注意 | 滋賀 守山市整体HOPE【18年/口コミ4.8】骨盤から根本改善 ストレッチで優しく 守山で人気・おすすめ整体院,滋賀で整体ならストレッチ×整体HOPE。寒くなってくると体が丸まってしまいませんか？冬場の猫背は注意！猫背の改善ポイントをまとめさせて頂きました。冬場の猫背、肩こり、頭痛、腰痛でお悩みの方はぜひご覧くださいませ。滋賀県(SHIGA) 整体 骨盤矯正で肩こり 腰痛 頭痛の根本改善 | 滋賀 守山市整体HOPE【18年/口コミ4.8】骨盤矯正×ストレッチ 根本改善 守山で人気・おすすめ整体院,"滋賀,整体,猫背,整体や体のこと・栄養,ストレートネック,首,美容整体コラム,肩こり,反り腰,腰痛,こどもの整体コラム,ピックアップ 整体コラム,姿勢,骨盤,滋賀の整体師が語る！からだのお悩みコラム,産後・妊婦,姿勢改善,滋賀県,守山,守山市",滋賀の整体師が語る 冬の猫背は要注意 | 滋賀 守山市整体HOPE【18年/口コミ4.8】骨盤から根本改善 ストレッチで優しく 守山で人気・おすすめ整体院,"slug.'"">整体や体のこと・栄養slug.'"">猫背slug.'"">ストレートネックslug.'"">首slug.'"">美容整体コラムslug.'"">肩こりslug.'"">反り腰slug.'"">腰痛slug.'"">こどもの整体コラムslug.'"">ピックアップ 整体コラムslug.'"">姿勢slug.'"">骨盤slug.'"">滋賀の整体師が語る！からだのお悩みコラムslug.'"">産後・妊婦 | 滋賀の整体師が語る 冬の猫背は要注意 | 滋賀 ストレッチ × 整体 HOPE | 整体や体のこと・栄養 | 滋賀の整体師が語る！からだのお悩みコラム | 滋賀の整体師が語る！からだのお悩みコラム",
shiga-seitai,https://shiga-seitai.jp/seitai-column/posture/sleep-sorigoshi.html,sleep-sorigoshi.html,2022-07-01T14:08:02+00:00,滋賀県で反り腰で仰向けに寝れない方へ3つのポイント | 滋賀 守山市整体HOPE【18年/口コミ4.8】骨盤から根本改善 ストレッチで優しく 守山で人気・おすすめ整体院,滋賀で整体 骨盤矯正ならストレッチ×整体HOPE。今回は、睡眠時の反り腰改善３つのポイントをお話させて頂きました。起床時に腰が痛い方はご参考に。滋賀県で反り腰を早期改善を目指す方は整体師歴10年以上、姿勢の専門家にぜひご相談くださいませ。滋賀県(SHIGA) 整体 骨盤矯正で肩こり 腰痛 頭痛の根本改善 | 滋賀 守山市整体HOPE【18年/口コミ4.8】骨盤矯正×ストレッチ 根本改善 守山で人気・おすすめ整体院,"滋賀,整体,守山市,反り腰,美容整体コラム,ピックアップ 整体コラム,姿勢,快適な睡眠方法,猫背,肩こり,腰痛,姿勢改善,滋賀県,守山",滋賀県で反り腰で仰向けに寝れない方へ3つのポイント | 滋賀 守山市整体HOPE【18年/口コミ4.8】骨盤から根本改善 ストレッチで優しく 守山で人気・おすすめ整体院,"slug.'"">美容整体コラムslug.'"">反り腰slug.'"">ピックアップ 整体コラムslug.'"">姿勢slug.'"">快適な睡眠方法 | 滋賀県で反り腰で仰向けに寝れない方へ3つのポイント | 滋賀 ストレッチ × 整体 HOPE | 美容整体コラム",
shiga-seitai,https://shiga-seitai.jp/seitai-column/seitai/moriyama-manma.html,moriyama-manma.html,2023-11-04T12:56:39+00:00,守山市で人気の焼き菓子店MANMAと整体のコラボレーション企画 | 滋賀 守山市整体HOPE【18年/口コミ4.8】骨盤から根本改善 ストレッチで優しく 守山で人気・おすすめ整体院,滋賀 守山市で整体 骨盤矯正をお探しなら丁寧な検査とカウンセリングで人気なストレッチ×整体HOPE。5周年記念としまして守山市だけならず滋賀県内でも人気の焼き菓子店MANMA(マンマ)とコラボさせて頂きます。お子様でも喜んで食べて頂けるお菓子となっておりますのでこの機会に是非,"滋賀,整体,守山市,お菓子,整体や体のこと・栄養,こどもの整体コラム,守山市・堅田ローカルニュース,産後・妊婦,猫背,肩こり,腰痛,姿勢改善,姿勢,滋賀県,守山",守山市で人気の焼き菓子店MANMAと整体のコラボレーション企画 | 滋賀 守山市整体HOPE【18年/口コミ4.8】骨盤から根本改善 ストレッチで優しく 守山で人気・おすすめ整体院,"slug.'"">整体や体のこと・栄養slug.'"">こどもの整体コラムslug.'"">守山市・堅田ローカルニュースslug.'"">産後・妊婦 | 守山市で人気の焼き菓子店MANMAと整体のコラボレーション企画 | 滋賀 ストレッチ × 整体 HOPE | 整体や体のこと・栄養 | 滋賀の整体師が語る！からだのお悩みコラム | 滋賀の整体師が語る！からだのお悩みコラム",
shiga-seitai,https://shiga-seitai.jp/seitai-column/shoulder/katakori-cause.html,katakori-cause.html,2023-05-20T05:25:37+00:00,肩こりの方必見 肩こりの原因5選 | 滋賀 守山市整体HOPE【18年/口コミ4.8】骨盤から根本改善 ストレッチで優しく 守山で人気・おすすめ整体院,滋賀で整体 骨盤矯正ならストレッチ×整体HOPE。現役整体師が現代に多い肩こりの原因5選をご紹介。慢性的な肩こりを早期改善させるには自分の体を知る事が大事。あなたはご自身の肩こりの原因に気付いてますでしょうか？肩こり解消のサポートをさせて頂きます。,"滋賀,整体,守山市,姿勢からの肩こり,肩こり,こどもの整体コラム,ピックアップ 整体コラム,頭痛,猫背,腰痛,姿勢改善,姿勢,滋賀県,守山",肩こりの方必見 肩こりの原因5選 | 滋賀 守山市整体HOPE【18年/口コミ4.8】骨盤から根本改善 ストレッチで優しく 守山で人気・おすすめ整体院,"slug.'"">姿勢からの肩こりslug.'"">肩こりslug.'"">こどもの整体コラムslug.'"">ピックアップ 整体コラムslug.'"">頭痛 | 肩こりの方必見 肩こりの原因5選 | 滋賀 ストレッチ × 整体 HOPE | 姿勢からの肩こり | 肩こり | 肩こり",
shiga-seitai,https://shiga-seitai.jp/beauty-seitai-column/healthfood.html,healthfood.html,2023-11-13T03:12:27+00:00,『まごわやさしい』ダイエット・健康的な体作りにも重要 | 滋賀 守山市整体HOPE【18年/口コミ4.8】骨盤から根本改善 ストレッチで優しく 守山で人気・おすすめ整体院,滋賀で整体をお探しなら丁寧な検査とカウンセリングで人気なストレッチ×整体HOPE。今回は健康的な体作りに必須『まごわやさしい』についてです。ダイエットで停滞中、健康的な体作りを目指している方にもわかりやすくまとめましたので是非ご参考に。滋賀県(SHIGA) 整体 骨盤矯正で肩こり 腰痛 頭痛の根本改善 | 滋賀 守山市整体HOPE【18年/口コミ4.8】骨盤矯正×ストレッチ 根本改善 守山で人気・おすすめ整体院,"滋賀,整体,守山市,腸内整体,美容整体コラム,猫背,肩こり,腰痛,姿勢改善,姿勢,滋賀県,守山",『まごわやさしい』ダイエット・健康的な体作りにも重要 | 滋賀 守山市整体HOPE【18年/口コミ4.8】骨盤から根本改善 ストレッチで優しく 守山で人気・おすすめ整体院,"slug.'"">美容整体コラム | 『まごわやさしい』ダイエット・健康的な体作りにも重要 | 滋賀 ストレッチ × 整体 HOPE | 美容整体コラム",
shiga-seitai,https://shiga-seitai.jp/beauty-seitai-column/improve-intestinal-environment.html,improve-intestinal-environment.html,2023-06-17T12:42:22+00:00,滋賀県で腸活 腸をもみ内面から美スタイル目指す | 滋賀 守山市整体HOPE【18年/口コミ4.8】骨盤から根本改善 ストレッチで優しく 守山で人気・おすすめ整体院,滋賀で整体ならHOPE。滋賀で珍しい腸内整体を低価格で高技術で提供させて頂いてます。肩こり、腰痛、自律神経の乱れ、更年期障害などでお悩みの方は腸内整体を受けてみてはいかがでしょうか？整体歴13年の技術でお悩み解消のサポートをさせて頂きます。滋賀県(SHIGA) 整体 骨盤矯正で肩こり 腰痛 頭痛の根本改善 | 滋賀 守山市整体HOPE【18年/口コミ4.8】骨盤矯正×ストレッチ 根本改善 守山で人気・おすすめ整体院,"滋賀,整体,骨盤矯正,腸内整体,美容整体コラム,猫背,肩こり,腰痛,姿勢改善,姿勢,滋賀県,守山,守山市",滋賀県で腸活 腸をもみ内面から美スタイル目指す | 滋賀 守山市整体HOPE【18年/口コミ4.8】骨盤から根本改善 ストレッチで優しく 守山で人気・おすすめ整体院,"slug.'"">美容整体コラム | 滋賀県で腸活 腸をもみ内面から美スタイル目指す | 滋賀 ストレッチ × 整体 HOPE | 美容整体コラム",
shiga-seitai,https://shiga-seitai.jp/seitai-column/seitai/moriyama-skatepark2.html,moriyama-skatepark2.html,2022-05-04T04:01:30+00:00,続報！滋賀県守山市にスケートパークオープン(ピエリ守山) | 滋賀 守山市整体HOPE【18年/口コミ4.8】骨盤から根本改善 ストレッチで優しく 守山で人気・おすすめ整体院,滋賀守山市で整体 骨盤矯正はストレッチ×整体HOPE。ピエリ守山市に遂にスケートパークがOPEN。骨盤を動かす事でスポーツのパフォーマンスを上げましょう。ストレッチ整体HOPEは滋賀県でプロを目指すスポーツ選手のサポートさせて頂きます。滋賀県(SHIGA) 整体 骨盤矯正で肩こり 腰痛 頭痛の根本改善 | 滋賀 守山市整体HOPE【18年/口コミ4.8】骨盤矯正×ストレッチ 根本改善 守山で人気・おすすめ整体院,"滋賀,整体,守山市,スケートボード,整体や体のこと・栄養,こどもの整体コラム,守山市・堅田ローカルニュース,骨盤,スポーツ,猫背,肩こり,腰痛,姿勢改善,姿勢,滋賀県,守山",続報！滋賀県守山市にスケートパークオープン(ピエリ守山) | 滋賀 守山市整体HOPE【18年/口コミ4.8】骨盤から根本改善 ストレッチで優しく 守山で人気・おすすめ整体院,"slug.'"">整体や体のこと・栄養slug.'"">こどもの整体コラムslug.'"">守山市・堅田ローカルニュースslug.'"">骨盤slug.'"">スポーツ | 続報！滋賀県守山市にスケートパークオープン(ピエリ守山) | 滋賀 ストレッチ × 整体 HOPE | 整体や体のこと・栄養 | 滋賀の整体師が語る！からだのお悩みコラム | 滋賀の整体師が語る！からだのお悩みコラム",
shiga-seitai,https://shiga-seitai.jp/seitai-column/immunity-up.html,immunity-up.html,2023-08-06T11:39:31+00:00,自宅で出来る免疫力を高める方法 | 滋賀 守山市整体HOPE【18年/口コミ4.8】骨盤から根本改善 ストレッチで優しく 守山で人気・おすすめ整体院,滋賀で整体ならHOPE。ご自宅で出来る簡単な免疫力アップの方法です。コロナウイルスの事で、今まで以上に免疫力が再注目されています。実は、日常の中で免疫力アップ出来る事は沢山あります。こちらを参考にしてコロナウイルス対策をしましょう。滋賀県(SHIGA) 整体 骨盤矯正で肩こり 腰痛 頭痛の根本改善 | 滋賀 守山市整体HOPE【18年/口コミ4.8】骨盤矯正×ストレッチ 根本改善 守山で人気・おすすめ整体院,"滋賀,整体,免疫力,整体や体のこと・栄養,コロナウイルス関連,ピックアップ 整体コラム,滋賀の整体師が語る！からだのお悩みコラム,産後・妊婦,猫背,肩こり,腰痛,姿勢改善,姿勢,滋賀県,守山,守山市",自宅で出来る免疫力を高める方法 | 滋賀 守山市整体HOPE【18年/口コミ4.8】骨盤から根本改善 ストレッチで優しく 守山で人気・おすすめ整体院,"slug.'"">整体や体のこと・栄養slug.'"">コロナウイルス関連slug.'"">ピックアップ 整体コラムslug.'"">滋賀の整体師が語る！からだのお悩みコラムslug.'"">産後・妊婦 | 自宅で出来る免疫力を高める方法 | 滋賀 ストレッチ × 整体 HOPE | 整体や体のこと・栄養 | 滋賀の整体師が語る！からだのお悩みコラム | 滋賀の整体師が語る！からだのお悩みコラム",
shiga-seitai,https://shiga-seitai.jp/kids-seitai-column/stollen.html,stollen.html,2022-02-12T07:42:33+00:00,守山市で人気 BECKシュトーレンプレゼント終了のお知らせ | 滋賀 守山市整体HOPE【18年/口コミ4.8】骨盤から根本改善 ストレッチで優しく 守山で人気・おすすめ整体院,滋賀県守山市で整体 骨盤矯正ならストレッチ×整体HOPE。守山市で人気のBECKさんとシュトーレンのコラボ企画。好評に付き終了させて頂きました。今後も守山市の様々な店舗とコラボしていきますので守山市民の方はこうご期待下さいませ。滋賀県(SHIGA) 整体 骨盤矯正で肩こり 腰痛 頭痛の根本改善 | 滋賀 守山市整体HOPE【18年/口コミ4.8】骨盤矯正×ストレッチ 根本改善 守山で人気・おすすめ整体院,"滋賀,整体,守山市,パン屋,整体院のスケジュール,こどもの整体コラム,守山市・堅田ローカルニュース,産後・妊婦,猫背,肩こり,腰痛,姿勢改善,姿勢,滋賀県,守山",守山市で人気 BECKシュトーレンプレゼント終了のお知らせ | 滋賀 守山市整体HOPE【18年/口コミ4.8】骨盤から根本改善 ストレッチで優しく 守山で人気・おすすめ整体院,"slug.'"">整体院のスケジュールslug.'"">こどもの整体コラムslug.'"">守山市・堅田ローカルニュースslug.'"">産後・妊婦 | 守山市で人気 BECKシュトーレンプレゼント終了のお知らせ | 滋賀 ストレッチ × 整体 HOPE | 整体院のスケジュール | HOPEからのお知らせ | HOPEからのお知らせ",
shiga-seitai,https://shiga-seitai.jp/kids-seitai-column/personal.html,personal.html,2025-12-15T03:47:16+00:00,1日5名様限定の理由 滋賀のパーソナルに特化した整体院 | 滋賀 守山市整体HOPE【18年/口コミ4.8】骨盤から根本改善 ストレッチで優しく 守山で人気・おすすめ整体院,滋賀県守山市で整体 骨盤矯正ならストレッチ×整体HOPE。1日5名様限定の整体院。限定なのには理由があります。滋賀県で一人一人にしっかりと対応してほしい、病院・整骨院で解決しなかった人、早期改善を目指す方は守山市水保町ストレッチ×整体HOPEに。,"滋賀,整体,骨盤矯正,腰痛,美容整体コラム,こどもの整体コラム,HOPEのこだわり,ピックアップ 整体コラム,産後・妊婦,スポーツ,猫背,肩こり,姿勢改善,姿勢,滋賀県,守山,守山市",1日5名様限定の理由 滋賀のパーソナルに特化した整体院 | 滋賀 守山市整体HOPE【18年/口コミ4.8】骨盤から根本改善 ストレッチで優しく 守山で人気・おすすめ整体院,"slug.'"">美容整体コラムslug.'"">こどもの整体コラムslug.'"">HOPEのこだわりslug.'"">ピックアップ 整体コラムslug.'"">産後・妊婦slug.'"">スポーツ | 1日5名様限定の理由 滋賀のパーソナルに特化した整体院 | 滋賀 ストレッチ × 整体 HOPE | 美容整体コラム",
shiga-seitai,https://shiga-seitai.jp/after-childbirth-column/pregnant-woman-stress.html,pregnant-woman-stress.html,2022-10-27T23:25:34+00:00,滋賀県の妊婦さんへおすすめ！ストレス解消法5選！ | 滋賀 守山市整体HOPE【18年/口コミ4.8】骨盤から根本改善 ストレッチで優しく 守山で人気・おすすめ整体院,滋賀で整体はストレッチ×整体HOPEへ。妊婦さんのストレスは想像以上に大変です。女性ホルモン、自律神経の乱れが関係してます。少しでもストレスを発散させて自律神経を整えていきましょう。妊婦さんが少しでも楽に生活を過ごせるように手助け出来たらと思います。,"滋賀,整体,妊婦さんのストレス,産後骨盤矯正コラム,猫背,肩こり,腰痛,姿勢改善,姿勢,滋賀県,守山,守山市",滋賀県の妊婦さんへおすすめ！ストレス解消法5選！ | 滋賀 守山市整体HOPE【18年/口コミ4.8】骨盤から根本改善 ストレッチで優しく 守山で人気・おすすめ整体院,"slug.'"">産後骨盤矯正コラム | 滋賀県の妊婦さんへおすすめ！ストレス解消法5選！ | 滋賀 ストレッチ × 整体 HOPE | 産後骨盤矯正コラム",
shiga-seitai,https://shiga-seitai.jp/seitai-column/winter-strainedback.html,winter-strainedback.html,2024-11-30T12:10:53+00:00,年末のぎっくり腰に注意 | 滋賀 守山市整体HOPE【18年/口コミ4.8】骨盤から根本改善 ストレッチで優しく 守山で人気・おすすめ整体院,滋賀で整体 骨盤矯正をお探しなら守山市で人気のストレッチ×整体HOPE！年末はぎっくり腰が多くなる季節。ぎっくり腰で寝正月をしない為にも日頃から姿勢、ストレッチで予防をしておきましょう。滋賀でギックリ腰でお悩みならストレッチ×整体HOPE滋賀県(SHIGA) 整体 骨盤矯正で肩こり 腰痛 頭痛の根本改善 | 滋賀 守山市整体HOPE【18年/口コミ4.8】骨盤矯正×ストレッチ 根本改善 守山で人気・おすすめ整体院,"滋賀,整体,守山市,ぎっくり腰,整体や体のこと・栄養,腰痛,ピックアップ 整体コラム,姿勢,滋賀の整体師が語る！からだのお悩みコラム,猫背,肩こり,姿勢改善,滋賀県,守山",年末のぎっくり腰に注意 | 滋賀 守山市整体HOPE【18年/口コミ4.8】骨盤から根本改善 ストレッチで優しく 守山で人気・おすすめ整体院,"slug.'"">整体や体のこと・栄養slug.'"">ぎっくり腰slug.'"">腰痛slug.'"">ピックアップ 整体コラムslug.'"">姿勢slug.'"">滋賀の整体師が語る！からだのお悩みコラム | 年末のぎっくり腰に注意 | 滋賀 ストレッチ × 整体 HOPE | 整体や体のこと・栄養 | 滋賀の整体師が語る！からだのお悩みコラム | 滋賀の整体師が語る！からだのお悩みコラム",
shiga-seitai,https://shiga-seitai.jp/kids-seitai-column/familycorona.html,familycorona.html,2022-03-20T09:01:24+00:00,ご家族に新型コロナウイルスの感染者が出た場合の対策 | 滋賀 守山市整体HOPE【18年/口コミ4.8】骨盤から根本改善 ストレッチで優しく 守山で人気・おすすめ整体院,滋賀で整体ならストレッチ×整体HOPE。新型コロナウイルスの感染者がご家庭に出た場合の対策をまとめさせて頂きました。お子様、ご家族、身近な人を守る為にもぜひ参考にしてみてください。滋賀県(SHIGA) 整体 骨盤矯正で肩こり 腰痛 頭痛の根本改善 | 滋賀 守山市整体HOPE【18年/口コミ4.8】骨盤矯正×ストレッチ 根本改善 守山で人気・おすすめ整体院,"滋賀,整体,守山市,コロナウイルス関連,こどもの整体コラム,守山市・堅田ローカルニュース,産後・妊婦,猫背,肩こり,腰痛,姿勢改善,姿勢,滋賀県,守山",ご家族に新型コロナウイルスの感染者が出た場合の対策 | 滋賀 守山市整体HOPE【18年/口コミ4.8】骨盤から根本改善 ストレッチで優しく 守山で人気・おすすめ整体院,"slug.'"">コロナウイルス関連slug.'"">こどもの整体コラムslug.'"">守山市・堅田ローカルニュースslug.'"">産後・妊婦 | ご家族に新型コロナウイルスの感染者が出た場合の対策 | 滋賀 ストレッチ × 整体 HOPE | コロナウイルス関連 | HOPEからのお知らせ | HOPEからのお知らせ",
shiga-seitai,https://shiga-seitai.jp/after-childbirth-column/sango-tenosynovitis.html,sango-tenosynovitis.html,2023-08-07T03:59:07+00:00,滋賀で産後の方必見 産後に多い腱鞘炎の痛み | 滋賀 守山市整体HOPE【18年/口コミ4.8】骨盤から根本改善 ストレッチで優しく 守山で人気・おすすめ整体院,滋賀県守山市で産後の骨盤矯正・整体ならストレッチ×整体HOPE。産後に多い腱鞘炎、病院での治療は手術、安静、薬の投与など対処療法が多いです。根本的改善には癖、姿勢を変えないといけません。肩こり、頭痛にも影響してくる為、痛みが出る前に対応していくのが最善です,"滋賀,整体,守山市,腱鞘炎,産後骨盤矯正コラム,猫背,肩こり,腰痛,姿勢改善,姿勢,滋賀県,守山",滋賀で産後の方必見 産後に多い腱鞘炎の痛み | 滋賀 守山市整体HOPE【18年/口コミ4.8】骨盤から根本改善 ストレッチで優しく 守山で人気・おすすめ整体院,"slug.'"">産後骨盤矯正コラム | 滋賀で産後の方必見 産後に多い腱鞘炎の痛み | 滋賀 ストレッチ × 整体 HOPE | 産後骨盤矯正コラム",
shiga-seitai,https://shiga-seitai.jp/seitai-column/straightneck-makigata.html,straightneck-makigata.html,2026-03-21T13:13:54+00:00,【ストレートネックの方におすすめ】骨盤・姿勢のプロ直伝 首の負担を減少する枕の作り方 | 滋賀 守山市整体HOPE【18年/口コミ4.8】骨盤から根本改善 ストレッチで優しく 守山で人気・おすすめ整体院,滋賀で整体をお探しならHOPEへ！起床時に首肩が痛い、ストレートネック、頭痛、寝違えでお悩みの方の多かったにので簡単に出来る枕をご紹介。滋賀県で病院、整骨院で解決しなかったストレートネック、寝違えを治したい方はご来店お待ちしております。滋賀県(SHIGA) 整体 骨盤矯正で肩こり 腰痛 頭痛の根本改善 | 滋賀 守山市整体HOPE【18年/口コミ4.8】骨盤矯正×ストレッチ 根本改善 守山で人気・おすすめ整体院,"滋賀,整体,守山市,ストレートネック,肩こり,整体や体のこと・栄養,猫背,姿勢からの肩こり,首,美容整体コラム,反り腰,ピックアップ 整体コラム,姿勢,骨盤,滋賀の整体師が語る！からだのお悩みコラム,頭痛,快適な睡眠方法,腰痛,姿勢改善,滋賀県,守山",【ストレートネックの方におすすめ】骨盤・姿勢のプロ直伝 首の負担を減少する枕の作り方 | 滋賀 守山市整体HOPE【18年/口コミ4.8】骨盤から根本改善 ストレッチで優しく 守山で人気・おすすめ整体院,"slug.'"">整体や体のこと・栄養slug.'"">猫背slug.'"">姿勢からの肩こりslug.'"">首slug.'"">ストレートネックslug.'"">美容整体コラムslug.'"">肩こりslug.'"">反り腰slug.'"">ピックアップ 整体コラムslug.'"">姿勢slug.'"">骨盤slug.'"">滋賀の整体師が語る！からだのお悩みコラムslug.'"">頭痛slug.'"">快適な睡眠方法 | 【ストレートネックの方におすすめ】骨盤・姿勢のプロ直伝 首の負担を減少する枕の作り方 | 滋賀 ストレッチ × 整体 HOPE | 整体や体のこと・栄養 | 滋賀の整体師が語る！からだのお悩みコラム | 滋賀の整体師が語る！からだのお悩みコラム",
shiga-seitai,https://shiga-seitai.jp/after-childbirth-column/sango-tenosynovitis-check.html,sango-tenosynovitis-check.html,2022-10-27T23:21:59+00:00,産後の約60％が感じる腱鞘炎 簡単なチェック方法 | 滋賀 守山市整体HOPE【18年/口コミ4.8】骨盤から根本改善 ストレッチで優しく 守山で人気・おすすめ整体院,滋賀県守山市で整体ならストレッチ×整体HOPE。産後にママさんに多い腱鞘炎。しばらくすると痛みが治まる場合もありますが痛みがどんどんと酷くなる場合もある症状です。しっかりと原因を追究し根本的改善を目指しましょう。滋賀で腱鞘炎でお困りの場合はストレッチ×整体HOPE。,"滋賀,整体,産後,腱鞘炎,産後骨盤矯正コラム,猫背,肩こり,腰痛,姿勢改善,姿勢,滋賀県,守山,守山市",産後の約60％が感じる腱鞘炎 簡単なチェック方法 | 滋賀 守山市整体HOPE【18年/口コミ4.8】骨盤から根本改善 ストレッチで優しく 守山で人気・おすすめ整体院,"slug.'"">産後骨盤矯正コラム | 産後の約60％が感じる腱鞘炎 簡単なチェック方法 | 滋賀 ストレッチ × 整体 HOPE | 産後骨盤矯正コラム",
shiga-seitai,https://shiga-seitai.jp/after-childbirth-column/sango-diet.html,sango-diet.html,2022-12-14T03:52:53+00:00,滋賀県で産後の方必見 産後の骨盤矯正とダイエットの関連性はあるのか？ | 滋賀 守山市整体HOPE【18年/口コミ4.8】骨盤から根本改善 ストレッチで優しく 守山で人気・おすすめ整体院,滋賀で産後の骨盤矯正ならストレッチ×整体HOPE。産後でよくあるお悩みとしてダイエットしたい、中々痩せないと言ったお話はよく聞きます。その原因は骨盤の歪み？出産後は骨盤が歪んでしまう為、痩せにくい体となってしまいます。骨盤矯正受けて、ダイエットしやすい体作り目指しましょう。,"滋賀,整体,骨盤矯正,産後,産後骨盤矯正コラム,猫背,肩こり,腰痛,姿勢改善,姿勢,滋賀県,守山,守山市",滋賀県で産後の方必見 産後の骨盤矯正とダイエットの関連性はあるのか？ | 滋賀 守山市整体HOPE【18年/口コミ4.8】骨盤から根本改善 ストレッチで優しく 守山で人気・おすすめ整体院,"slug.'"">産後骨盤矯正コラム | 滋賀県で産後の方必見 産後の骨盤矯正とダイエットの関連性はあるのか？ | 滋賀 ストレッチ × 整体 HOPE | 産後骨盤矯正コラム",
shiga-seitai,https://shiga-seitai.jp/after-childbirth-column/sango-kotubankyousei-money.html,sango-kotubankyousei-money.html,2026-02-28T09:56:40+00:00,【産後の骨盤矯正にかかる料金】滋賀県ストレッチ×整体HOPEの場合 | 滋賀 守山市整体HOPE【18年/口コミ4.8】骨盤から根本改善 ストレッチで優しく 守山で人気・おすすめ整体院,滋賀で産後の骨盤矯正が出来る整体院ストレッチ×整体HOPE。産後の骨盤矯正の気になる料金を整骨院・整体院別に。産後の骨盤気矯正はいつからが良いのか？など説明させて頂きました。料金も大事ですが信頼できる先生、相談に答えてくれる先生かを見極めましょう。草津市からもご来店頂いております。,"滋賀,整体,守山市,産後の骨盤矯正,産後骨盤矯正コラム,猫背,肩こり,腰痛,姿勢改善,姿勢,滋賀県,守山",【産後の骨盤矯正にかかる料金】滋賀県ストレッチ×整体HOPEの場合 | 滋賀 守山市整体HOPE【18年/口コミ4.8】骨盤から根本改善 ストレッチで優しく 守山で人気・おすすめ整体院,"slug.'"">産後骨盤矯正コラム | 【産後の骨盤矯正にかかる料金】滋賀県ストレッチ×整体HOPEの場合 | 滋賀 ストレッチ × 整体 HOPE | 産後骨盤矯正コラム",
shiga-seitai,https://shiga-seitai.jp/kids-seitai-column/schedule22-3-html.html,schedule22-3-html.html,2022-04-25T05:47:07+00:00,3月のスケジュールとキャンペーン | 滋賀 守山市整体HOPE【18年/口コミ4.8】骨盤から根本改善 ストレッチで優しく 守山で人気・おすすめ整体院,滋賀県守山市で整体 骨盤矯正ならストレッチ×整体HOPE。3月はO脚矯正をピックアップ。O脚を改善してスポーツのパフォーマンスアップ、膝痛、外反母趾、美脚を手に入れましょう。滋賀県でO脚でお悩みの方はぜひこの機会にお試し下さいませ。滋賀県(SHIGA) 整体 骨盤矯正で肩こり 腰痛 頭痛の根本改善 | 滋賀 守山市整体HOPE【18年/口コミ4.8】骨盤矯正×ストレッチ 根本改善 守山で人気・おすすめ整体院,"滋賀,整体,守山市,整体院のスケジュール,こどもの整体コラム,猫背,肩こり,腰痛,姿勢改善,姿勢,滋賀県,守山",3月のスケジュールとキャンペーン | 滋賀 守山市整体HOPE【18年/口コミ4.8】骨盤から根本改善 ストレッチで優しく 守山で人気・おすすめ整体院,"slug.'"">整体院のスケジュールslug.'"">こどもの整体コラム | 3月のスケジュールとキャンペーン | 滋賀 ストレッチ × 整体 HOPE | 整体院のスケジュール | HOPEからのお知らせ | HOPEからのお知らせ",
shiga-seitai,https://shiga-seitai.jp/seitai-column/posture/linecoupon-3.html,linecoupon-3.html,2022-04-25T05:46:59+00:00,3月は無料で姿勢チェック LINE会員様限定クーポン | 滋賀 守山市整体HOPE【18年/口コミ4.8】骨盤から根本改善 ストレッチで優しく 守山で人気・おすすめ整体院,滋賀で整体 骨盤矯正ならストレッチ×整体HOPE。3月はLINE会員様限定で『無料で姿勢チェック』をプレゼント。春に向けて姿勢矯正してみてはいかがでしょうか？美しいスタイルで外に出かけましょう。姿勢はスポーツパフォーマンスアップにもGood！,"滋賀,整体,守山市,姿勢矯正,毎月キャンペーン,姿勢,骨盤,猫背,肩こり,腰痛,姿勢改善,滋賀県,守山",3月は無料で姿勢チェック LINE会員様限定クーポン | 滋賀 守山市整体HOPE【18年/口コミ4.8】骨盤から根本改善 ストレッチで優しく 守山で人気・おすすめ整体院,"slug.'"">毎月キャンペーンslug.'"">姿勢slug.'"">骨盤 | 3月は無料で姿勢チェック LINE会員様限定クーポン | 滋賀 ストレッチ × 整体 HOPE | 毎月キャンペーン | キャンペーン | キャンペーン",
shiga-seitai,https://shiga-seitai.jp/beauty-seitai-column/okyaku-5cause.html,okyaku-5cause.html,2022-12-14T10:00:17+00:00,滋賀の整体師が語るO脚の原因5選 | 滋賀 守山市整体HOPE【18年/口コミ4.8】骨盤から根本改善 ストレッチで優しく 守山で人気・おすすめ整体院,滋賀 守山市で整体 骨盤矯正ならストレッチ×整体HOPEへ。現役整体師が『O脚の原因5選』について解説。女性やサッカーなどスポーツされている方もO脚になる可能性が高い為、原因をしっかりと見極めてO脚改善へ。滋賀県でO脚でお悩みの方はぜひ一度お試し下さい。,"滋賀,整体,守山市,o脚,美容整体コラム,猫背,肩こり,腰痛,姿勢改善,姿勢,滋賀県,守山",滋賀の整体師が語るO脚の原因5選 | 滋賀 守山市整体HOPE【18年/口コミ4.8】骨盤から根本改善 ストレッチで優しく 守山で人気・おすすめ整体院,"slug.'"">美容整体コラム | 滋賀の整体師が語るO脚の原因5選 | 滋賀 ストレッチ × 整体 HOPE | 美容整体コラム",
shiga-seitai,https://shiga-seitai.jp/beauty-seitai-column/olegs-5merit.html,olegs-5merit.html,2026-01-31T13:33:32+00:00,「O脚は生まれつき」と諦めていませんか？滋賀の整体が教える美脚のメリット5選 | 滋賀 守山市整体HOPE【18年/口コミ4.8】骨盤から根本改善 ストレッチで優しく 守山で人気・おすすめ整体院,滋賀県守山市でO脚矯正ならストレッチ×整体HOPE。滋賀・守山市の整体院が解説する「O脚矯正のメリット」。O脚は見た目だけの問題ではありません。スポーツのパフォーマンス低下や、将来の変形性膝関節症のリスクも。歴18年のプロが、あなたの脚の歪みを根本から整えます。まずはご相談ください。,"滋賀,整体,守山市,o脚,美脚,スポーツパフォーマンス,姿勢改善,美容整体コラム,猫背,肩こり,腰痛,姿勢,滋賀県,守山",「O脚は生まれつき」と諦めていませんか？滋賀の整体が教える美脚のメリット5選 | 滋賀 守山市整体HOPE【18年/口コミ4.8】骨盤から根本改善 ストレッチで優しく 守山で人気・おすすめ整体院,"slug.'"">美容整体コラム | 「O脚は生まれつき」と諦めていませんか？滋賀の整体が教える美脚のメリット5選 | 滋賀 ストレッチ × 整体 HOPE | 美容整体コラム",
shiga-seitai,https://shiga-seitai.jp/beauty-seitai-column/olegs-3question.html,olegs-3question.html,2023-02-19T06:01:41+00:00,O脚矯正によくある質問3選-回数は？料金は？治るのか？ | 滋賀 守山市整体HOPE【18年/口コミ4.8】骨盤から根本改善 ストレッチで優しく 守山で人気・おすすめ整体院,滋賀でO脚矯正、整体ならストレッチ×整体HOPE。今回はO脚矯正のよくある質問を姿勢矯正のプロが解説。病院、整骨院、整形外科などで解決しなかったO脚矯正お任せ下さい。パーソナルに特化してあなたのO脚矯正します。滋賀でO脚でお悩みの方は是非。滋賀県(SHIGA) 整体 骨盤矯正で肩こり 腰痛 頭痛の根本改善 | 滋賀 守山市整体HOPE【18年/口コミ4.8】骨盤矯正×ストレッチ 根本改善 守山で人気・おすすめ整体院,"滋賀,整体,守山市,O脚,美容整体コラム,猫背,肩こり,腰痛,姿勢改善,姿勢,滋賀県,守山",O脚矯正によくある質問3選-回数は？料金は？治るのか？ | 滋賀 守山市整体HOPE【18年/口コミ4.8】骨盤から根本改善 ストレッチで優しく 守山で人気・おすすめ整体院,"slug.'"">美容整体コラム | O脚矯正によくある質問3選-回数は？料金は？治るのか？ | 滋賀 ストレッチ × 整体 HOPE | 美容整体コラム",
shiga-seitai,https://shiga-seitai.jp/seitai-column/serratusanterior-training.html,serratusanterior-training.html,2024-12-11T07:45:06+00:00,肩こり 猫背の根本改善には前鋸筋トレーニング | 滋賀 守山市整体HOPE【18年/口コミ4.8】骨盤から根本改善 ストレッチで優しく 守山で人気・おすすめ整体院,滋賀で整体ならストレッチ×整体HOPE。肩こり改善には前鋸筋を鍛えよう。現役整体師が前鋸筋とは？働き、メリットなどを動画、論文を交えて分かりやすく解説。滋賀で肩甲骨はがし、ストレートネック、肩こり、猫背、腕が反りやすい方はぜひ参考に。滋賀県(SHIGA) 整体 骨盤矯正で肩こり 腰痛 頭痛の根本改善 | 滋賀 守山市整体HOPE【18年/口コミ4.8】骨盤矯正×ストレッチ 根本改善 守山で人気・おすすめ整体院,"滋賀,整体,守山市,肩こり,猫背,肩甲骨,美容整体コラム,美姿勢トレーニング,ピックアップ 整体コラム,滋賀の整体師が語る！からだのお悩みコラム,スポーツ,腰痛,姿勢改善,姿勢,滋賀県,守山",肩こり 猫背の根本改善には前鋸筋トレーニング | 滋賀 守山市整体HOPE【18年/口コミ4.8】骨盤から根本改善 ストレッチで優しく 守山で人気・おすすめ整体院,"slug.'"">猫背slug.'"">肩こりslug.'"">肩甲骨slug.'"">美容整体コラムslug.'"">美姿勢トレーニングslug.'"">ピックアップ 整体コラムslug.'"">滋賀の整体師が語る！からだのお悩みコラムslug.'"">スポーツ | 肩こり 猫背の根本改善には前鋸筋トレーニング | 滋賀 ストレッチ × 整体 HOPE | 猫背 | 姿勢 | 姿勢",
shiga-seitai,https://shiga-seitai.jp/stretch-column/enzyme-bath-stretch.html,enzyme-bath-stretch.html,2024-07-03T14:36:45+00:00,酵素浴の効果を最大限に引き出すストレッチ整体 | 滋賀 守山市整体HOPE【18年/口コミ4.8】骨盤から根本改善 ストレッチで優しく 守山で人気・おすすめ整体院,滋賀で整体ならストレッチ×整体HOPE。酵素浴の施設が滋賀県でも増加してきました、それに伴い酵素浴とストレッチ整体の関連性をまとめてみましたので、体の柔軟性でお悩み、代謝でお悩みの方はぜひご覧くださいませ。滋賀県(SHIGA) 整体 骨盤矯正で肩こり 腰痛 頭痛の根本改善 | 滋賀 守山市整体HOPE【18年/口コミ4.8】骨盤矯正×ストレッチ 根本改善 守山で人気・おすすめ整体院,"滋賀,整体,守山市,ストレッチ,ストレッチ整体コラム,猫背,肩こり,腰痛,姿勢改善,姿勢,滋賀県,守山",酵素浴の効果を最大限に引き出すストレッチ整体 | 滋賀 守山市整体HOPE【18年/口コミ4.8】骨盤から根本改善 ストレッチで優しく 守山で人気・おすすめ整体院,"slug.'"">ストレッチ整体コラム | 酵素浴の効果を最大限に引き出すストレッチ整体 | 滋賀 ストレッチ × 整体 HOPE | ストレッチ整体コラム",
shiga-seitai,https://shiga-seitai.jp/seitai-column/posture/beautifulposture-training.html,beautifulposture-training.html,2026-03-30T09:18:10+00:00,姿勢のプロが教える 美姿勢に必要な筋肉とおすすめトレーニング3選 | 滋賀 守山市整体HOPE【18年/口コミ4.8】骨盤から根本改善 ストレッチで優しく 守山で人気・おすすめ整体院,滋賀で美容整体、美姿勢を目指すならストレッチ×整体HOPE。守山市で1.7万人の姿勢改善実績あり。美容は美容整形だけではありません。美姿勢を手に入れる事により、若く美しく見られます。滋賀で美容整体でお困りの方はストレッチ×整体HOPEにご相談下さい。,"滋賀,整体,守山市滋賀,美容整体,美容整体コラム,美姿勢トレーニング,姿勢,猫背,肩こり,腰痛,姿勢改善,滋賀県,守山,守山市",姿勢のプロが教える 美姿勢に必要な筋肉とおすすめトレーニング3選 | 滋賀 守山市整体HOPE【18年/口コミ4.8】骨盤から根本改善 ストレッチで優しく 守山で人気・おすすめ整体院,"slug.'"">美容整体コラムslug.'"">美姿勢トレーニングslug.'"">姿勢 | 姿勢のプロが教える 美姿勢に必要な筋肉とおすすめトレーニング3選 | 滋賀 ストレッチ × 整体 HOPE | 美容整体コラム",
shiga-seitai,https://shiga-seitai.jp/seitai-column/kyphosis-training.html,kyphosis-training.html,2024-11-30T11:34:58+00:00,姿勢のプロが教える 猫背予防の筋トレ3選 | 滋賀 守山市整体HOPE【18年/口コミ4.8】骨盤から根本改善 ストレッチで優しく 守山で人気・おすすめ整体院,滋賀で猫背、美容整体ならストレッチ×整体HOPE。姿勢のプロが猫背予防の筋トレ3選を解説させて頂きます。猫背は、頭痛、肩こり、腰痛など健康面でも影響してきます。美姿勢を目指して健康と美容を手に入れましょう。滋賀で猫背改善はストレッチ×整体HOPEにご相談下さい。,"滋賀,整体,守山市,猫背,肩こり,美容整体コラム,美姿勢トレーニング,ピックアップ 整体コラム,姿勢,滋賀の整体師が語る！からだのお悩みコラム,腰痛,姿勢改善,滋賀県,守山",姿勢のプロが教える 猫背予防の筋トレ3選 | 滋賀 守山市整体HOPE【18年/口コミ4.8】骨盤から根本改善 ストレッチで優しく 守山で人気・おすすめ整体院,"slug.'"">猫背slug.'"">肩こりslug.'"">美容整体コラムslug.'"">美姿勢トレーニングslug.'"">ピックアップ 整体コラムslug.'"">姿勢slug.'"">滋賀の整体師が語る！からだのお悩みコラム | 姿勢のプロが教える 猫背予防の筋トレ3選 | 滋賀 ストレッチ × 整体 HOPE | 猫背 | 姿勢 | 姿勢",
shiga-seitai,https://shiga-seitai.jp/beauty-seitai-column/rolled-shoulder-training.html,rolled-shoulder-training.html,2025-12-20T13:08:22+00:00,巻き肩改善で二の腕のたるみも解消 巻き肩予防 筋トレ3選 | 滋賀 守山市整体HOPE【18年/口コミ4.8】骨盤から根本改善 ストレッチで優しく 守山で人気・おすすめ整体院,滋賀で美容整体・骨盤矯正ならストレッチ×整体HOPE。今回は美姿勢、バストアップ、二の腕スッキリには必要な『巻き肩予防トレーニング』について解説させて頂きます。巻き肩は放置していても良いことありません。滋賀で巻き肩でお悩みの方はストレッチ×整体HOPEに。,"滋賀,整体,守山市,巻き肩,美容整体コラム,猫背,肩こり,腰痛,姿勢改善,姿勢,滋賀県,守山",巻き肩改善で二の腕のたるみも解消 巻き肩予防 筋トレ3選 | 滋賀 守山市整体HOPE【18年/口コミ4.8】骨盤から根本改善 ストレッチで優しく 守山で人気・おすすめ整体院,"slug.'"">美容整体コラム | 巻き肩改善で二の腕のたるみも解消 巻き肩予防 筋トレ3選 | 巻き肩改善で二の腕のたるみも解消巻き肩予防 筋トレ3選 | 滋賀 ストレッチ × 整体 HOPE | 美容整体コラム",
shiga-seitai,https://shiga-seitai.jp/beauty-seitai-column/beautifullegs-training.html,beautifullegs-training.html,2024-12-11T07:49:03+00:00,【必見】美脚に必要なのは内転筋 O脚 XO脚改善内転筋トレーニング | 滋賀 守山市整体HOPE【18年/口コミ4.8】骨盤から根本改善 ストレッチで優しく 守山で人気・おすすめ整体院,滋賀の整体院で美脚を目指すならストレッチ×整体HOPE。内転筋と美脚とO脚とXO脚の関連性を滋賀の整体師が語ります。滋賀県守山市で美脚を目指している、O脚、XO脚でお悩みの方は是非ご相談下さいませ。滋賀県(SHIGA) 整体 骨盤矯正で肩こり 腰痛 頭痛の根本改善 | 滋賀 守山市整体HOPE【18年/口コミ4.8】骨盤矯正×ストレッチ 根本改善 守山で人気・おすすめ整体院,"滋賀,整体,守山市滋賀,O脚,美容整体コラム,猫背,肩こり,腰痛,姿勢改善,姿勢,滋賀県,守山,守山市",【必見】美脚に必要なのは内転筋 O脚 XO脚改善内転筋トレーニング | 滋賀 守山市整体HOPE【18年/口コミ4.8】骨盤から根本改善 ストレッチで優しく 守山で人気・おすすめ整体院,"slug.'"">美容整体コラム | 【必見】美脚に必要なのは内転筋 O脚 XO脚改善内転筋トレーニング | 滋賀 ストレッチ × 整体 HOPE | 美容整体コラム",
shiga-seitai,https://shiga-seitai.jp/beauty-seitai-column/intestine-dna.html,intestine-dna.html,2024-11-19T03:36:18+00:00,ダイエット 美容意識高い方注目 腸内DNA検査(菌ドック）導入 | 滋賀 守山市整体HOPE【18年/口コミ4.8】骨盤から根本改善 ストレッチで優しく 守山で人気・おすすめ整体院,滋賀で整体・骨盤矯正ならストレッチ×整体HOPE。腸活が言葉が流行っている位、腸が最近では注目されております。それに伴い腸内細菌の事が分かるDNA検査(菌ドック)を導入。ダイエット、美容などに上手く活用ましょう。滋賀県(SHIGA) 整体 骨盤矯正で肩こり 腰痛 頭痛の根本改善 | 滋賀 守山市整体HOPE【18年/口コミ4.8】骨盤矯正×ストレッチ 根本改善 守山で人気・おすすめ整体院,"滋賀,整体,守山市,腸内DNA検査,美容整体コラム,猫背,肩こり,腰痛,姿勢改善,姿勢,滋賀県,守山",ダイエット 美容意識高い方注目 腸内DNA検査(菌ドック）導入 | 滋賀 守山市整体HOPE【18年/口コミ4.8】骨盤から根本改善 ストレッチで優しく 守山で人気・おすすめ整体院,"slug.'"">美容整体コラム | ダイエット 美容意識高い方注目 腸内DNA検査(菌ドック）導入 | 滋賀 ストレッチ × 整体 HOPE | 美容整体コラム",
shiga-seitai,https://shiga-seitai.jp/stretch-column/autonomic-nerves.html,autonomic-nerves.html,2025-12-13T14:38:54+00:00,コロナで増加 自律神経の乱れを改善する為にはストレッチ整体 | 滋賀 守山市整体HOPE【18年/口コミ4.8】骨盤から根本改善 ストレッチで優しく 守山で人気・おすすめ整体院,滋賀で自律神経の乱れでお悩みならストレッチ×整体HOPEで。コロナにより自律神経の乱れ悩まれている方が増加しております。おひとりにおひとりに合ったオーダーメード整体で自律神経の乱れを緩和させましょう。産後鬱で悩まされている方にもおすすめ 。滋賀県(SHIGA) 整体 骨盤矯正で肩こり 腰痛 頭痛の根本改善 | 滋賀 守山市整体HOPE【18年/口コミ4.8】骨盤矯正×ストレッチ 根本改善 守山で人気・おすすめ整体院,"滋賀,整体,守山市,自律神経,ストレッチ整体コラム,猫背,肩こり,腰痛,姿勢改善,姿勢,滋賀県,守山",コロナで増加 自律神経の乱れを改善する為にはストレッチ整体 | 滋賀 守山市整体HOPE【18年/口コミ4.8】骨盤から根本改善 ストレッチで優しく 守山で人気・おすすめ整体院,"slug.'"">ストレッチ整体コラム | コロナで増加 自律神経の乱れを改善する為にはストレッチ整体 | 自律神経の乱れチェック | 滋賀 ストレッチ × 整体 HOPE | ストレッチ整体コラム",
shiga-seitai,https://shiga-seitai.jp/stretch-column/feelsgood-seitai.html,feelsgood-seitai.html,2022-10-30T11:18:35+00:00,気持ちいいで評判のストレッチ整体-滋賀守山発HOPE式整体 | 滋賀 守山市整体HOPE【18年/口コミ4.8】骨盤から根本改善 ストレッチで優しく 守山で人気・おすすめ整体院,滋賀で気持ちいい整体ならストレッチ×整体HOPE。痛みのある整体はもう古い？気持ちいいで評判のストレッチ整体を整体師歴14年の整体師が解説。滋賀県守山市でお一人お一人に合わしたストレッチ整体を提供。滋賀県(SHIGA) 整体 骨盤矯正で肩こり 腰痛 頭痛の根本改善 | 滋賀 守山市整体HOPE【18年/口コミ4.8】骨盤矯正×ストレッチ 根本改善 守山で人気・おすすめ整体院,"滋賀,整体,守山市,気持ちいい整体,ストレッチ整体コラム,猫背,肩こり,腰痛,姿勢改善,姿勢,滋賀県,守山",気持ちいいで評判のストレッチ整体-滋賀守山発HOPE式整体 | 滋賀 守山市整体HOPE【18年/口コミ4.8】骨盤から根本改善 ストレッチで優しく 守山で人気・おすすめ整体院,"slug.'"">ストレッチ整体コラム | 気持ちいいで評判のストレッチ整体-滋賀守山発HOPE式整体 | 滋賀 ストレッチ × 整体 HOPE | ストレッチ整体コラム",
shiga-seitai,https://shiga-seitai.jp/stretch-column/zutu.html,zutu.html,2025-08-31T08:03:05+00:00,頭痛には滋賀発HOPE式ストレッチ整体で改善 薬に頼らない体作りを目指す | 滋賀 守山市整体HOPE【18年/口コミ4.8】骨盤から根本改善 ストレッチで優しく 守山で人気・おすすめ整体院,滋賀で整体ならストレッチ×整体HOPE。日本人の約4人に1人が頭痛に悩まされています。どのタイプの頭痛か判断し適切な対応をすれば頭痛は改善できます。滋賀県で病院の頭痛外来にいっても改善できなかった方、慢性的に頭痛でお悩みな方はぜひご相談ください。,"滋賀,整体,頭痛,ストレッチ整体コラム,猫背,肩こり,腰痛,姿勢改善,姿勢,滋賀県,守山,守山市",頭痛には滋賀発HOPE式ストレッチ整体で改善 薬に頼らない体作りを目指す | 滋賀 守山市整体HOPE【18年/口コミ4.8】骨盤から根本改善 ストレッチで優しく 守山で人気・おすすめ整体院,"slug.'"">ストレッチ整体コラム | 頭痛には滋賀発HOPE式ストレッチ整体で改善 薬に頼らない体作りを目指す | 滋賀 ストレッチ × 整体 HOPE | ストレッチ整体コラム",
shiga-seitai,https://shiga-seitai.jp/stretch-column/women-katakori.html,women-katakori.html,2025-10-09T12:33:45+00:00,女性のお悩みNO.1 慢性的な肩こりは滋賀発HOPE式ストレッチ整体で改善 | 滋賀 守山市整体HOPE【18年/口コミ4.8】骨盤から根本改善 ストレッチで優しく 守山で人気・おすすめ整体院,滋賀で整体ならストレッチ×整体HOPE。女性の多くは肩こりに悩まされております。今回は女性の肩こり解消法を簡単にご説明させて頂きました。産後の肩こり、慢性的な肩こりなど滋賀県で肩こりに悩まれている方は是非統制他院にてお試しください。滋賀県(SHIGA) 整体 骨盤矯正で肩こり 腰痛 頭痛の根本改善 | 滋賀 守山市整体HOPE【18年/口コミ4.8】骨盤矯正×ストレッチ 根本改善 守山で人気・おすすめ整体院,"滋賀,整体,肩こり,ストレッチ整体コラム,猫背,腰痛,姿勢改善,姿勢,滋賀県,守山,守山市",女性のお悩みNO.1 慢性的な肩こりは滋賀発HOPE式ストレッチ整体で改善 | 滋賀 守山市整体HOPE【18年/口コミ4.8】骨盤から根本改善 ストレッチで優しく 守山で人気・おすすめ整体院,"slug.'"">ストレッチ整体コラム | 女性のお悩みNO.1 慢性的な肩こりは滋賀発HOPE式ストレッチ整体で改善 | 滋賀 ストレッチ × 整体 HOPE | ストレッチ整体コラム",
shiga-seitai,https://shiga-seitai.jp/stretch-column/recommendation10.html,recommendation10.html,2024-12-23T13:31:32+00:00,滋賀県の整体・マッサージ店おすすめ10選に選んで頂きました | 滋賀 守山市整体HOPE【18年/口コミ4.8】骨盤から根本改善 ストレッチで優しく 守山で人気・おすすめ整体院,"滋賀で整体・マッサージはストレッチ×整体HOPE。今回は,まるっと関西オススメ情報の【滋賀】整体・マッサージ店おすすめ10選に選んで頂きました。数ある整体院の中から選んで頂き有難うございます。滋賀では希少なストレッチ整体の技術を駆使して肩こり、腰痛を改善をサポートさせて頂きます。ぜひ一度お試し下さいませ","滋賀,整体,守山市,マッサージ,ストレッチ整体コラム,猫背,肩こり,腰痛,姿勢改善,姿勢,滋賀県,守山",滋賀県の整体・マッサージ店おすすめ10選に選んで頂きました | 滋賀 守山市整体HOPE【18年/口コミ4.8】骨盤から根本改善 ストレッチで優しく 守山で人気・おすすめ整体院,"slug.'"">ストレッチ整体コラム | 滋賀県の整体・マッサージ店おすすめ10選に選んで頂きました | 滋賀 ストレッチ × 整体 HOPE | ストレッチ整体コラム",
shiga-seitai,https://shiga-seitai.jp/stretch-column/stretch-autonomic-nerve.html,stretch-autonomic-nerve.html,2026-02-23T14:18:25+00:00,深層筋ストレッチとヘッドスパストレッチ整体で自律神経を整える | 滋賀 守山市整体HOPE【18年/口コミ4.8】骨盤から根本改善 ストレッチで優しく 守山で人気・おすすめ整体院,「しっかり寝たのに疲れが取れない…」とお悩みですか？滋賀で整体をお探しなら守山市のHOPEへ。体の緊張や不調の原因である「自律神経の乱れ」を、科学的根拠に基づいた深層筋ストレッチとヘッドスパで優しく整え、休息モードへ導きます。滋賀県(SHIGA) 整体 骨盤矯正で肩こり 腰痛 頭痛の根本改善 | 滋賀 守山市整体HOPE【18年/口コミ4.8】骨盤矯正×ストレッチ 根本改善 守山で人気・おすすめ整体院,"滋賀,整体,守山市,自律神経の乱れ,ヘッドスパ,深い睡眠,交感神経,ストレッチ整体コラム,猫背,肩こり,腰痛,姿勢改善,姿勢,滋賀県,守山",深層筋ストレッチとヘッドスパストレッチ整体で自律神経を整える | 滋賀 守山市整体HOPE【18年/口コミ4.8】骨盤から根本改善 ストレッチで優しく 守山で人気・おすすめ整体院,"slug.'"">ストレッチ整体コラム | 深層筋ストレッチとヘッドスパストレッチ整体で自律神経を整える | 脳と体の緊張をリセット！「休息モード」への切り替えで、ぐっすり眠れる毎日へ | 滋賀 ストレッチ × 整体 HOPE | ストレッチ整体コラム",
shiga-seitai,https://shiga-seitai.jp/stretch-column/scapula-training.html,scapula-training.html,2023-03-27T08:01:24+00:00,肩甲骨はがしだけではダメ？！ 肩こり改善にはストレッチ整体と肩甲骨トレがおすすめ | 滋賀 守山市整体HOPE【18年/口コミ4.8】骨盤から根本改善 ストレッチで優しく 守山で人気・おすすめ整体院,滋賀で肩甲骨はがしが出来る整体院ストレッチ×整体HOPE。今回は、肩甲骨はがしのメリット&肩甲骨はがしだけではダメな理由を現役整体師が解説。滋賀県草津周辺で肩甲骨はがしに興味がある、慢性的な肩こり、頭痛に悩まされている方はぜひご相談ください滋賀県(SHIGA) 整体 骨盤矯正で肩こり 腰痛 頭痛の根本改善 | 滋賀 守山市整体HOPE【18年/口コミ4.8】骨盤矯正×ストレッチ 根本改善 守山で人気・おすすめ整体院,"滋賀,整体,肩こり,守山市,肩甲骨はがし,ストレッチ整体コラム,猫背,腰痛,姿勢改善,姿勢,滋賀県,守山",肩甲骨はがしだけではダメ？！ 肩こり改善にはストレッチ整体と肩甲骨トレがおすすめ | 滋賀 守山市整体HOPE【18年/口コミ4.8】骨盤から根本改善 ストレッチで優しく 守山で人気・おすすめ整体院,"slug.'"">ストレッチ整体コラム | 肩甲骨はがしだけではダメ？！ 肩こり改善にはストレッチ整体と肩甲骨トレがおすすめ | 滋賀 ストレッチ × 整体 HOPE | ストレッチ整体コラム",
shiga-seitai,https://shiga-seitai.jp/stretch-column/erector-spinae-youtu.html,erector-spinae-youtu.html,2024-12-02T04:33:50+00:00,背中が原因の腰痛をストレッチ整体で予防-脊柱起立筋ストレッチ3選 | 滋賀 守山市整体HOPE【18年/口コミ4.8】骨盤から根本改善 ストレッチで優しく 守山で人気・おすすめ整体院,滋賀で整体・骨盤矯正ならストレッチ×整体HOPE。腰痛には様々な原因があります。今回は背中が硬くなってしまうと起きる腰痛について説明、おすすめのストレッチをご紹介。滋賀で慢性的な腰痛、ぎっくり腰によくなる方は守山市にあるストレッチ×整体HOPEにご相談下さいませ。,"滋賀,整体,守山市,腰痛,ストレッチ整体コラム,猫背,肩こり,姿勢改善,姿勢,滋賀県,守山",背中が原因の腰痛をストレッチ整体で予防-脊柱起立筋ストレッチ3選 | 滋賀 守山市整体HOPE【18年/口コミ4.8】骨盤から根本改善 ストレッチで優しく 守山で人気・おすすめ整体院,"slug.'"">ストレッチ整体コラム | 背中が原因の腰痛をストレッチ整体で予防-脊柱起立筋ストレッチ3選 | 滋賀 ストレッチ × 整体 HOPE | ストレッチ整体コラム",
shiga-seitai,https://shiga-seitai.jp/pelvic-correction-column/straightneck.html,straightneck.html,2026-02-10T12:13:37+00:00,滋賀の整体でスマホ首を解消｜プロが教える「骨盤から整える」ストレートネック改善法 | 滋賀 守山市整体HOPE【18年/口コミ4.8】骨盤から根本改善 ストレッチで優しく 守山で人気・おすすめ整体院,滋賀・守山で整体ならストレッチ×整体HOPE。長時間のデスクワークによるストレートネックや慢性的な首こりを、丁寧な検査と骨盤矯正で根本改善します。湿布やマッサージで良くならない方、野洲・草津からも多数来院。滋賀県(SHIGA) 整体 骨盤矯正で肩こり 腰痛 頭痛の根本改善 | 滋賀 守山市整体HOPE【18年/口コミ4.8】骨盤矯正×ストレッチ 根本改善 守山で人気・おすすめ整体院,"滋賀,整体,守山市,ストレートネック,スマホ首,骨盤矯正,骨盤矯正コラム,猫背,肩こり,腰痛,姿勢改善,姿勢,滋賀県,守山",滋賀の整体でスマホ首を解消｜プロが教える「骨盤から整える」ストレートネック改善法 | 滋賀 守山市整体HOPE【18年/口コミ4.8】骨盤から根本改善 ストレッチで優しく 守山で人気・おすすめ整体院,"slug.'"">骨盤矯正コラム | 滋賀の整体でスマホ首を解消｜プロが教える「骨盤から整える」ストレートネック改善法 | 骨盤矯正で改善！プロが伝えるストレートネック(スマホ首)の真実 | 滋賀 ストレッチ × 整体 HOPE | 骨盤矯正コラム",
shiga-seitai,https://shiga-seitai.jp/stretch-column/biwako-marathon.html,biwako-marathon.html,2023-03-15T03:03:23+00:00,【3/12(日)】びわ湖マラソンの交通規制 ケアとパフォーマンスアップはストレッチ整体 | 滋賀 守山市整体HOPE【18年/口コミ4.8】骨盤から根本改善 ストレッチで優しく 守山で人気・おすすめ整体院,滋賀でスポーツ整体、骨盤矯正ならストレッチ×整体HOPE。3/12はびわ湖マラソンが開催されます。それに伴い、交通規制が入りますのでご注意下さい。びわ湖マラソンに向けて、ケア、パフォーマンスアップはストレッチ整体&骨盤矯正でお任せを。滋賀県(SHIGA) 整体 骨盤矯正で肩こり 腰痛 頭痛の根本改善 | 滋賀 守山市整体HOPE【18年/口コミ4.8】骨盤矯正×ストレッチ 根本改善 守山で人気・おすすめ整体院,"滋賀,整体,守山市,びわ湖マラソン,ストレッチ整体コラム,猫背,肩こり,腰痛,姿勢改善,姿勢,滋賀県,守山",【3/12(日)】びわ湖マラソンの交通規制 ケアとパフォーマンスアップはストレッチ整体 | 滋賀 守山市整体HOPE【18年/口コミ4.8】骨盤から根本改善 ストレッチで優しく 守山で人気・おすすめ整体院,"slug.'"">ストレッチ整体コラム | 【3/12(日)】びわ湖マラソンの交通規制 ケアとパフォーマンスアップはストレッチ整体 | 滋賀 ストレッチ × 整体 HOPE | ストレッチ整体コラム",
shiga-seitai,https://shiga-seitai.jp/beauty-seitai-column/upper-arm-training.html,upper-arm-training.html,2023-02-23T14:14:57+00:00,女性必見 たるんだ二の腕解消！二の腕を美容整体で引き締める-おすすめ筋トレ3選 | 滋賀 守山市整体HOPE【18年/口コミ4.8】骨盤から根本改善 ストレッチで優しく 守山で人気・おすすめ整体院,滋賀で美容整体、骨盤矯正ならストレッチ×整体HOPE。二の腕痩せは簡単のようで難しいです。まずは二の腕が動きやすい環境を作ってあげましょう。滋賀で二の腕痩せ、ダイエットでお悩みならトレーニング&姿勢矯正で早期改善を目指すストレッチ整体HOPEに,"滋賀,整体,守山市,二の腕痩せ,美容整体コラム,猫背,肩こり,腰痛,姿勢改善,姿勢,滋賀県,守山",女性必見 たるんだ二の腕解消！二の腕を美容整体で引き締める-おすすめ筋トレ3選 | 滋賀 守山市整体HOPE【18年/口コミ4.8】骨盤から根本改善 ストレッチで優しく 守山で人気・おすすめ整体院,"slug.'"">美容整体コラム | 女性必見 たるんだ二の腕解消！二の腕を美容整体で引き締める-おすすめ筋トレ3選 | 滋賀 ストレッチ × 整体 HOPE | 美容整体コラム",
shiga-seitai,https://shiga-seitai.jp/stretch-column/coldness-get-over.html,coldness-get-over.html,2023-01-05T14:08:58+00:00,寒さを乗り越えるにはストレッチ整体 | 滋賀 守山市整体HOPE【18年/口コミ4.8】骨盤から根本改善 ストレッチで優しく 守山で人気・おすすめ整体院,滋賀で整体、骨盤矯正ならストレッチ×整体HOPE。1月は寒さも本格的になり体の不調を感じやすくなります。キャンペーンも開催しますので滋賀で肩こり、腰痛、頭痛、姿勢改善、骨盤の歪みでお悩みの方はぜひこの機会にご利用くださいませ。滋賀県(SHIGA) 整体 骨盤矯正で肩こり 腰痛 頭痛の根本改善 | 滋賀 守山市整体HOPE【18年/口コミ4.8】骨盤矯正×ストレッチ 根本改善 守山で人気・おすすめ整体院,"滋賀,整体,守山市,骨盤矯正,ストレッチ整体コラム,猫背,肩こり,腰痛,姿勢改善,姿勢,滋賀県,守山",寒さを乗り越えるにはストレッチ整体 | 滋賀 守山市整体HOPE【18年/口コミ4.8】骨盤から根本改善 ストレッチで優しく 守山で人気・おすすめ整体院,"slug.'"">ストレッチ整体コラム | 寒さを乗り越えるにはストレッチ整体 | 滋賀 ストレッチ × 整体 HOPE | ストレッチ整体コラム",
shiga-seitai,https://shiga-seitai.jp/stretch-column/hip-joint-stretch-youtu.html,hip-joint-stretch-youtu.html,2026-04-08T14:27:09+00:00,股関節を柔らかくして腰痛を予防-おすすめストレッチ3選 | 滋賀 守山市整体HOPE【18年/口コミ4.8】骨盤から根本改善 ストレッチで優しく 守山で人気・おすすめ整体院,滋賀で整体・骨盤矯正ならストレッチ×整体HOPE。今回は、股関節の硬さと腰痛の関係性を説明。股関節の硬さをそのままにしてませんか？硬いままでは腰痛、ぎっくり腰などを引き起こしてしまいます。滋賀県守山市で股関節の硬さ、腰痛、ぎっくり腰などでお悩みの方はストレッチ×整体HOPEにご相談を,"滋賀,整体,守山市,ストレッチ整体,ストレッチ整体コラム,猫背,肩こり,腰痛,姿勢改善,姿勢,滋賀県,守山",股関節を柔らかくして腰痛を予防-おすすめストレッチ3選 | 滋賀 守山市整体HOPE【18年/口コミ4.8】骨盤から根本改善 ストレッチで優しく 守山で人気・おすすめ整体院,"slug.'"">ストレッチ整体コラム | 股関節を柔らかくして腰痛を予防-おすすめストレッチ3選 | 滋賀 ストレッチ × 整体 HOPE | ストレッチ整体コラム",
shiga-seitai,https://shiga-seitai.jp/stretch-column/katakori-neck.html,katakori-neck.html,2023-02-19T08:48:24+00:00,首が原因の肩こりにはストレッチ整体で改善 | 滋賀 守山市整体HOPE【18年/口コミ4.8】骨盤から根本改善 ストレッチで優しく 守山で人気・おすすめ整体院,滋賀で整体ならストレッチ×整体HOPE。首が原因の肩こりの方は多くおられます。肩こりだからといって肩をマッサージ、揉んでばかりで改善しない場合は、肩こりの原因を間違っている可能性があります。肩こりには首のセルフストレッチで改善。滋賀で肩こりのお悩みの方はぜひ一度お試し下さいませ。,"滋賀,整体,守山市,肩こり,ストレッチ整体コラム,猫背,腰痛,姿勢改善,姿勢,滋賀県,守山",首が原因の肩こりにはストレッチ整体で改善 | 滋賀 守山市整体HOPE【18年/口コミ4.8】骨盤から根本改善 ストレッチで優しく 守山で人気・おすすめ整体院,"slug.'"">ストレッチ整体コラム | 首が原因の肩こりにはストレッチ整体で改善 | 滋賀 ストレッチ × 整体 HOPE | ストレッチ整体コラム",
shiga-seitai,https://shiga-seitai.jp/stretch-column/arm-katakori.html,arm-katakori.html,2026-02-23T13:24:33+00:00,腕が原因の肩こりをストレッチ整体で改善-おすすめのストレッチも紹介 | 滋賀 守山市整体HOPE【18年/口コミ4.8】骨盤から根本改善 ストレッチで優しく 守山で人気・おすすめ整体院,滋賀で整体、骨盤矯正ならストレッチ×整体HOPE。今回は、最近増加している腕からの肩こりについて解説します。腱鞘炎、頭痛、慢性的な肩こり、肩からゴリゴリ音がする方はご参考に。滋賀県守山市で腕からの肩こりで悩まされている方は是非一度ご相談下さいませ。,"滋賀,整体,守山市,肩こり,ストレッチ整体コラム,猫背,腰痛,姿勢改善,姿勢,滋賀県,守山",腕が原因の肩こりをストレッチ整体で改善-おすすめのストレッチも紹介 | 滋賀 守山市整体HOPE【18年/口コミ4.8】骨盤から根本改善 ストレッチで優しく 守山で人気・おすすめ整体院,"slug.'"">ストレッチ整体コラム | 腕が原因の肩こりをストレッチ整体で改善-おすすめのストレッチも紹介 | 滋賀 ストレッチ × 整体 HOPE | ストレッチ整体コラム",
shiga-seitai,https://shiga-seitai.jp/beauty-seitai-column/diet-training.html,diet-training.html,2023-05-25T07:02:54+00:00,【全身のダイエット筋トレメニューも紹介】美容整体でダイエットの代謝を上げる | 滋賀 守山市整体HOPE【18年/口コミ4.8】骨盤から根本改善 ストレッチで優しく 守山で人気・おすすめ整体院,滋賀で骨盤矯正、ダイエットならストレッチ×整体HOPE。HOPEでは美容整体でダイエット、痩せやすい体作りを行って行きます。『一時的なダイエットではなく痩せやすい体作りをしたい』『糖質制限してダイエットじゃない方法がいい』方は、滋賀県守山市の整体院ストレッチ×整体HOPEにご相談ください,"滋賀,整体,守山市,ダイエット,美容整体コラム,猫背,肩こり,腰痛,姿勢改善,姿勢,滋賀県,守山",【全身のダイエット筋トレメニューも紹介】美容整体でダイエットの代謝を上げる | 滋賀 守山市整体HOPE【18年/口コミ4.8】骨盤から根本改善 ストレッチで優しく 守山で人気・おすすめ整体院,"slug.'"">美容整体コラム | 【全身のダイエット筋トレメニューも紹介】美容整体でダイエットの代謝を上げる | 滋賀 ストレッチ × 整体 HOPE | 美容整体コラム",
shiga-seitai,https://shiga-seitai.jp/stretch-column/crooked-sleep.html,crooked-sleep.html,2026-01-04T13:45:57+00:00,寝違えをストレッチ整体で改善&予防 | 滋賀 守山市整体HOPE【18年/口コミ4.8】骨盤から根本改善 ストレッチで優しく 守山で人気・おすすめ整体院,滋賀で整体・骨盤矯正ならストレッチ×整体HOPE。今回は、多くの方が経験したことがある『寝違え』について改善&おすすめストレッチのご紹介です。肩甲骨はがし、肩甲骨周辺のストレッチで寝違え対策&予防を目指しましょう。滋賀で寝違えのご相談はストレッチ×整体HOPEへ,"滋賀,整体,守山市,寝違え,ストレッチ整体コラム,猫背,肩こり,腰痛,姿勢改善,姿勢,滋賀県,守山",寝違えをストレッチ整体で改善&予防 | 滋賀 守山市整体HOPE【18年/口コミ4.8】骨盤から根本改善 ストレッチで優しく 守山で人気・おすすめ整体院,"slug.'"">ストレッチ整体コラム | 寝違えをストレッチ整体で改善&#038;予防 | 滋賀 ストレッチ × 整体 HOPE | ストレッチ整体コラム",
shiga-seitai,https://shiga-seitai.jp/beauty-seitai-column/beautiful-breasts-training.html,beautiful-breasts-training.html,2025-04-14T04:07:16+00:00,【美胸で女子力アップ】美容整体で簡単にバストアップ-おすすめ筋トレ2選 | 滋賀 守山市整体HOPE【18年/口コミ4.8】骨盤から根本改善 ストレッチで優しく 守山で人気・おすすめ整体院,滋賀で美容整体、バストアップはストレッチ×整体HOPE。女性のお悩みのバストラインは筋トレ、肋骨矯正で解決。まずは、しっかりと姿勢を整えて美しいバストラインを手に入れましょう。滋賀でお悩みならストレッチ×整体HOPE滋賀県(SHIGA) 整体 骨盤矯正で肩こり 腰痛 頭痛の根本改善 | 滋賀 守山市整体HOPE【18年/口コミ4.8】骨盤矯正×ストレッチ 根本改善 守山で人気・おすすめ整体院,"滋賀,整体,守山市,骨盤矯正,美容整体コラム,猫背,肩こり,腰痛,姿勢改善,姿勢,滋賀県,守山",【美胸で女子力アップ】美容整体で簡単にバストアップ-おすすめ筋トレ2選 | 滋賀 守山市整体HOPE【18年/口コミ4.8】骨盤から根本改善 ストレッチで優しく 守山で人気・おすすめ整体院,"slug.'"">美容整体コラム | 【美胸で女子力アップ】美容整体で簡単にバストアップ-おすすめ筋トレ2選 | 滋賀 ストレッチ × 整体 HOPE | 美容整体コラム",
shiga-seitai,https://shiga-seitai.jp/stretch-column/stretch-seitai.html,stretch-seitai.html,2025-10-09T12:35:49+00:00,【肩こり 腰痛などデスクワークの方におすすめ】ストレッチ整体とは？ 女性にもおすすめ | 滋賀 守山市整体HOPE【18年/口コミ4.8】骨盤から根本改善 ストレッチで優しく 守山で人気・おすすめ整体院,滋賀県守山市で整体ならストレッチx整体HOPE。ストレッチ好きな整体師がストレッチ整体について解説させて頂きます。滋賀県でデスクワーク、猫背、頭痛、肩こりでお悩みの方はぜひストレッチ整体をお試し下さいませ。滋賀県(SHIGA) 整体 骨盤矯正で肩こり 腰痛 頭痛の根本改善 | 滋賀 守山市整体HOPE【18年/口コミ4.8】骨盤矯正×ストレッチ 根本改善 守山で人気・おすすめ整体院,"滋賀,整体,守山市,ストレッチ整体,ストレッチ整体コラム,猫背,肩こり,腰痛,姿勢改善,姿勢,滋賀県,守山",【肩こり 腰痛などデスクワークの方におすすめ】ストレッチ整体とは？ 女性にもおすすめ | 滋賀 守山市整体HOPE【18年/口コミ4.8】骨盤から根本改善 ストレッチで優しく 守山で人気・おすすめ整体院,"slug.'"">ストレッチ整体コラム | 【肩こり 腰痛などデスクワークの方におすすめ】ストレッチ整体とは？ 女性にもおすすめ | 滋賀 ストレッチ × 整体 HOPE | ストレッチ整体コラム",
shiga-seitai,https://shiga-seitai.jp/beauty-seitai-column/cold-swelling.html,cold-swelling.html,2023-02-23T12:27:24+00:00,女性の天敵【冷え・むくみ】を美容整体で改善 | 滋賀 守山市整体HOPE【18年/口コミ4.8】骨盤から根本改善 ストレッチで優しく 守山で人気・おすすめ整体院,滋賀で美容整体、骨盤矯正ならストレッチ×整体HOPE。今回は、女性のほとんどの方が悩まれている冷え性について解説。冷え性は、しっかりと対策をしないと年齢を重ねた時に肩こり、腰痛などで悩まされる可能性があります。滋賀県守山市で冷え性でお悩みなら1度ご相談下さいませ。,"滋賀,整体,守山市,冷え性,美容整体コラム,猫背,肩こり,腰痛,姿勢改善,姿勢,滋賀県,守山",女性の天敵【冷え・むくみ】を美容整体で改善 | 滋賀 守山市整体HOPE【18年/口コミ4.8】骨盤から根本改善 ストレッチで優しく 守山で人気・おすすめ整体院,"slug.'"">美容整体コラム | 女性の天敵【冷え・むくみ】を美容整体で改善 | 滋賀 ストレッチ × 整体 HOPE | 美容整体コラム",
shiga-seitai,https://shiga-seitai.jp/pelvic-correction-column/sports-seitai.html,sports-seitai.html,2025-01-21T12:57:30+00:00,【スポーツ整体】スポーツパフォーマンスアップの秘訣は姿勢と骨盤 | 滋賀 守山市整体HOPE【18年/口コミ4.8】骨盤から根本改善 ストレッチで優しく 守山で人気・おすすめ整体院,滋賀 守山市でスポーツ整体 骨盤矯正をお探しなら丁寧な検査とカウンセリングで人気なストレッチ×整体HOPE。スポーツの向上には正しい姿勢、骨盤の安定が重要。姿勢とパフォーマンスの関係、改善法について解説。滋賀でスポーツ整体はストレッチ整体HOPEをご検討ください！,"滋賀,整体,守山市,スポーツ整体,骨盤矯正コラム,猫背,肩こり,腰痛,姿勢改善,姿勢,滋賀県,守山",【スポーツ整体】スポーツパフォーマンスアップの秘訣は姿勢と骨盤 | 滋賀 守山市整体HOPE【18年/口コミ4.8】骨盤から根本改善 ストレッチで優しく 守山で人気・おすすめ整体院,"slug.'"">骨盤矯正コラム | 【スポーツ整体】スポーツパフォーマンスアップの秘訣は姿勢と骨盤 | 滋賀 ストレッチ × 整体 HOPE | 骨盤矯正コラム",
shiga-seitai,https://shiga-seitai.jp/stretch-column/strained-back.html,strained-back.html,2025-11-26T13:42:53+00:00,【突然のぎっくり腰】ストレッチ整体で改善&予防 | 滋賀 守山市整体HOPE【18年/口コミ4.8】骨盤から根本改善 ストレッチで優しく 守山で人気・おすすめ整体院,滋賀で整体、骨盤矯正ならストレッチ×整体HOPE。今回は、背中を柔らかくしてぎっくり腰予防&改善について解説。ぎっくり腰には予防が大事。日頃からのストレッチ、体の使い方を変えてぎっくり腰対策しましょう。滋賀県守山市で腰痛&ぎっくり腰でお悩みの方は一度ご相談下さいませ。,"滋賀,整体,守山市,ぎっくり腰,ストレッチ整体コラム,猫背,肩こり,腰痛,姿勢改善,姿勢,滋賀県,守山",【突然のぎっくり腰】ストレッチ整体で改善&予防 | 滋賀 守山市整体HOPE【18年/口コミ4.8】骨盤から根本改善 ストレッチで優しく 守山で人気・おすすめ整体院,"slug.'"">ストレッチ整体コラム | 【突然のぎっくり腰】ストレッチ整体で改善&#038;予防 | 滋賀 ストレッチ × 整体 HOPE | ストレッチ整体コラム",
shiga-seitai,https://shiga-seitai.jp/stretch-column/new.html,new.html,2025-02-19T08:00:52+00:00,ストレッチ整体を初めて受ける方へ | 滋賀 守山市整体HOPE【18年/口コミ4.8】骨盤から根本改善 ストレッチで優しく 守山で人気・おすすめ整体院,滋賀で整体、骨盤矯正ならストレッチ×整体HOPE。最近多い問い合わせにお答えさせて頂きます。当店では、検査、問診に力を入れている為、初回はたっぷりとお時間を頂いております。守山市で肩こり、腰痛、頭痛など根本的改善、早期改善を目指すならストレッチ×整体HOPEにお任せ下さい。,"滋賀,整体,守山市,ストレッチ整体,ストレッチ整体コラム,猫背,肩こり,腰痛,姿勢改善,姿勢,滋賀県,守山",ストレッチ整体を初めて受ける方へ | 滋賀 守山市整体HOPE【18年/口コミ4.8】骨盤から根本改善 ストレッチで優しく 守山で人気・おすすめ整体院,"slug.'"">ストレッチ整体コラム | ストレッチ整体を初めて受ける方へ | 滋賀 ストレッチ × 整体 HOPE | ストレッチ整体コラム",
shiga-seitai,https://shiga-seitai.jp/pelvic-correction-column/diet-efficiency.html,diet-efficiency.html,2023-03-23T05:14:18+00:00,ダイエット セルフケアの効率アップ 自分の身体 歪みを知る | 滋賀 守山市整体HOPE【18年/口コミ4.8】骨盤から根本改善 ストレッチで優しく 守山で人気・おすすめ整体院,滋賀で整体ならストレッチ×整体HOPE。体の歪み、状態を把握する事によりトレーニング、ダイエットの効率を上げましょう。当店は体の状態確認、歪み矯正が得意です。滋賀でダイエットで停滞、セルフケアでの限界、肩こり、頭痛などでお悩みの方におすすめです。,"滋賀,整体,守山市,歪み,骨盤矯正コラム,猫背,肩こり,腰痛,姿勢改善,姿勢,滋賀県,守山",ダイエット セルフケアの効率アップ 自分の身体 歪みを知る | 滋賀 守山市整体HOPE【18年/口コミ4.8】骨盤から根本改善 ストレッチで優しく 守山で人気・おすすめ整体院,"slug.'"">骨盤矯正コラム | ダイエット セルフケアの効率アップ 自分の身体 歪みを知る | 滋賀 ストレッチ × 整体 HOPE | 骨盤矯正コラム",
shiga-seitai,https://shiga-seitai.jp/stretch-column/golf-elbow.html,golf-elbow.html,2023-11-27T03:30:33+00:00,【ゴルフ肘】ストレッチ整体で改善&予防 | 滋賀 守山市整体HOPE【18年/口コミ4.8】骨盤から根本改善 ストレッチで優しく 守山で人気・おすすめ整体院,滋賀で整体、スポーツ整体ならストレッチ×整体HOPE。今回はゴルフ肘について解説。滋賀県は趣味でゴルフをされる方が多く、ゴルフ肘で悩まれている方も多くおられます。肩甲骨、手首の柔軟性を高めてゴルフ肘の予防&根本改善を目指す。滋賀県守山市でゴルフ肘改善、病院、整骨院に行ったが治らなかった方はご来店下さいませ。,"滋賀,整体,守山市,ゴルフ肘,ストレッチ整体コラム,猫背,肩こり,腰痛,姿勢改善,姿勢,滋賀県,守山",【ゴルフ肘】ストレッチ整体で改善&予防 | 滋賀 守山市整体HOPE【18年/口コミ4.8】骨盤から根本改善 ストレッチで優しく 守山で人気・おすすめ整体院,"slug.'"">ストレッチ整体コラム | 【ゴルフ肘】ストレッチ整体で改善&#038;予防 | 滋賀 ストレッチ × 整体 HOPE | ストレッチ整体コラム",
shiga-seitai,https://shiga-seitai.jp/pelvic-correction-column/katakori.html,katakori.html,2026-04-23T09:00:57+00:00,【肩こり改善率90％超】肩甲骨はがし+骨盤矯正で根本改善 | 滋賀 守山市整体HOPE【18年/口コミ4.8】骨盤から根本改善 ストレッチで優しく 守山で人気・おすすめ整体院,滋賀 守山市で整体ならストレッチ整体HOPE。姿勢不良による肩こりが子供も含めて増加しています。姿勢を変える為には専門家による指導で早期改善を。滋賀県草津周辺で姿勢が悪い、慢性的な肩こりを改善したい方はぜひ一度お試しくださいませ。滋賀県(SHIGA) 整体 骨盤矯正で肩こり 腰痛 頭痛の根本改善 | 滋賀 守山市整体HOPE【18年/口コミ4.8】骨盤矯正×ストレッチ 根本改善 守山で人気・おすすめ整体院,"滋賀,整体,肩こり,骨盤矯正コラム,猫背,腰痛,姿勢改善,姿勢,滋賀県,守山,守山市",【肩こり改善率90％超】肩甲骨はがし+骨盤矯正で根本改善 | 滋賀 守山市整体HOPE【18年/口コミ4.8】骨盤から根本改善 ストレッチで優しく 守山で人気・おすすめ整体院,"slug.'"">骨盤矯正コラム | 【肩こり改善率90％超】肩甲骨はがし+骨盤矯正で根本改善 | 滋賀 ストレッチ × 整体 HOPE | 骨盤矯正コラム",
shiga-seitai,https://shiga-seitai.jp/stretch-column/chronic-backpain.html,chronic-backpain.html,2024-12-02T04:48:08+00:00,【腰痛の85%は原因不明】腰痛の原因を追究する5つのポイント-滋賀県ストレッチ×整体HOPEの場合 | 滋賀 守山市整体HOPE【18年/口コミ4.8】骨盤から根本改善 ストレッチで優しく 守山で人気・おすすめ整体院,滋賀で整体ならストレッチ×整体HOPE。腰痛に対して、滋賀で一番検査に力を入れています。ギックリ腰から、慢性的な症状迄対応しております。腰痛にならない為への行動もお伝えしてます。滋賀県で腰痛や原因不明の腰痛でお悩みになられている方は是非一度お試しくださいませ。,"滋賀,整体,腰痛,骨盤矯正,ストレッチ整体コラム,猫背,肩こり,姿勢改善,姿勢,滋賀県,守山,守山市",【腰痛の85%は原因不明】腰痛の原因を追究する5つのポイント-滋賀県ストレッチ×整体HOPEの場合 | 滋賀 守山市整体HOPE【18年/口コミ4.8】骨盤から根本改善 ストレッチで優しく 守山で人気・おすすめ整体院,"slug.'"">ストレッチ整体コラム | 【腰痛の85%は原因不明】腰痛の原因を追究する5つのポイント-滋賀県ストレッチ×整体HOPEの場合 | 滋賀 ストレッチ × 整体 HOPE | ストレッチ整体コラム",
shiga-seitai,https://shiga-seitai.jp/pelvic-correction-column/pelvic-correction-new.html,pelvic-correction-new.html,2025-02-19T08:00:36+00:00,骨盤矯正を初めて受ける方へ | 滋賀 守山市整体HOPE【18年/口コミ4.8】骨盤から根本改善 ストレッチで優しく 守山で人気・おすすめ整体院,滋賀で整体、骨盤矯正ならストレッチ×整体HOPE。骨盤矯正初めて受ける方でよくある質問である骨盤矯正だけ受けれないかをお答えさせて頂きました。当店では、検査と問診を大事にしていますので初回はお試し体験コースをご案内させて頂きます。根本改善目指すならストレッチ×整体HOPEへ,"滋賀,整体,守山市,骨盤矯正,骨盤矯正コラム,猫背,肩こり,腰痛,姿勢改善,姿勢,滋賀県,守山",骨盤矯正を初めて受ける方へ | 滋賀 守山市整体HOPE【18年/口コミ4.8】骨盤から根本改善 ストレッチで優しく 守山で人気・おすすめ整体院,"slug.'"">骨盤矯正コラム | 骨盤矯正を初めて受ける方へ | 滋賀 ストレッチ × 整体 HOPE | 骨盤矯正コラム",
shiga-seitai,https://shiga-seitai.jp/seitai-column/posture/o-kyaku/oleg-blog.html,oleg-blog.html,2024-11-30T11:23:41+00:00,O脚矯正ブログは美容整体コラムに移動しました | 滋賀 守山市整体HOPE【18年/口コミ4.8】骨盤から根本改善 ストレッチで優しく 守山で人気・おすすめ整体院,滋賀で整体 骨盤矯正ならストレッチ×整体HOPE。O脚矯正について解説したブログは美容整体コラムに移動させて頂きました。滋賀でO脚を治したい、興味がある方はぜひご覧くださいませ。滋賀県(SHIGA) 整体 骨盤矯正で肩こり 腰痛 頭痛の根本改善 | 滋賀 守山市整体HOPE【18年/口コミ4.8】骨盤矯正×ストレッチ 根本改善 守山で人気・おすすめ整体院,"滋賀,整体,守山市,O脚矯正,猫背,肩こり,腰痛,姿勢改善,姿勢,滋賀県,守山",O脚矯正ブログは美容整体コラムに移動しました | 滋賀 守山市整体HOPE【18年/口コミ4.8】骨盤から根本改善 ストレッチで優しく 守山で人気・おすすめ整体院,"slug.'"">O脚矯正 | O脚矯正ブログは美容整体コラムに移動しました | 滋賀 ストレッチ × 整体 HOPE | O脚矯正 | 姿勢 | 姿勢",
shiga-seitai,https://shiga-seitai.jp/stretch-column/scapula-sports.html,scapula-sports.html,2024-12-17T04:16:27+00:00,【肩甲骨を動かす】スポーツのパフォーマンスアップ | 滋賀 守山市整体HOPE【18年/口コミ4.8】骨盤から根本改善 ストレッチで優しく 守山で人気・おすすめ整体院,滋賀でスポーツ整体、骨盤矯正ならストレッチ×整体HOPE。今回は、肩甲骨を動かしてスポーツのパフォーマンスアップを目指します。肩甲骨はスポーツには大事な場所です。上手く使えるようにしてサッカー、バスケ、野球、陸上、バレーなどのスポーツのパフォーマンスアップを。滋賀県守山市でスポーツ整体ならストレッチ×整体HOPE。,"滋賀,整体,守山市,スポーツ整体,ストレッチ整体コラム,猫背,肩こり,腰痛,姿勢改善,姿勢,滋賀県,守山",【肩甲骨を動かす】スポーツのパフォーマンスアップ | 滋賀 守山市整体HOPE【18年/口コミ4.8】骨盤から根本改善 ストレッチで優しく 守山で人気・おすすめ整体院,"slug.'"">ストレッチ整体コラム | 【肩甲骨を動かす】スポーツのパフォーマンスアップ | 滋賀 ストレッチ × 整体 HOPE | ストレッチ整体コラム",
shiga-seitai,https://shiga-seitai.jp/beauty-seitai-column/massage.html,massage.html,2023-06-14T14:33:59+00:00,滋賀県で小顔矯正【小顔は作れる】7割の方は顔で第一印象を判断 | 滋賀 守山市整体HOPE【18年/口コミ4.8】骨盤から根本改善 ストレッチで優しく 守山で人気・おすすめ整体院,滋賀で整体ならHOPE。当店は整体の技術を駆使して小顔へのサポートもさせて頂いております。痛みが少ないオールハンドで骨格、筋膜、歪み、むくみを矯正していきます。人は第一印象を顔で判断します。一緒に小顔を目指していきましょう。肩こり、頭痛、噛み縛りでお悩みの方にオススメです。,"滋賀,整体,小顔矯正,美容整体コラム,猫背,肩こり,腰痛,姿勢改善,姿勢,滋賀県,守山,守山市",滋賀県で小顔矯正【小顔は作れる】7割の方は顔で第一印象を判断 | 滋賀 守山市整体HOPE【18年/口コミ4.8】骨盤から根本改善 ストレッチで優しく 守山で人気・おすすめ整体院,"slug.'"">美容整体コラム | 滋賀県で小顔矯正【小顔は作れる】7割の方は顔で第一印象を判断 | 滋賀 ストレッチ × 整体 HOPE | 美容整体コラム",
shiga-seitai,https://shiga-seitai.jp/kids-seitai-column/childseitai.html,childseitai.html,2023-07-13T10:56:57+00:00,こどもの姿勢矯正モニター募集終了 | 滋賀 守山市整体HOPE【18年/口コミ4.8】骨盤から根本改善 ストレッチで優しく 守山で人気・おすすめ整体院,滋賀で整体、姿勢矯正ならストレッチ×整体HOPE。こどもの姿勢矯正モニター募集させて頂きましたが募集を終了させて頂きます。通常の体験キャンペーン、回数券による姿勢矯正はまだまだ受け付けておりますので夏休みを利用して改善してみてはいかがでしょうか？,"滋賀,整体,守山市,姿勢矯正,こどもの整体コラム,猫背,肩こり,腰痛,姿勢改善,姿勢,滋賀県,守山",こどもの姿勢矯正モニター募集終了 | 滋賀 守山市整体HOPE【18年/口コミ4.8】骨盤から根本改善 ストレッチで優しく 守山で人気・おすすめ整体院,"slug.'"">こどもの整体コラム | こどもの姿勢矯正モニター募集終了 | 滋賀 ストレッチ × 整体 HOPE | こどもの整体コラム",
shiga-seitai,https://shiga-seitai.jp/stretch-column/moriyama-seitai-choice.html,moriyama-seitai-choice.html,2026-03-12T13:35:08+00:00,【守山市 整体】慢性的な痛みや不調を根本改善！信頼される整体院の選び方と秘訣 | 滋賀 守山市整体HOPE【18年/口コミ4.8】骨盤から根本改善 ストレッチで優しく 守山で人気・おすすめ整体院,守山市で18年の実績を誇るストレッチ×整体HOPE。深層筋ストレッチと骨格矯正で肩こり・腰痛を根本改善。丁寧なカウンセリングと再発防止ケアで、あなたの健康な体づくりをサポートします。滋賀県(SHIGA) 整体 骨盤矯正で肩こり 腰痛 頭痛の根本改善 | 滋賀 守山市整体HOPE【18年/口コミ4.8】骨盤矯正×ストレッチ 根本改善 守山で人気・おすすめ整体院,"滋賀,整体,守山市,骨盤矯正,ストレッチ整体コラム,猫背,肩こり,腰痛,姿勢改善,姿勢,滋賀県,守山",【守山市 整体】慢性的な痛みや不調を根本改善！信頼される整体院の選び方と秘訣 | 滋賀 守山市整体HOPE【18年/口コミ4.8】骨盤から根本改善 ストレッチで優しく 守山で人気・おすすめ整体院,"slug.'"">ストレッチ整体コラム | 【守山市 整体】慢性的な痛みや不調を根本改善！信頼される整体院の選び方と秘訣 | &#x2705; ストレッチ整体体幹トレーニングを予約お問い合わせはこちら | 滋賀 ストレッチ × 整体 HOPE | ストレッチ整体コラム",
shiga-seitai,https://shiga-seitai.jp/beauty-seitai-column/bicarbonate-bath-comparison.html,bicarbonate-bath-comparison.html,2026-05-02T12:38:16+00:00,滋賀 整体院がおすすめする極上ケア！BARTHとホットタブの違いを知って疲れを癒す | 滋賀 守山市整体HOPE【18年/口コミ4.8】骨盤から根本改善 ストレッチで優しく 守山で人気・おすすめ整体院,「BARTHとホットタブ、結局どっちがいいの？」とお悩みではありませんか？滋賀で整体院を営むプロの視点から、40代女性に向けて人気の重炭酸入浴剤2種の違いを徹底比較！あなたにぴったりの選び方がわかります。滋賀県(SHIGA) 整体 骨盤矯正で肩こり 腰痛 頭痛の根本改善 | 滋賀 守山市整体HOPE【18年/口コミ4.8】骨盤矯正×ストレッチ 根本改善 守山で人気・おすすめ整体院,"滋賀,整体,全国,BARTH ホットタブ 違い,重炭酸イオン,疲労回復,美容整体コラム,猫背,肩こり,腰痛,姿勢改善,姿勢,滋賀県,守山,守山市",滋賀 整体院がおすすめする極上ケア！BARTHとホットタブの違いを知って疲れを癒す | 滋賀 守山市整体HOPE【18年/口コミ4.8】骨盤から根本改善 ストレッチで優しく 守山で人気・おすすめ整体院,"slug.'"">美容整体コラム | 滋賀 整体院がおすすめする極上ケア！BARTHとホットタブの違いを知って疲れを癒す | 滋賀 ストレッチ × 整体 HOPE | 美容整体コラム",
shiga-seitai,https://shiga-seitai.jp/kids-seitai-column/flexibility.html,flexibility.html,2025-08-21T13:33:42+00:00,【こどもの姿勢】一度の整体で柔軟性アップ | 滋賀 守山市整体HOPE【18年/口コミ4.8】骨盤から根本改善 ストレッチで優しく 守山で人気・おすすめ整体院,滋賀県でこどもの整体、姿勢矯正はストレッチ×整体HOPE。最近のお子様は柔軟性がなく体の使い方が上手くありません。柔軟性を出してうまく体を使いスポーツでのけが予防、パフォーマンスアップ、集中力アップ、慢性的な症状を予防しましょう。滋賀県(SHIGA) 整体 骨盤矯正で肩こり 腰痛 頭痛の根本改善 | 滋賀 守山市整体HOPE【18年/口コミ4.8】骨盤矯正×ストレッチ 根本改善 守山で人気・おすすめ整体院,"滋賀,整体,守山市,こどもの整体コラム,猫背,肩こり,腰痛,姿勢改善,姿勢,滋賀県,守山",【こどもの姿勢】一度の整体で柔軟性アップ | 滋賀 守山市整体HOPE【18年/口コミ4.8】骨盤から根本改善 ストレッチで優しく 守山で人気・おすすめ整体院,"slug.'"">こどもの整体コラム | 【こどもの姿勢】一度の整体で柔軟性アップ | 滋賀 ストレッチ × 整体 HOPE | こどもの整体コラム",
shiga-seitai,https://shiga-seitai.jp/kids-seitai-column/important-point.html,important-point.html,2026-01-03T10:12:27+00:00,こどもの整体を受ける前のご注意点 | 滋賀 守山市整体HOPE【18年/口コミ4.8】骨盤から根本改善 ストレッチで優しく 守山で人気・おすすめ整体院,滋賀でこどもの整体ならストレッチ×整体HOPE。お子様の整体を継続させるためにも注意点を上げさせて頂いております。子供の整体を継続させていくにもご協力頂けましたらと思います。滋賀県(SHIGA) 整体 骨盤矯正で肩こり 腰痛 頭痛の根本改善 | 滋賀 守山市整体HOPE【18年/口コミ4.8】骨盤矯正×ストレッチ 根本改善 守山で人気・おすすめ整体院,"滋賀,整体,守山市,こどもの整体,こどもの整体コラム,猫背,肩こり,腰痛,姿勢改善,姿勢,滋賀県,守山",こどもの整体を受ける前のご注意点 | 滋賀 守山市整体HOPE【18年/口コミ4.8】骨盤から根本改善 ストレッチで優しく 守山で人気・おすすめ整体院,"slug.'"">こどもの整体コラム | こどもの整体を受ける前のご注意点 | お子様の整体をご利用の方へ大切なお知らせとお願い | 滋賀 ストレッチ × 整体 HOPE | こどもの整体コラム",
shiga-seitai,https://shiga-seitai.jp/stretch-column/ai-stretch-difference.html,ai-stretch-difference.html,2026-01-21T04:49:48+00:00,【滋賀 整体】HOPEとDr.ストレッチは何が違う？守山で選ばれる3つの理由 | 滋賀 守山市整体HOPE【18年/口コミ4.8】骨盤から根本改善 ストレッチで優しく 守山で人気・おすすめ整体院,滋賀で整体をお探しですか？話題の「Dr.ストレッチ」と当院「HOPE」の違いを、歴18年の院長が徹底比較。「筋肉だけ」と「骨格×筋肉」の違いとは？料金や施術内容を比べて、あなたに合うサロンを見つけてください。守山市で予約受付中。滋賀県(SHIGA) 整体 骨盤矯正で肩こり 腰痛 頭痛の根本改善 | 滋賀 守山市整体HOPE【18年/口コミ4.8】骨盤矯正×ストレッチ 根本改善 守山で人気・おすすめ整体院,"滋賀,整体,ストレッチ専門店,料金比較,骨盤矯正,個人サロン,ストレッチ整体コラム,猫背,肩こり,腰痛,姿勢改善,姿勢,滋賀県,守山,守山市",【滋賀 整体】HOPEとDr.ストレッチは何が違う？守山で選ばれる3つの理由 | 滋賀 守山市整体HOPE【18年/口コミ4.8】骨盤から根本改善 ストレッチで優しく 守山で人気・おすすめ整体院,"slug.'"">ストレッチ整体コラム | 【滋賀 整体】HOPEとDr.ストレッチは何が違う？守山で選ばれる3つの理由 | 結論：あなたはどちらのタイプ？ | 滋賀 ストレッチ × 整体 HOPE | ストレッチ整体コラム",
shiga-seitai,https://shiga-seitai.jp/core-training-column/koba-b-license.html,koba-b-license.html,2024-12-03T13:23:37+00:00,KOBA式体幹☆バランストレーニングBライセンス取得 | 滋賀 守山市整体HOPE【18年/口コミ4.8】骨盤から根本改善 ストレッチで優しく 守山で人気・おすすめ整体院,滋賀県守山市で整体、体幹トレーニングならストレッチ×整体HOPE。KOBA式体幹バランストレーニングのBライセンスを取得しました。滋賀でパーソナルでKOBA式体幹バランストレーニング受けれるところは希少ですのでぜひご利用下さいませ。滋賀県(SHIGA) 整体 骨盤矯正で肩こり 腰痛 頭痛の根本改善 | 滋賀 守山市整体HOPE【18年/口コミ4.8】骨盤矯正×ストレッチ 根本改善 守山で人気・おすすめ整体院,"滋賀,整体,守山市,骨盤矯正,体幹トレーニングコラム,猫背,肩こり,腰痛,姿勢改善,姿勢,滋賀県,守山",KOBA式体幹☆バランストレーニングBライセンス取得 | 滋賀 守山市整体HOPE【18年/口コミ4.8】骨盤から根本改善 ストレッチで優しく 守山で人気・おすすめ整体院,"slug.'"">体幹トレーニングコラム | KOBA式体幹☆バランストレーニングBライセンス取得 | 滋賀 ストレッチ × 整体 HOPE | 体幹トレーニングコラム",
shiga-seitai,https://shiga-seitai.jp/core-training-column/koba-a-licens.html,koba-a-licens.html,2025-11-26T13:18:07+00:00,KOBA式体幹☆バランストレーニングA級ライセンス取得 | 滋賀 守山市整体HOPE【18年/口コミ4.8】骨盤から根本改善 ストレッチで優しく 守山で人気・おすすめ整体院,滋賀県守山市で整体、体幹トレーニングならストレッチ×整体HOPE。KOBA式体幹バランストレーニングのA級ライセンスを取得しました。滋賀でパーソナルでKOBA式体幹バランストレーニング受けれるところは希少ですのでぜひご利用下さいませ。滋賀県(SHIGA) 整体 骨盤矯正で肩こり 腰痛 頭痛の根本改善 | 滋賀 守山市整体HOPE【18年/口コミ4.8】骨盤矯正×ストレッチ 根本改善 守山で人気・おすすめ整体院,"滋賀,整体,守山市,骨盤矯正,体幹トレーニングコラム,猫背,肩こり,腰痛,姿勢改善,姿勢,滋賀県,守山",KOBA式体幹☆バランストレーニングA級ライセンス取得 | 滋賀 守山市整体HOPE【18年/口コミ4.8】骨盤から根本改善 ストレッチで優しく 守山で人気・おすすめ整体院,"slug.'"">体幹トレーニングコラム | KOBA式体幹☆バランストレーニングA級ライセンス取得 | 滋賀 ストレッチ × 整体 HOPE | 体幹トレーニングコラム",
shiga-seitai,https://shiga-seitai.jp/core-training-column/personal-2.html,personal-2.html,2024-12-03T13:16:01+00:00,滋賀で体幹パーソナルトレーニングが出来る整体院・ジム | 滋賀 守山市整体HOPE【18年/口コミ4.8】骨盤から根本改善 ストレッチで優しく 守山で人気・おすすめ整体院,滋賀でパーソナルジム・体幹トレーニングならストレッチ×整体HOPE。当店では、パーソナル空間で体幹トレーニングを行う事が出来ます。マンツーマン指導で『整える』『鍛える』を同時に行い早期改善、目標に早期到達を目指します。滋賀で体変えたい方はストレッチ×整体HOPEへ。,"滋賀,整体,守山市,骨盤矯正,体幹トレーニングコラム,猫背,肩こり,腰痛,姿勢改善,姿勢,滋賀県,守山",滋賀で体幹パーソナルトレーニングが出来る整体院・ジム | 滋賀 守山市整体HOPE【18年/口コミ4.8】骨盤から根本改善 ストレッチで優しく 守山で人気・おすすめ整体院,"slug.'"">体幹トレーニングコラム | 滋賀で体幹パーソナルトレーニングが出来る整体院・ジム | 滋賀 ストレッチ × 整体 HOPE | 体幹トレーニングコラム",
shiga-seitai,https://shiga-seitai.jp/stretch-column/jockey-stretch.html,jockey-stretch.html,2025-12-13T08:42:35+00:00,騎手(ジョッキー)の怪我予防！おすすめストレッチ3選 | 滋賀 守山市整体HOPE【18年/口コミ4.8】骨盤から根本改善 ストレッチで優しく 守山で人気・おすすめ整体院,滋賀でストレッチ整体、骨盤矯正ならストレッチ×整体HOPE。今回は、騎手(ジョッキー)、乗馬をする方にお勧めのストレッチ３選です。怪我防止やパフォーマンスアップにストレッチをしましょう滋賀県(SHIGA) 整体 骨盤矯正で肩こり 腰痛 頭痛の根本改善 | 滋賀 守山市整体HOPE【18年/口コミ4.8】骨盤矯正×ストレッチ 根本改善 守山で人気・おすすめ整体院,"滋賀,整体,守山市,ストレッチ,ストレッチ整体コラム,猫背,肩こり,腰痛,姿勢改善,姿勢,滋賀県,守山",騎手(ジョッキー)の怪我予防！おすすめストレッチ3選 | 滋賀 守山市整体HOPE【18年/口コミ4.8】骨盤から根本改善 ストレッチで優しく 守山で人気・おすすめ整体院,"slug.'"">ストレッチ整体コラム | 騎手(ジョッキー)の怪我予防！おすすめストレッチ3選 | 滋賀 ストレッチ × 整体 HOPE | ストレッチ整体コラム",
shiga-seitai,https://shiga-seitai.jp/pelvic-correction-column/jockey-coretore.html,jockey-coretore.html,2026-04-07T12:10:58+00:00,競馬騎手におすすめ体幹トレーニング3選&骨盤矯正 ジョッキーのパフォーマンスアップ | 滋賀 守山市整体HOPE【18年/口コミ4.8】骨盤から根本改善 ストレッチで優しく 守山で人気・おすすめ整体院,滋賀県守山市で骨盤矯正、体幹トレーニングならストレッチ×整体HOPE。騎手(ジョッキー)、乗馬をする方にお勧めの体幹トレーニング3選です。骨盤矯正と体幹トレーニングで怪我防止やパフォーマンスアップに体幹トレーニングをしましょう。栗東市在住の方もご来店,"滋賀,整体,守山市,骨盤矯正,体幹トレーニングコラム,骨盤矯正コラム,猫背,肩こり,腰痛,姿勢改善,姿勢,滋賀県,守山",競馬騎手におすすめ体幹トレーニング3選&骨盤矯正 ジョッキーのパフォーマンスアップ | 滋賀 守山市整体HOPE【18年/口コミ4.8】骨盤から根本改善 ストレッチで優しく 守山で人気・おすすめ整体院,"slug.'"">体幹トレーニングコラムslug.'"">骨盤矯正コラム | 競馬騎手におすすめ体幹トレーニング3選&amp;骨盤矯正 ジョッキーのパフォーマンスアップ | 滋賀 ストレッチ × 整体 HOPE | 体幹トレーニングコラム",
shiga-seitai,https://shiga-seitai.jp/seitai-column/posture/sorigosi/swayback.html,swayback.html,2024-11-28T12:26:31+00:00,反り腰と腰痛の深い関係性 あなたの腰痛の原因? | 滋賀 守山市整体HOPE【18年/口コミ4.8】骨盤から根本改善 ストレッチで優しく 守山で人気・おすすめ整体院,滋賀で整体、骨盤矯正ならストレッチ×整体HOPE。今回は、反り腰と腰痛についてお話させて頂きました。反り腰は、腰痛の原因になったり、ポッコリお腹、肋骨の浮きなど美容面でもマイナスが多くあります。滋賀県で反り腰でお悩みの方はご相談ください滋賀県(SHIGA) 整体 骨盤矯正で肩こり 腰痛 頭痛の根本改善 | 滋賀 守山市整体HOPE【18年/口コミ4.8】骨盤矯正×ストレッチ 根本改善 守山で人気・おすすめ整体院,"滋賀,整体,守山市,骨盤矯正,骨盤矯正コラム,反り腰,猫背,肩こり,腰痛,姿勢改善,姿勢,滋賀県,守山",反り腰と腰痛の深い関係性 あなたの腰痛の原因? | 滋賀 守山市整体HOPE【18年/口コミ4.8】骨盤から根本改善 ストレッチで優しく 守山で人気・おすすめ整体院,"slug.'"">骨盤矯正コラムslug.'"">反り腰 | 反り腰と腰痛の深い関係性 あなたの腰痛の原因? | 滋賀 ストレッチ × 整体 HOPE | 骨盤矯正コラム",
shiga-seitai,https://shiga-seitai.jp/stretch-column/golf-lower-back-pain.html,golf-lower-back-pain.html,2025-12-30T13:45:08+00:00,ゴルフでの腰痛を防ぐ胸椎ストレッチ | 滋賀 守山市整体HOPE【18年/口コミ4.8】骨盤から根本改善 ストレッチで優しく 守山で人気・おすすめ整体院,滋賀で整体、腰痛改善ならストレッチ×整体HOPE。今回はゴルフで多い腰痛へのストレッチと改善策『胸郭』についてお話させて頂きます。滋賀でゴルフされてる方は、胸郭を動かして腰痛予防しましょう。滋賀県(SHIGA) 整体 骨盤矯正で肩こり 腰痛 頭痛の根本改善 | 滋賀 守山市整体HOPE【18年/口コミ4.8】骨盤矯正×ストレッチ 根本改善 守山で人気・おすすめ整体院,"滋賀,整体,守山市,骨盤矯正,ストレッチ整体コラム,猫背,肩こり,腰痛,姿勢改善,姿勢,滋賀県,守山",ゴルフでの腰痛を防ぐ胸椎ストレッチ | 滋賀 守山市整体HOPE【18年/口コミ4.8】骨盤から根本改善 ストレッチで優しく 守山で人気・おすすめ整体院,"slug.'"">ストレッチ整体コラム | ゴルフでの腰痛を防ぐ胸椎ストレッチ | ゴルフでの腰痛を防ぐ「胸椎ストレッチ」とは？ | 滋賀 ストレッチ × 整体 HOPE | ストレッチ整体コラム",
shiga-seitai,https://shiga-seitai.jp/beauty-seitai-column/darvish-hottab-recovery-wellness.html,darvish-hottab-recovery-wellness.html,2026-05-02T12:52:45+00:00,ダルビッシュ有愛用「ホットタブ」の効果と使い分け｜リカバリーとウェルネスの違い【滋賀・守山】 | 滋賀 守山市整体HOPE【18年/口コミ4.8】骨盤から根本改善 ストレッチで優しく 守山で人気・おすすめ整体院,ダルビッシュ有選手愛用の入浴剤「ホットタブ」の効果を、アスリートスリープコーチが徹底解説。疲労回復（リカバリー）と健康維持（ウェルネス）の違いを知り、あなたに最適な入浴法を見つけましょう。滋賀県守山市のHOPE会員限定のお得な情報も掲載。滋賀県(SHIGA) 整体 骨盤矯正で肩こり 腰痛 頭痛の根本改善 | 滋賀 守山市整体HOPE【18年/口コミ4.8】骨盤矯正×ストレッチ 根本改善 守山で人気・おすすめ整体院,"ダルビッシュ有,ホットタブ,HOT TAB,リカバリー,ウェルネス,睡眠,疲労回復,滋賀,守山,整体,美容整体コラム,猫背,肩こり,腰痛,姿勢改善,姿勢,滋賀県,守山市",ダルビッシュ有愛用「ホットタブ」の効果と使い分け｜リカバリーとウェルネスの違い【滋賀・守山】 | 滋賀 守山市整体HOPE【18年/口コミ4.8】骨盤から根本改善 ストレッチで優しく 守山で人気・おすすめ整体院,"slug.'"">美容整体コラム | ダルビッシュ有愛用「ホットタブ」の効果と使い分け｜リカバリーとウェルネスの違い【滋賀・守山】 | 滋賀 ストレッチ × 整体 HOPE | 美容整体コラム",
shiga-seitai,https://shiga-seitai.jp/stretch-column/sports-injuries.html,sports-injuries.html,2026-04-27T08:51:41+00:00,【スポーツ怪我に強い】滋賀県守山市整体院ストレッチ×整体HOPE | 滋賀 守山市整体HOPE【18年/口コミ4.8】骨盤から根本改善 ストレッチで優しく 守山で人気・おすすめ整体院,滋賀で整体なら守山市のストレッチ×整体HOPEへ。スポーツ障害（野球肘、オスグッド等）や突発的な怪我に対し、骨盤矯正・ストレッチ・KOBA式体幹トレーニングを組み合わせた独自のプログラムでアプローチします。滋賀県(SHIGA) 整体 骨盤矯正で肩こり 腰痛 頭痛の根本改善 | 滋賀 守山市整体HOPE【18年/口コミ4.8】骨盤矯正×ストレッチ 根本改善 守山で人気・おすすめ整体院,"滋賀,整体,守山市,スポーツ障害,オスグッド,野球肘,KOBA式体幹トレーニング,ストレッチ整体コラム,猫背,肩こり,腰痛,姿勢改善,姿勢,滋賀県,守山",【スポーツ怪我に強い】滋賀県守山市整体院ストレッチ×整体HOPE | 滋賀 守山市整体HOPE【18年/口コミ4.8】骨盤から根本改善 ストレッチで優しく 守山で人気・おすすめ整体院,"slug.'"">ストレッチ整体コラム | 【スポーツ怪我に強い】滋賀県守山市整体院ストレッチ×整体HOPE | 守山市で「スポーツ障害」の予防・改善ならストレッチ×整体HOPEへ | 滋賀 ストレッチ × 整体 HOPE | ストレッチ整体コラム",
shiga-seitai,https://shiga-seitai.jp/core-training-column/elderly-fall.html,elderly-fall.html,2025-02-18T13:19:09+00:00,高齢者に多い転倒防止に体幹バランストレーニング | 滋賀 守山市整体HOPE【18年/口コミ4.8】骨盤から根本改善 ストレッチで優しく 守山で人気・おすすめ整体院,滋賀で転倒予防はストレッチ×整体HOPEの体幹トレーニング。メディカル発想のKOBA式バランス体幹トレーニングで階段の昇降、高齢者のロコモ予防、転倒予防をして楽しく行きたい場所に行ける体を作っていきましょう。滋賀県(SHIGA) 整体 骨盤矯正で肩こり 腰痛 頭痛の根本改善 | 滋賀 守山市整体HOPE【18年/口コミ4.8】骨盤矯正×ストレッチ 根本改善 守山で人気・おすすめ整体院,"滋賀,整体,守山市,体幹トレーニング,体幹トレーニングコラム,猫背,肩こり,腰痛,姿勢改善,姿勢,滋賀県,守山",高齢者に多い転倒防止に体幹バランストレーニング | 滋賀 守山市整体HOPE【18年/口コミ4.8】骨盤から根本改善 ストレッチで優しく 守山で人気・おすすめ整体院,"slug.'"">体幹トレーニングコラム | 高齢者に多い転倒防止に体幹バランストレーニング | 滋賀 ストレッチ × 整体 HOPE | 体幹トレーニングコラム",
shiga-seitai,https://shiga-seitai.jp/seitai-column/zutu/straight-neck-headache.html,straight-neck-headache.html,2026-02-11T13:48:52+00:00,産後の頭痛・スマホ首を根本改善｜子育てママの整体ビフォーアフター｜滋賀県守山市 HOPE | 滋賀 守山市整体HOPE【18年/口コミ4.8】骨盤から根本改善 ストレッチで優しく 守山で人気・おすすめ整体院,"【滋賀県守山市】「頭痛薬が手放せない」とお悩みの20代ママが、ストレートネック（スマホ首）矯正で薬いらずの生活を取り戻した改善ストーリー。産後の姿勢や肩こりも根本改善。お子様連れOK、初回体験3,800円キャンペーン実施中。滋賀県(SHIGA) 整体 骨盤矯正で肩こり 腰痛 頭痛の根本改善 | 滋賀 守山市整体HOPE【18年/口コミ4.8】骨盤矯正×ストレッチ 根本改善 守山で人気・おすすめ整体院","滋賀,守山,整体,ストレートネック,頭痛,スマホ首,産後,骨盤矯正,ストレッチ,頭痛薬,骨盤矯正コラム,猫背,肩こり,腰痛,姿勢改善,姿勢,滋賀県,守山市",産後の頭痛・スマホ首を根本改善｜子育てママの整体ビフォーアフター｜滋賀県守山市 HOPE | 滋賀 守山市整体HOPE【18年/口コミ4.8】骨盤から根本改善 ストレッチで優しく 守山で人気・おすすめ整体院,"slug.'"">ストレートネックslug.'"">骨盤矯正コラムslug.'"">頭痛 | 産後の頭痛・スマホ首を根本改善｜子育てママの整体ビフォーアフター｜滋賀県守山市 HOPE | 【実録】「20代なのに頭が重くて辛い…」子育てママが姿勢を見直し、“薬に頼らない生活”を目指した物語 | 滋賀 ストレッチ × 整体 HOPE | ストレートネック | 姿勢 | 姿勢",
shiga-seitai,https://shiga-seitai.jp/seitai-column/posture/straightneck/stretching-for-sumaho-neck.html,stretching-for-sumaho-neck.html,2026-02-10T11:05:59+00:00,【滋賀 整体】守山でストレートネック改善｜デスクワークにおすすめ5つのストレッチ | 滋賀 守山市整体HOPE【18年/口コミ4.8】骨盤から根本改善 ストレッチで優しく 守山で人気・おすすめ整体院,滋賀で整体をお探しの方へ。デスクワークで「首が痛い」「頭痛がする」と悩んでいませんか？それはストレートネック（スマホ首）かもしれません。守山市のHOPEが教える、自宅でできる簡単ストレッチ5選と、根本改善のポイントを公開中。動画解説付き。滋賀県(SHIGA) 整体 骨盤矯正で肩こり 腰痛 頭痛の根本改善 | 滋賀 守山市整体HOPE【18年/口コミ4.8】骨盤矯正×ストレッチ 根本改善 守山で人気・おすすめ整体院,"滋賀,整体,守山市,ストレートネック改善,ストレートネック,スマホ首,ストレッチ,ストレッチ整体コラム,猫背,肩こり,腰痛,姿勢改善,姿勢,滋賀県,守山",【滋賀 整体】守山でストレートネック改善｜デスクワークにおすすめ5つのストレッチ | 滋賀 守山市整体HOPE【18年/口コミ4.8】骨盤から根本改善 ストレッチで優しく 守山で人気・おすすめ整体院,"slug.'"">ストレッチ整体コラムslug.'"">ストレートネック | 【滋賀 整体】守山でストレートネック改善｜デスクワークにおすすめ5つのストレッチ | 滋賀 ストレッチ × 整体 HOPE | ストレッチ整体コラム",
shiga-seitai,https://shiga-seitai.jp/seitai-column/posture/straightneck/examination.html,examination.html,2026-02-10T12:44:36+00:00,【セルフチェック有】ストレートネックが重症化すると？今すぐ確認できる方法 | 滋賀 守山市整体HOPE【18年/口コミ4.8】骨盤から根本改善 ストレッチで優しく 守山で人気・おすすめ整体院,滋賀で整体をお探しの方へ。「最近、頭痛や手のしびれが気になる」…それはストレートネックの重症化サインかもしれません。守山市のHOPEが、放置するリスクと今すぐできる「20秒セルフチェック法」を公開。自分の首の状態、知っていますか？滋賀県(SHIGA) 整体 骨盤矯正で肩こり 腰痛 頭痛の根本改善 | 滋賀 守山市整体HOPE【18年/口コミ4.8】骨盤矯正×ストレッチ 根本改善 守山で人気・おすすめ整体院,"滋賀,整体,守山市,ストレートネック改善,手のしびれ,自律神経,頚椎ヘルニア,ストレートネック,骨盤矯正コラム,猫背,肩こり,腰痛,姿勢改善,姿勢,滋賀県,守山",【セルフチェック有】ストレートネックが重症化すると？今すぐ確認できる方法 | 滋賀 守山市整体HOPE【18年/口コミ4.8】骨盤から根本改善 ストレッチで優しく 守山で人気・おすすめ整体院,"slug.'"">ストレートネックslug.'"">骨盤矯正コラム | 【セルフチェック有】ストレートネックが重症化すると？今すぐ確認できる方法 | そのしびれ・頭痛は「ストレートネック」の悪化？今すぐできる危険度診断 | 滋賀 ストレッチ × 整体 HOPE | ストレートネック | 姿勢 | 姿勢",
shiga-seitai,https://shiga-seitai.jp/stretch-column/moriyama-seitai-katakori.html,moriyama-seitai-katakori.html,2025-12-28T12:55:46+00:00,守山市で肩こり整体ならストレッチ×整体HOPE | 滋賀 守山市整体HOPE【18年/口コミ4.8】骨盤から根本改善 ストレッチで優しく 守山で人気・おすすめ整体院,滋賀県守山市で肩こり整体ならストレッチ×整体HOPE。肩甲骨はがし、姿勢矯正、ストレッチ整体で肩こりの症状を改善に導きます。滋賀県守山市で肩こりならストレッチ×整体HOPEで滋賀県(SHIGA) 整体 骨盤矯正で肩こり 腰痛 頭痛の根本改善 | 滋賀 守山市整体HOPE【18年/口コミ4.8】骨盤矯正×ストレッチ 根本改善 守山で人気・おすすめ整体院,"滋賀,整体,守山市,肩こり,ストレッチ整体コラム,猫背,腰痛,姿勢改善,姿勢,滋賀県,守山",守山市で肩こり整体ならストレッチ×整体HOPE | 滋賀 守山市整体HOPE【18年/口コミ4.8】骨盤から根本改善 ストレッチで優しく 守山で人気・おすすめ整体院,"slug.'"">ストレッチ整体コラム | 守山市で肩こり整体ならストレッチ×整体HOPE | 滋賀 ストレッチ × 整体 HOPE | ストレッチ整体コラム",
shiga-seitai,https://shiga-seitai.jp/seitai-column/youtu/moriyama-youtu.html,moriyama-youtu.html,2026-05-13T11:17:45+00:00,滋賀 整体｜守山市で慢性腰痛を根本改善！骨格調整×体幹強化で再発しない体へ守山市で腰痛整体ならストレッチ×整体HOPE | 滋賀 守山市整体HOPE【18年/口コミ4.8】骨盤から根本改善 ストレッチで優しく 守山で人気・おすすめ整体院,守山市で繰り返す慢性腰痛にお悩みではありませんか？マッサージで治らない痛みは「骨格の歪み」と「筋力不足」が原因かも。筋肉を緩めて体幹を鍛える独自のメソッドで、痛みのない身体作りをサポートします。まずはご相談ください。滋賀県(SHIGA) 整体 骨盤矯正で肩こり 腰痛 頭痛の根本改善 | 滋賀 守山市整体HOPE【18年/口コミ4.8】骨盤矯正×ストレッチ 根本改善 守山で人気・おすすめ整体院,"滋賀,整体,守山市,腰痛,骨盤矯正,ストレッチ整体コラム,骨盤矯正コラム,猫背,肩こり,姿勢改善,姿勢,滋賀県,守山",滋賀 整体｜守山市で慢性腰痛を根本改善！骨格調整×体幹強化で再発しない体へ守山市で腰痛整体ならストレッチ×整体HOPE | 滋賀 守山市整体HOPE【18年/口コミ4.8】骨盤から根本改善 ストレッチで優しく 守山で人気・おすすめ整体院,"slug.'"">ストレッチ整体コラムslug.'"">骨盤矯正コラムslug.'"">腰痛 | 滋賀 整体｜守山市で慢性腰痛を根本改善！骨格調整×体幹強化で再発しない体へ守山市で腰痛整体ならストレッチ×整体HOPE | 滋賀 ストレッチ × 整体 HOPE | ストレッチ整体コラム",
shiga-seitai,https://shiga-seitai.jp/stretch-column/family.html,family.html,2025-12-28T11:44:45+00:00,守山市-家族で通える整体院ストレッチ×整体HOPE | 滋賀 守山市整体HOPE【18年/口コミ4.8】骨盤から根本改善 ストレッチで優しく 守山で人気・おすすめ整体院,滋賀県守山市で腰痛整体ならストレッチ×整体HOPE。家族で通える整体院を目指し日々頑張っております。滋賀県守山市で整体を家族で通うならストレッチ×整体HOPEで滋賀県(SHIGA) 整体 骨盤矯正で肩こり 腰痛 頭痛の根本改善 | 滋賀 守山市整体HOPE【18年/口コミ4.8】骨盤矯正×ストレッチ 根本改善 守山で人気・おすすめ整体院,"滋賀,整体,守山市,肩こり,ストレッチ整体コラム,猫背,腰痛,姿勢改善,姿勢,滋賀県,守山",守山市-家族で通える整体院ストレッチ×整体HOPE | 滋賀 守山市整体HOPE【18年/口コミ4.8】骨盤から根本改善 ストレッチで優しく 守山で人気・おすすめ整体院,"slug.'"">ストレッチ整体コラム | 守山市-家族で通える整体院ストレッチ×整体HOPE | 滋賀 ストレッチ × 整体 HOPE | ストレッチ整体コラム",
shiga-seitai,https://shiga-seitai.jp/stretch-column/athlete-flexibility.html,athlete-flexibility.html,2025-12-28T04:18:38+00:00,「身体が硬い」は本当にケガの元？アスリートの柔軟性(ストレッチ)の真実 | 滋賀 守山市整体HOPE【18年/口コミ4.8】骨盤から根本改善 ストレッチで優しく 守山で人気・おすすめ整体院,滋賀でスポーツ整体ならストレッチ×整体HOPE。アスリートに必要な柔軟性はパフォーマンス向上とケガ予防の鍵。効果的なストレッチと体づくりで理想的な動きを実現。滋賀県(SHIGA) 整体 骨盤矯正で肩こり 腰痛 頭痛の根本改善 | 滋賀 守山市整体HOPE【18年/口コミ4.8】骨盤矯正×ストレッチ 根本改善 守山で人気・おすすめ整体院,"滋賀,整体,守山市,こどもの整体,体幹トレーニングコラム,ストレッチ整体コラム,猫背,肩こり,腰痛,姿勢改善,姿勢,滋賀県,守山",「身体が硬い」は本当にケガの元？アスリートの柔軟性(ストレッチ)の真実 | 滋賀 守山市整体HOPE【18年/口コミ4.8】骨盤から根本改善 ストレッチで優しく 守山で人気・おすすめ整体院,"slug.'"">体幹トレーニングコラムslug.'"">ストレッチ整体コラム | 「身体が硬い」は本当にケガの元？アスリートの柔軟性(ストレッチ)の真実 | 滋賀 ストレッチ × 整体 HOPE | 体幹トレーニングコラム",
shiga-seitai,https://shiga-seitai.jp/stretch-column/watashiga-national-polity.html,watashiga-national-polity.html,2025-12-25T11:19:12+00:00,わたSHIGA輝く国スポ・滋賀国体開催！アスリートを姿勢・柔軟性・睡眠からトータルサポート | 滋賀 守山市整体HOPE【18年/口コミ4.8】骨盤から根本改善 ストレッチで優しく 守山で人気・おすすめ整体院,滋賀県守山市でスポーツ整体ならストレッチ×整体HOPE。わたSHIGA輝く国スポが開催されます。HOPEでは、スポーツに関わる人を「姿勢」「柔軟性」「体の歪み」「睡眠」「スポーツ障害」をトータルでサポートしています。滋賀県(SHIGA) 整体 骨盤矯正で肩こり 腰痛 頭痛の根本改善 | 滋賀 守山市整体HOPE【18年/口コミ4.8】骨盤矯正×ストレッチ 根本改善 守山で人気・おすすめ整体院,"滋賀,整体,守山市,スポーツ整体,ストレッチ整体コラム,猫背,肩こり,腰痛,姿勢改善,姿勢,滋賀県,守山",わたSHIGA輝く国スポ・滋賀国体開催！アスリートを姿勢・柔軟性・睡眠からトータルサポート | 滋賀 守山市整体HOPE【18年/口コミ4.8】骨盤から根本改善 ストレッチで優しく 守山で人気・おすすめ整体院,"slug.'"">ストレッチ整体コラム | わたSHIGA輝く国スポ・滋賀国体開催！アスリートを姿勢・柔軟性・睡眠からトータルサポート | 滋賀 ストレッチ × 整体 HOPE | ストレッチ整体コラム",
shiga-seitai,https://shiga-seitai.jp/beauty-seitai-column/hottab-sensitivity-to-cold.html,hottab-sensitivity-to-cold.html,2025-12-30T09:31:50+00:00,【温活の新常識】つらい冷え性を根本改善！HOT TAB(ホットタブ)が叶える血流促進の秘密とは？ | 滋賀 守山市整体HOPE【18年/口コミ4.8】骨盤から根本改善 ストレッチで優しく 守山で人気・おすすめ整体院,つらい冷え性を根本から変える温活の新常識。重炭酸入浴剤「HOT TAB(ホットタブ)」の血流促進効果（さら湯の5倍）と仕組みを整体師が解説。田中みな実さんも愛用する正規品を、公式定期便やAmazonより安く購入できる【最安値ルート】も公開。滋賀県(SHIGA) 整体 骨盤矯正で肩こり 腰痛 頭痛の根本改善 | 滋賀 守山市整体HOPE【18年/口コミ4.8】骨盤矯正×ストレッチ 根本改善 守山で人気・おすすめ整体院,"滋賀,整体,守山市,肩こり,美容整体コラム,産後骨盤矯正コラム,猫背,腰痛,姿勢改善,姿勢,滋賀県,守山",【温活の新常識】つらい冷え性を根本改善！HOT TAB(ホットタブ)が叶える血流促進の秘密とは？ | 滋賀 守山市整体HOPE【18年/口コミ4.8】骨盤から根本改善 ストレッチで優しく 守山で人気・おすすめ整体院,"slug.'"">美容整体コラムslug.'"">産後骨盤矯正コラム | 【温活の新常識】つらい冷え性を根本改善！HOT TAB(ホットタブ)が叶える血流促進の秘密とは？ | 「泡」には意味がない？重炭酸イオンの真実 | 美のカリスマ・トップアスリートが選ぶ理由 | 血流量が約5倍に。NO（一酸化窒素）の働き | 石鹸いらずの「化学物質フリー」な入浴習慣 | 継続してこそ意味がある。最安値での購入方法 | 今日から始める、本質的な体質改善",
shiga-seitai,https://shiga-seitai.jp/sleep-column/athlete-short-sleep.html,athlete-short-sleep.html,2025-12-14T10:56:14+00:00,【短時間仮眠の驚くべき効果】午後のパフォーマンスを最大化する秘策 | 滋賀 守山市整体HOPE【18年/口コミ4.8】骨盤から根本改善 ストレッチで優しく 守山で人気・おすすめ整体院,滋賀でスポーツ整体ならストレッチ×整体HOPE。短時間睡眠がアスリートの午後の運動パフォーマンスをどう高めるか解説。スポーツ整体や睡眠改善に役立つ科学的知見を紹介します。滋賀県(SHIGA) 整体 骨盤矯正で肩こり 腰痛 頭痛の根本改善 | 滋賀 守山市整体HOPE【18年/口コミ4.8】骨盤矯正×ストレッチ 根本改善 守山で人気・おすすめ整体院,"滋賀,整体,守山市,スポーツ整体,睡眠コラム,猫背,肩こり,腰痛,姿勢改善,姿勢,滋賀県,守山",【短時間仮眠の驚くべき効果】午後のパフォーマンスを最大化する秘策 | 滋賀 守山市整体HOPE【18年/口コミ4.8】骨盤から根本改善 ストレッチで優しく 守山で人気・おすすめ整体院,"slug.'"">睡眠コラム | 【短時間仮眠の驚くべき効果】午後のパフォーマンスを最大化する秘策 | ＼ まずはお気軽にご相談ください ／ | 滋賀 ストレッチ × 整体 HOPE | 睡眠コラム",
shiga-seitai,https://shiga-seitai.jp/seitai-column/autonomic-nerves/cold-acupuncture-point.html,cold-acupuncture-point.html,2026-05-02T11:56:09+00:00,滋賀の寒い冬を乗り切る！冷え性改善におすすめのツボ3選 | 滋賀 守山市整体HOPE【18年/口コミ4.8】骨盤から根本改善 ストレッチで優しく 守山で人気・おすすめ整体院,滋賀県守山市のストレッチ×整体HOPEが教える冬の冷え性対策。琵琶湖の寒風で冷え切った体を温める「効果的なツボ3選（太谿・湧泉・合谷）」を画像付きで解説します。整体師歴18年のプロが提案するセルフケアで、辛い冷えや肩こりを根本から改善しましょう。,"滋賀,守山,整体,冷え性,ツボ,冷え性改善,温活,セルフケア,骨盤矯正,美容整体コラム,自律神経の乱れ,猫背,肩こり,腰痛,姿勢改善,姿勢,滋賀県,守山市",滋賀の寒い冬を乗り切る！冷え性改善におすすめのツボ3選 | 滋賀 守山市整体HOPE【18年/口コミ4.8】骨盤から根本改善 ストレッチで優しく 守山で人気・おすすめ整体院,"slug.'"">美容整体コラムslug.'"">自律神経の乱れ | 滋賀の寒い冬を乗り切る！冷え性改善におすすめのツボ3選 | 滋賀 ストレッチ × 整体 HOPE | 美容整体コラム",
shiga-seitai,https://shiga-seitai.jp/sleep-column/sleep-genetic-testing.html,sleep-genetic-testing.html,2025-12-14T08:40:45+00:00,【遺伝子レベルで睡眠を変える】睡眠遺伝子検査であなたの最適な睡眠法 | 滋賀 守山市整体HOPE【18年/口コミ4.8】骨盤から根本改善 ストレッチで優しく 守山で人気・おすすめ整体院,滋賀県守山市で睡眠でお悩みの方、パフォーマンスアップは、ストレッチ×整体HOPEにご相談下さいませ。滋賀県(SHIGA) 整体 骨盤矯正で肩こり 腰痛 頭痛の根本改善 | 滋賀 守山市整体HOPE【18年/口コミ4.8】骨盤矯正×ストレッチ 根本改善 守山で人気・おすすめ整体院,"滋賀,整体,守山市,睡眠遺伝子,睡眠コラム,猫背,肩こり,腰痛,姿勢改善,姿勢,滋賀県,守山",【遺伝子レベルで睡眠を変える】睡眠遺伝子検査であなたの最適な睡眠法 | 滋賀 守山市整体HOPE【18年/口コミ4.8】骨盤から根本改善 ストレッチで優しく 守山で人気・おすすめ整体院,"slug.'"">睡眠コラム | 【遺伝子レベルで睡眠を変える】睡眠遺伝子検査であなたの最適な睡眠法 | &#x2705; ストレッチ整体体幹トレーニングを予約遺伝子検査を相談お問い合わせはこちら | 滋賀 ストレッチ × 整体 HOPE | 睡眠コラム",
shiga-seitai,https://shiga-seitai.jp/beauty-seitai-column/hottab-members-site-official.html,hottab-members-site-official.html,2026-05-05T06:51:41+00:00,【怪しい？】HOT TAB(ホットタブ) Member’s Siteを解説 | 滋賀 守山市整体HOPE【18年/口コミ4.8】骨盤から根本改善 ストレッチで優しく 守山で人気・おすすめ整体院,"【公式認定店が解説】検索で見つかる「HOTTAB Member's Site」は怪しい？実はメーカー直営の正規ルートです。定価6,930円からかなりお得になる安さの秘密と、誰でも会員価格で購入できる正規の登録方法を公開します。滋賀県(SHIGA) 整体 骨盤矯正で肩こり 腰痛 頭痛の根本改善 | 滋賀 守山市整体HOPE【18年/口コミ4.8】骨盤矯正×ストレッチ 根本改善 守山で人気・おすすめ整体院","ホットタブ,最安値,Hot Tab,定期便,90錠,5544円,激安,キャンペーン,薬用ホットタブ重炭酸湯,美容整体コラム,滋賀,整体,猫背,肩こり,腰痛,姿勢改善,姿勢,滋賀県,守山,守山市",【怪しい？】HOT TAB(ホットタブ) Member’s Siteを解説 | 滋賀 守山市整体HOPE【18年/口コミ4.8】骨盤から根本改善 ストレッチで優しく 守山で人気・おすすめ整体院,"slug.'"">美容整体コラム | 【怪しい？】HOT TAB(ホットタブ) Member&#8217;s Siteを解説 | 怪しい？検索で見かける「HOTTAB Member&#8217;s Site」の正体とは | 滋賀 ストレッチ × 整体 HOPE | 美容整体コラム",
shiga-seitai,https://shiga-seitai.jp/sleep-column/lack-of-sleep-headache.html,lack-of-sleep-headache.html,2026-03-25T08:39:56+00:00,睡眠不足と頭痛の悪循環を断つ！滋賀の整体HOPEで叶える「質の高い眠り」 | 滋賀 守山市整体HOPE【18年/口コミ4.8】骨盤から根本改善 ストレッチで優しく 守山で人気・おすすめ整体院,滋賀で整体・睡眠改善なら守山市のHOPEへ。睡眠不足が引き起こす片頭痛や緊張型頭痛のメカニズムを徹底解説。独自の頭蓋骨調整と全身ストレッチで呼吸を深くし、脳の疲労をリセットします。慢性的な頭痛や不眠を解消したい方はぜひご相談ください。滋賀県(SHIGA) 整体 骨盤矯正で肩こり 腰痛 頭痛の根本改善 | 滋賀 守山市整体HOPE【18年/口コミ4.8】骨盤矯正×ストレッチ 根本改善 守山で人気・おすすめ整体院,"滋賀,整体,守山市,睡眠不足 頭痛 メカニズム,片頭痛 改善,ヘッドスパ,張型頭痛,ストレートネック,アスリートスリープスペシャリスト  4. メタディスクリプション,睡眠コラム,猫背,肩こり,腰痛,姿勢改善,姿勢,滋賀県,守山",睡眠不足と頭痛の悪循環を断つ！滋賀の整体HOPEで叶える「質の高い眠り」 | 滋賀 守山市整体HOPE【18年/口コミ4.8】骨盤から根本改善 ストレッチで優しく 守山で人気・おすすめ整体院,"slug.'"">睡眠コラム | 睡眠不足と頭痛の悪循環を断つ！滋賀の整体HOPEで叶える「質の高い眠り」 | 「頭痛で眠れない」「眠れないから頭痛がする」…その負のスパイラル、終わらせませんか？ | 滋賀 ストレッチ × 整体 HOPE | 睡眠コラム",
shiga-seitai,https://shiga-seitai.jp/sleep-column/r90-technique.html,r90-technique.html,2026-04-08T08:03:20+00:00,R90テクニックでパフォーマンスアップ トップアスリートの睡眠法を滋賀の整体HOPEで | 滋賀 守山市整体HOPE【18年/口コミ4.8】骨盤から根本改善 ストレッチで優しく 守山で人気・おすすめ整体院,睡眠の質は「寝具」だけでなく「身体の歪み」と「生活リズム」に原因があります。滋賀の整体HOPEでは、スリープコーチによるR90テクニックの指導と、自律神経を整えるストレッチ整体で、あなたに最適な『睡眠勝ちパターン』を構築します。滋賀県(SHIGA) 整体 骨盤矯正で肩こり 腰痛 頭痛の根本改善 | 滋賀 守山市整体HOPE【18年/口コミ4.8】骨盤矯正×ストレッチ 根本改善 守山で人気・おすすめ整体院,"滋賀,整体,守山市,R90テクニック,睡眠の質 上げる,スリープコーチ,睡眠コラム,猫背,肩こり,腰痛,姿勢改善,姿勢,滋賀県,守山",R90テクニックでパフォーマンスアップ トップアスリートの睡眠法を滋賀の整体HOPEで | 滋賀 守山市整体HOPE【18年/口コミ4.8】骨盤から根本改善 ストレッチで優しく 守山で人気・おすすめ整体院,"slug.'"">睡眠コラム | R90テクニックでパフォーマンスアップ トップアスリートの睡眠法を滋賀の整体HOPEで | トップアスリートも実践する「R90テクニック」とは | 滋賀 ストレッチ × 整体 HOPE | 睡眠コラム",
shiga-seitai,https://shiga-seitai.jp/seitai-column/orientalmedicine/sleep-immunity.html,sleep-immunity.html,2025-12-14T13:28:10+00:00,【睡眠と免疫】インフルエンザに「勝つ」体は夜作られる | 滋賀 守山市整体HOPE【18年/口コミ4.8】骨盤から根本改善 ストレッチで優しく 守山で人気・おすすめ整体院,滋賀県守山市で整体、睡眠指導ならストレッチ×整体HOPE。【睡眠と免疫】インフルエンザに「勝つ」体は夜作られる。睡眠不足が感染リスクを激増させる驚きのメカニズムと対策を解説滋賀県(SHIGA) 整体 骨盤矯正で肩こり 腰痛 頭痛の根本改善 | 滋賀 守山市整体HOPE【18年/口コミ4.8】骨盤矯正×ストレッチ 根本改善 守山で人気・おすすめ整体院,"滋賀,整体,守山市,頭痛,睡眠コラム,東洋医学,猫背,肩こり,腰痛,姿勢改善,姿勢,滋賀県,守山",【睡眠と免疫】インフルエンザに「勝つ」体は夜作られる | 滋賀 守山市整体HOPE【18年/口コミ4.8】骨盤から根本改善 ストレッチで優しく 守山で人気・おすすめ整体院,"slug.'"">睡眠コラムslug.'"">東洋医学 | 【睡眠と免疫】インフルエンザに「勝つ」体は夜作られる | ストレッチ整体睡眠指導を予約お問い合わせはこちら | 滋賀 ストレッチ × 整体 HOPE | 睡眠コラム",
shiga-seitai,https://shiga-seitai.jp/stretch-column/ankle-strain-adapbase.html,ankle-strain-adapbase.html,2025-12-28T03:26:57+00:00,その不調、足首の歪みが原因かも？アダプベースで始める根本的なケア | 滋賀 守山市整体HOPE【18年/口コミ4.8】骨盤から根本改善 ストレッチで優しく 守山で人気・おすすめ整体院,滋賀守山市で姿勢矯正、整体ならストレッチ×整体HOPE。立ち方・歩き方に関わる足首の歪みの治し方に着目。アダプベースは足元の感覚入力を高め、安定した姿勢づくりをサポートするトレーニングマットです。滋賀県(SHIGA) 整体 骨盤矯正で肩こり 腰痛 頭痛の根本改善 | 滋賀 守山市整体HOPE【18年/口コミ4.8】骨盤矯正×ストレッチ 根本改善 守山で人気・おすすめ整体院,"滋賀,整体,守山市,アダプベース,体幹トレーニングコラム,ストレッチ整体コラム,猫背,肩こり,腰痛,姿勢改善,姿勢,滋賀県,守山",その不調、足首の歪みが原因かも？アダプベースで始める根本的なケア | 滋賀 守山市整体HOPE【18年/口コミ4.8】骨盤から根本改善 ストレッチで優しく 守山で人気・おすすめ整体院,"slug.'"">体幹トレーニングコラムslug.'"">ストレッチ整体コラム | その不調、足首の歪みが原因かも？アダプベースで始める根本的なケア | 滋賀 ストレッチ × 整体 HOPE | 体幹トレーニングコラム",
shiga-seitai,https://shiga-seitai.jp/core-training-column/golf-back-pain.html,golf-back-pain.html,2025-12-30T14:08:58+00:00,ゴルフの腰痛を防ぐ体幹トレーニング3選 | 滋賀 守山市整体HOPE【18年/口コミ4.8】骨盤から根本改善 ストレッチで優しく 守山で人気・おすすめ整体院,滋賀でゴルフ整体ならストレッチ×整体HOPE。ゴルフの腰痛を防ぐ体幹トレーニング3選です。ゴルフを続けるためには、体の使い方を変えてみませんか？滋賀県守山市でスポーツ整体ならご相談ください。滋賀県(SHIGA) 整体 骨盤矯正で肩こり 腰痛 頭痛の根本改善 | 滋賀 守山市整体HOPE【18年/口コミ4.8】骨盤矯正×ストレッチ 根本改善 守山で人気・おすすめ整体院,"滋賀,整体,守山市,ゴルフ整体,体幹トレーニングコラム,猫背,肩こり,腰痛,姿勢改善,姿勢,滋賀県,守山",ゴルフの腰痛を防ぐ体幹トレーニング3選 | 滋賀 守山市整体HOPE【18年/口コミ4.8】骨盤から根本改善 ストレッチで優しく 守山で人気・おすすめ整体院,"slug.'"">体幹トレーニングコラム | ゴルフの腰痛を防ぐ体幹トレーニング3選 | 滋賀 ストレッチ × 整体 HOPE | 体幹トレーニングコラム",
shiga-seitai,https://shiga-seitai.jp/kids-seitai-column/sisei-importanc.html,sisei-importanc.html,2026-02-22T12:37:01+00:00,子供の姿勢の重要性について | 滋賀 守山市整体HOPE【18年/口コミ4.8】骨盤から根本改善 ストレッチで優しく 守山で人気・おすすめ整体院,滋賀でこどもの整体・姿勢矯正はストレッチ×整体HOPE。お子様の姿勢を10回で改善させます。遊びながらのトレーニング&ソフトな姿勢矯正でお子様も飽きなく楽しくご来店いただいております。スポーツをしてる、姿勢が悪いなどお子様になにか不安なことがございましたらご相談くださいませ。,"滋賀,整体,守山市,骨盤矯正,こどもの整体コラム,猫背,肩こり,腰痛,姿勢改善,姿勢,滋賀県,守山",子供の姿勢の重要性について | 滋賀 守山市整体HOPE【18年/口コミ4.8】骨盤から根本改善 ストレッチで優しく 守山で人気・おすすめ整体院,"slug.'"">こどもの整体コラム | 子供の姿勢の重要性について | 滋賀 ストレッチ × 整体 HOPE | こどもの整体コラム",
shiga-seitai,https://shiga-seitai.jp/core-training-column/jockey-core-training-intermediate.html,jockey-core-training-intermediate.html,2025-12-30T13:02:10+00:00,【中級編】騎手級(ジョッキー)の「ブレない軸」を作る！KOBA式体幹バランストレーニング | 滋賀 守山市整体HOPE【18年/口コミ4.8】骨盤から根本改善 ストレッチで優しく 守山で人気・おすすめ整体院,滋賀で体幹トレーニングならストレッチ×整体HOPE。騎手のようなブレない体幹を手に入れる中級編。KOBA式体幹トレーニングから、動きの中で軸を作る3つのメニューを厳選。前回の基本姿勢からステップアップし、柔軟性と安定性を同時に高めましょう。滋賀県(SHIGA) 整体 骨盤矯正で肩こり 腰痛 頭痛の根本改善 | 滋賀 守山市整体HOPE【18年/口コミ4.8】骨盤矯正×ストレッチ 根本改善 守山で人気・おすすめ整体院,"体幹トレーニング,KOBAトレ,騎手,中級,バランス,姿勢改善,体幹トレーニングコラム,滋賀,整体,猫背,肩こり,腰痛,姿勢,滋賀県,守山,守山市",【中級編】騎手級(ジョッキー)の「ブレない軸」を作る！KOBA式体幹バランストレーニング | 滋賀 守山市整体HOPE【18年/口コミ4.8】骨盤から根本改善 ストレッチで優しく 守山で人気・おすすめ整体院,"slug.'"">体幹トレーニングコラム | 【中級編】騎手級(ジョッキー)の「ブレない軸」を作る！KOBA式体幹バランストレーニング | 動きの中でブレない「騎手（ジョッキー）の体幹」を目指す | 滋賀 ストレッチ × 整体 HOPE | 体幹トレーニングコラム",
shiga-seitai,https://shiga-seitai.jp/core-training-column/jockey-core-training-advanced.html,jockey-core-training-advanced.html,2025-12-30T13:02:52+00:00,【上級編】騎手の「ブレない軸」を作る体幹トレーニング 久保建英選手も実践するKOBAトレ | 滋賀 守山市整体HOPE【18年/口コミ4.8】骨盤から根本改善 ストレッチで優しく 守山で人気・おすすめ整体院,滋賀で体幹トレーニングならストレッチ×整体HOPE。【騎手・アスリート向け】動きの中でブレない強靭な軸を作る「体幹トレーニング上級編」。久保建英選手も実践するKOBAトレの高強度メニューを動画で解説。馬上での姿勢安定、重心キープに悩む方へ。滋賀県守山市の認定トレーナーが教える本気の体幹強化法。,"騎手,体幹トレーニング,上級,KOBAトレ,バランス,トレーニング,久保建英,滋賀,整体,体幹トレーニングコラム,猫背,肩こり,腰痛,姿勢改善,姿勢,滋賀県,守山,守山市",【上級編】騎手の「ブレない軸」を作る体幹トレーニング 久保建英選手も実践するKOBAトレ | 滋賀 守山市整体HOPE【18年/口コミ4.8】骨盤から根本改善 ストレッチで優しく 守山で人気・おすすめ整体院,"slug.'"">体幹トレーニングコラム | 【上級編】騎手の「ブレない軸」を作る体幹トレーニング 久保建英選手も実践するKOBAトレ | 騎手（ジョッキー）必須の「体幹バランストレーニング」上級編！KOBAトレで人馬一体の強さを | 滋賀 ストレッチ × 整体 HOPE | 体幹トレーニングコラム",
shiga-seitai,https://shiga-seitai.jp/core-training-column/golf-science-asymmetry.html,golf-science-asymmetry.html,2025-12-31T09:39:33+00:00,ゴルフの飛距離は「左右非対称」で決まる！飛ばし屋の腹筋の秘密 | 滋賀 守山市整体HOPE【18年/口コミ4.8】骨盤から根本改善 ストレッチで優しく 守山で人気・おすすめ整体院,「ゴルフの飛距離アップには左右バランスの良い身体が必要」は間違いだった？最新の科学論文が証明した「飛ばし屋は腹筋が左右非対称」という衝撃の事実を解説。間違った筋トレで腰痛にならないための、正しい体幹の鍛え方とストレッチ法をご紹介します。【滋賀・守山市の整体ストレッチ×整体HOPE】,"賀,整体,ゴルフ,飛距離アップ,体幹トレーニング,腹筋,左右差,KOBAトレ,体幹トレーニングコラム,滋賀,猫背,肩こり,腰痛,姿勢改善,姿勢,滋賀県,守山,守山市",ゴルフの飛距離は「左右非対称」で決まる！飛ばし屋の腹筋の秘密 | 滋賀 守山市整体HOPE【18年/口コミ4.8】骨盤から根本改善 ストレッチで優しく 守山で人気・おすすめ整体院,"slug.'"">体幹トレーニングコラム | ゴルフの飛距離は「左右非対称」で決まる！飛ばし屋の腹筋の秘密 | 【論文解説】飛ばし屋の腹筋は「左右非対称」だった！科学が証明した飛距離の正体 | 滋賀 ストレッチ × 整体 HOPE | 体幹トレーニングコラム",
shiga-seitai,https://shiga-seitai.jp/sleep-column/hottab-effect-sleep-method.html,hottab-effect-sleep-method.html,2026-03-05T15:20:27+00:00,ホットタブは効果なし？原因は「入り方」かも。スリープコーチが教える熟睡メソッド | 滋賀 守山市整体HOPE【18年/口コミ4.8】骨盤から根本改善 ストレッチで優しく 守山で人気・おすすめ整体院,「ホットタブは効果なし」「汗が出ない」と感じる方へ。もしかするとその原因、入浴時間が短いからかもしれません。アスリートスリープコーチが、重炭酸の効果を最大化し、泥のように眠れる「正しい入り方」と深部体温の秘密を解説します。滋賀県(SHIGA) 整体 骨盤矯正で肩こり 腰痛 頭痛の根本改善 | 滋賀 守山市整体HOPE【18年/口コミ4.8】骨盤矯正×ストレッチ 根本改善 守山で人気・おすすめ整体院,"ホットタブ,効果なし,使い方,睡眠,深部体温,ホットタブ怪しい,睡眠コラム,滋賀,整体,猫背,肩こり,腰痛,姿勢改善,姿勢,滋賀県,守山,守山市",ホットタブは効果なし？原因は「入り方」かも。スリープコーチが教える熟睡メソッド | 滋賀 守山市整体HOPE【18年/口コミ4.8】骨盤から根本改善 ストレッチで優しく 守山で人気・おすすめ整体院,"slug.'"">睡眠コラム | ホットタブは効果なし？原因は「入り方」かも。スリープコーチが教える熟睡メソッド | 滋賀 ストレッチ × 整体 HOPE | 睡眠コラム",
shiga-seitai,https://shiga-seitai.jp/beauty-seitai-column/oleg-ankle.html,oleg-ankle.html,2026-04-18T11:23:58+00:00,滋賀で整体なら｜「生まれつき」と諦めないO脚矯正。足首から整える美脚への近道 | 滋賀 守山市整体HOPE【18年/口コミ4.8】骨盤から根本改善 ストレッチで優しく 守山で人気・おすすめ整体院,滋賀の整体院が解説するO脚改善コラム。O脚の原因は「重心の偏り」と「足首」にあります。当院では丁寧な検査で歪みのタイプを見極め、根本から矯正。まずは記事内のセルフチェックで、あなたの足首の状態を確認してみましょう。滋賀県(SHIGA) 整体 骨盤矯正で肩こり 腰痛 頭痛の根本改善 | 滋賀 守山市整体HOPE【18年/口コミ4.8】骨盤矯正×ストレッチ 根本改善 守山で人気・おすすめ整体院,"滋賀,整体,守山市,O脚矯正,足首の歪み,O脚改善,靴の減り方,美容整体コラム,猫背,肩こり,腰痛,姿勢改善,姿勢,滋賀県,守山",滋賀で整体なら｜「生まれつき」と諦めないO脚矯正。足首から整える美脚への近道 | 滋賀 守山市整体HOPE【18年/口コミ4.8】骨盤から根本改善 ストレッチで優しく 守山で人気・おすすめ整体院,"slug.'"">美容整体コラム | 滋賀で整体なら｜「生まれつき」と諦めないO脚矯正。足首から整える美脚への近道 | そのO脚、原因は「足首」でした。 | 滋賀 ストレッチ × 整体 HOPE | 美容整体コラム",
shiga-seitai,https://shiga-seitai.jp/stretch-column/office-worker-stretch.html,office-worker-stretch.html,2026-01-22T13:49:34+00:00,滋賀 整体｜デスクワーク疲れもスッキリ！疲れ知らずな背中を作るストレッチ | 滋賀 守山市整体HOPE【18年/口コミ4.8】骨盤から根本改善 ストレッチで優しく 守山で人気・おすすめ整体院,"滋賀・守山の整体院がデスクワーク疲れを解消します。「夕方になると背中が辛い」「姿勢が悪くなった」その原因は固まった筋肉です。17,000人を施術したプロが、座り仕事でも疲れにくい身体と美しい姿勢へ導きます。まずはご相談ください。滋賀県(SHIGA) 整体 骨盤矯正で肩こり 腰痛 頭痛の根本改善 | 滋賀 守山市整体HOPE【18年/口コミ4.8】骨盤矯正×ストレッチ 根本改善 守山で人気・おすすめ整体院","滋賀,整体,PC作業,巻き肩,姿勢改善,ストレッチ整体コラム,猫背,肩こり,腰痛,姿勢,滋賀県,守山,守山市",滋賀 整体｜デスクワーク疲れもスッキリ！疲れ知らずな背中を作るストレッチ | 滋賀 守山市整体HOPE【18年/口コミ4.8】骨盤から根本改善 ストレッチで優しく 守山で人気・おすすめ整体院,"slug.'"">ストレッチ整体コラム | 滋賀 整体｜デスクワーク疲れもスッキリ！疲れ知らずな背中を作るストレッチ | 滋賀 ストレッチ × 整体 HOPE | ストレッチ整体コラム",
shiga-seitai,https://shiga-seitai.jp/stretch-column/running-performance-recovery.html,running-performance-recovery.html,2026-01-22T13:34:41+00:00,滋賀 整体でタイム短縮｜びわ湖マラソン自己ベスト更新へ。ランナー専門の身体調整 | 滋賀 守山市整体HOPE【18年/口コミ4.8】骨盤から根本改善 ストレッチで優しく 守山で人気・おすすめ整体院,びわ湖マラソンで自己ベストを狙う方へ。後半の失速は練習不足ではなく「身体の硬さ」が原因かも？滋賀県守山市の整体HOPEが、30kmの壁を突破する「筋膜リリース×股関節ケア」を解説。本番前の最終調整に。滋賀県(SHIGA) 整体 骨盤矯正で肩こり 腰痛 頭痛の根本改善 | 滋賀 守山市整体HOPE【18年/口コミ4.8】骨盤矯正×ストレッチ 根本改善 守山で人気・おすすめ整体院,"滋賀,整体,びわ湖マラソン,スポーツ整体,骨盤矯正,守山市,マラソン後半失速,足が重い,自己ベスト更新,ランニングエコノミー,ストレッチ整体コラム,猫背,肩こり,腰痛,姿勢改善,姿勢,滋賀県,守山",滋賀 整体でタイム短縮｜びわ湖マラソン自己ベスト更新へ。ランナー専門の身体調整 | 滋賀 守山市整体HOPE【18年/口コミ4.8】骨盤から根本改善 ストレッチで優しく 守山で人気・おすすめ整体院,"slug.'"">ストレッチ整体コラム | 滋賀 整体でタイム短縮｜びわ湖マラソン自己ベスト更新へ。ランナー専門の身体調整 | タイム短縮の鍵は「ランニングエコノミー」の改善にあり | なぜ「後半の失速」は起きるのか？解剖学的メカニズム | 自宅でできる！「燃費改善」セルフケア | 滋賀 ストレッチ × 整体 HOPE | ストレッチ整体コラム",
shiga-seitai,https://shiga-seitai.jp/sleep-column/sleep-banking.html,sleep-banking.html,2026-03-25T08:23:39+00:00,滋賀 整体｜マラソン前夜に一睡もできなくても大丈夫？自己ベストを出す睡眠戦略 | 滋賀 守山市整体HOPE【18年/口コミ4.8】骨盤から根本改善 ストレッチで優しく 守山で人気・おすすめ整体院,滋賀で整体ならHOPE。びわ湖マラソン前夜に眠れなくても大丈夫。最新科学「スリープ・バンキング」を活用すればパフォーマンスは落ちません。自己ベスト更新を目指すランナーへ、プロが教える入眠儀式とリカバリー法を公開。滋賀県(SHIGA) 整体 骨盤矯正で肩こり 腰痛 頭痛の根本改善 | 滋賀 守山市整体HOPE【18年/口コミ4.8】骨盤矯正×ストレッチ 根本改善 守山で人気・おすすめ整体院,"滋賀,整体,マラソン,不眠,パフォーマンスアップ,コンディショニング,睡眠コラム,猫背,肩こり,腰痛,姿勢改善,姿勢,滋賀県,守山,守山市",滋賀 整体｜マラソン前夜に一睡もできなくても大丈夫？自己ベストを出す睡眠戦略 | 滋賀 守山市整体HOPE【18年/口コミ4.8】骨盤から根本改善 ストレッチで優しく 守山で人気・おすすめ整体院,"slug.'"">睡眠コラム | 滋賀 整体｜マラソン前夜に一睡もできなくても大丈夫？自己ベストを出す睡眠戦略 | 前日に眠れなくても「記録」は落ちない？ | 最新科学が推奨する「スリープ・バンキング」 | アスリートスリープコーチ直伝！入眠の3つの儀式 | 1週間前から勝負は始まっている。整体師が語る「極上のリカバリー」 | 滋賀 ストレッチ × 整体 HOPE | 睡眠コラム",
shiga-seitai,https://shiga-seitai.jp/seitai-column/knee/runners-knee-gluteus.html,runners-knee-gluteus.html,2026-02-10T09:01:27+00:00,滋賀 整体｜びわ湖マラソン直前！膝の外側の痛み・ランナー膝を根本改善 | 滋賀 守山市整体HOPE【18年/口コミ4.8】骨盤から根本改善 ストレッチで優しく 守山で人気・おすすめ整体院,滋賀県守山市のストレッチ×整体HOPE。びわ湖マラソン完走を目指すランナー必見。繰り返す膝の痛み（腸脛靭帯炎）は、骨盤と中殿筋の調整で劇的に変わります。アスリートスリープコーチによる睡眠リカバリー指導で、万全の状態で本番へ。滋賀県(SHIGA) 整体 骨盤矯正で肩こり 腰痛 頭痛の根本改善 | 滋賀 守山市整体HOPE【18年/口コミ4.8】骨盤矯正×ストレッチ 根本改善 守山で人気・おすすめ整体院,"滋賀,整体,びわ湖マラソン,ランナー膝,腸脛靭帯炎,ストレッチ整体コラム,膝,猫背,肩こり,腰痛,姿勢改善,姿勢,滋賀県,守山,守山市",滋賀 整体｜びわ湖マラソン直前！膝の外側の痛み・ランナー膝を根本改善 | 滋賀 守山市整体HOPE【18年/口コミ4.8】骨盤から根本改善 ストレッチで優しく 守山で人気・おすすめ整体院,"slug.'"">ストレッチ整体コラムslug.'"">膝 | 滋賀 整体｜びわ湖マラソン直前！膝の外側の痛み・ランナー膝を根本改善 | びわ湖マラソンの「平坦コース」が膝を壊す理由 | 最新研究が特定した真犯人「中殿筋の機能不全」 | 湿布や安静だけでは「完治」しない理由 | びわ湖マラソンを「笑顔」で完走するために | 滋賀 ストレッチ × 整体 HOPE | ストレッチ整体コラム",
shiga-seitai,https://shiga-seitai.jp/stretch-column/biwako-marathon-2026.html,biwako-marathon-2026.html,2026-02-10T08:55:08+00:00,滋賀 びわ湖マラソン2026攻略ガイド！ | 滋賀 守山市整体HOPE【18年/口コミ4.8】骨盤から根本改善 ストレッチで優しく 守山で人気・おすすめ整体院,滋賀県守山市の整体院が「びわ湖マラソン2026」を徹底解説。3月8日の交通規制や近江大橋・強風対策などのコース攻略法に加え、ランナー特有の膝の痛みや大会前後の疲労回復ケアまで。アスリートスリープコーチによる睡眠指導で自己ベスト更新をサポートします。,"滋賀,整体,びわ湖マラソン2026,交通規制,ランナー膝,体幹トレーニングコラム,ストレッチ整体コラム,猫背,肩こり,腰痛,姿勢改善,姿勢,滋賀県,守山,守山市",滋賀 びわ湖マラソン2026攻略ガイド！ | 滋賀 守山市整体HOPE【18年/口コミ4.8】骨盤から根本改善 ストレッチで優しく 守山で人気・おすすめ整体院,"slug.'"">体幹トレーニングコラムslug.'"">ストレッチ整体コラム | 滋賀 びわ湖マラソン2026攻略ガイド！ | 滋賀 ストレッチ × 整体 HOPE | 体幹トレーニングコラム",
shiga-seitai,https://shiga-seitai.jp/stretch-column/running-recovery.html,running-recovery.html,2026-03-25T08:11:29+00:00,3週間でタイムが変わる？睡眠と整体で叶える「超回復」理論 | 滋賀 守山市整体HOPE【18年/口コミ4.8】骨盤から根本改善 ストレッチで優しく 守山で人気・おすすめ整体院,滋賀でスポーツ整体なら当院へ。ただ揉むだけでなく、マラソンで結果を出すための「睡眠×整体」メソッドを提供。テーパリング期の過ごし方や、疲労回復を早める睡眠法をアスリートスリープコーチが指導します。滋賀県(SHIGA) 整体 骨盤矯正で肩こり 腰痛 頭痛の根本改善 | 滋賀 守山市整体HOPE【18年/口コミ4.8】骨盤矯正×ストレッチ 根本改善 守山で人気・おすすめ整体院,"滋賀,整体,マラソン,テーパリング,コンディショニング,睡眠指導,睡眠コラム,ストレッチ整体コラム,猫背,肩こり,腰痛,姿勢改善,姿勢,滋賀県,守山,守山市",3週間でタイムが変わる？睡眠と整体で叶える「超回復」理論 | 滋賀 守山市整体HOPE【18年/口コミ4.8】骨盤から根本改善 ストレッチで優しく 守山で人気・おすすめ整体院,"slug.'"">睡眠コラムslug.'"">ストレッチ整体コラム | 3週間でタイムが変わる？睡眠と整体で叶える「超回復」理論 | 滋賀 ストレッチ × 整体 HOPE | 睡眠コラム",
shiga-seitai,https://shiga-seitai.jp/stretch-column/sports-recovery-plan.html,sports-recovery-plan.html,2026-02-10T08:47:40+00:00,びわ湖マラソン完走後の身体ケア｜ただ寝るだけでは遅い？滋賀の整体が教える「超回復」ルート | 滋賀 守山市整体HOPE【18年/口コミ4.8】骨盤から根本改善 ストレッチで優しく 守山で人気・おすすめ整体院,滋賀の整体院が教える、びわ湖マラソン後の「最強回復ルート」。プランA（宿泊向け）とプランB（日帰り向け）を用意しました。筋肉の炎症を抑え、ミトコンドリアを活性化させるには「入浴×整体」の順序が鍵。翌日に疲れを残したくないランナー必見の内容です。,"滋賀,整体,スポーツ整体,びわ湖マラソン,疲労回復,ストレッチ整体コラム,猫背,肩こり,腰痛,姿勢改善,姿勢,滋賀県,守山,守山市",びわ湖マラソン完走後の身体ケア｜ただ寝るだけでは遅い？滋賀の整体が教える「超回復」ルート | 滋賀 守山市整体HOPE【18年/口コミ4.8】骨盤から根本改善 ストレッチで優しく 守山で人気・おすすめ整体院,"slug.'"">ストレッチ整体コラム | びわ湖マラソン完走後の身体ケア｜ただ寝るだけでは遅い？滋賀の整体が教える「超回復」ルート | ゴール後の「足の重さ」にお困りではありませんか？守山・大津で選ぶ最強の回復ルート | 科学が証明した「人の手によるケア」の効果 | 専門家が推奨する2つのリカバリーコース | なぜ「お風呂→HOPE」の順序なのか？ | 滋賀 ストレッチ × 整体 HOPE | ストレッチ整体コラム",
shiga-seitai,https://shiga-seitai.jp/beauty-seitai-column/nice-butt-training.html,nice-butt-training.html,2026-03-05T15:21:25+00:00,綺麗な美尻を目指す！美容整体でお尻をヒップアップ-お尻筋トレ2選 | 滋賀 守山市整体HOPE【18年/口コミ4.8】骨盤から根本改善 ストレッチで優しく 守山で人気・おすすめ整体院,"滋賀県にある整体で姿勢と骨盤を整え、肩こり・腰痛の根本改善｜ストレッチ×整体HOPE｜10,000人以上の整体実績！90％の方が身体の変化を実感！滋賀県全域からお越しいただいています。女性が来店しやすい整体院。完全個室・予約制・駐車場完備。猫背、骨盤の歪み、原因不明の不調、自律神経の乱れ等のご相談ください。","美容整体コラム,滋賀,整体,猫背,肩こり,腰痛,姿勢改善,姿勢,滋賀県,守山,守山市",綺麗な美尻を目指す！美容整体でお尻をヒップアップ-お尻筋トレ2選 | 滋賀 守山市整体HOPE【18年/口コミ4.8】骨盤から根本改善 ストレッチで優しく 守山で人気・おすすめ整体院,"slug.'"">美容整体コラム | 綺麗な美尻を目指す！美容整体でお尻をヒップアップ-お尻筋トレ2選 | 滋賀 ストレッチ × 整体 HOPE | 美容整体コラム",
shiga-seitai,https://shiga-seitai.jp/stretch-column/moriyama-shin-splints.html,moriyama-shin-splints.html,2026-02-10T08:46:06+00:00,【滋賀 整体】ランニング中の膝・すねの痛み（シンスプリント）を根本ケア｜守山市・野洲市 | 滋賀 守山市整体HOPE【18年/口コミ4.8】骨盤から根本改善 ストレッチで優しく 守山で人気・おすすめ整体院,【滋賀 整体】歴18年・1.8万人の実績。膝・すねの痛みは「足元の崩れ」が原因かもしれません。丁寧な検査と「足の天然インソール」を鍛える独自アプローチで、痛みを繰り返さない身体づくりをサポートします。アスリートスリープコーチ在籍。滋賀県(SHIGA) 整体 骨盤矯正で肩こり 腰痛 頭痛の根本改善 | 滋賀 守山市整体HOPE【18年/口コミ4.8】骨盤矯正×ストレッチ 根本改善 守山で人気・おすすめ整体院,"滋賀,整体,スポーツ整体,ランニング,膝の痛み,シンスプリント,ストレッチ整体コラム,猫背,肩こり,腰痛,姿勢改善,姿勢,滋賀県,守山,守山市",【滋賀 整体】ランニング中の膝・すねの痛み（シンスプリント）を根本ケア｜守山市・野洲市 | 滋賀 守山市整体HOPE【18年/口コミ4.8】骨盤から根本改善 ストレッチで優しく 守山で人気・おすすめ整体院,"slug.'"">ストレッチ整体コラム | 【滋賀 整体】ランニング中の膝・すねの痛み（シンスプリント）を根本ケア｜守山市・野洲市 | 滋賀 ストレッチ × 整体 HOPE | ストレッチ整体コラム",
shiga-seitai,https://shiga-seitai.jp/seitai-column/knee/osgood-schlatter-sports.html,osgood-schlatter-sports.html,2026-02-08T08:19:37+00:00,オスグッドでも練習を休まない選択肢を。滋賀 整体HOPEのスポーツ専門ケア | 滋賀 守山市整体HOPE【18年/口コミ4.8】骨盤から根本改善 ストレッチで優しく 守山で人気・おすすめ整体院,滋賀のスポーツ整体HOPEが教えるオスグッド対策。ただの成長痛と放置せず、将来のために正しいケアをしませんか？原因となる太もも・股関節のストレッチ動画も公開中。サッカースクールや野球チームに通うお子様のコンディショニングはお任せください。滋賀県(SHIGA) 整体 骨盤矯正で肩こり 腰痛 頭痛の根本改善 | 滋賀 守山市整体HOPE【18年/口コミ4.8】骨盤矯正×ストレッチ 根本改善 守山で人気・おすすめ整体院,"滋賀,整体,オスグッド,スポーツ整体,子供,膝の痛み,サッカースクール,野球肘,成長痛,ストレッチ整体コラム,膝,猫背,肩こり,腰痛,姿勢改善,姿勢,滋賀県,守山,守山市",オスグッドでも練習を休まない選択肢を。滋賀 整体HOPEのスポーツ専門ケア | 滋賀 守山市整体HOPE【18年/口コミ4.8】骨盤から根本改善 ストレッチで優しく 守山で人気・おすすめ整体院,"slug.'"">ストレッチ整体コラムslug.'"">膝 | オスグッドでも練習を休まない選択肢を。滋賀 整体HOPEのスポーツ専門ケア | 滋賀 ストレッチ × 整体 HOPE | ストレッチ整体コラム",
shiga-seitai,https://shiga-seitai.jp/seitai-column/knee/moriyama-senior-knee.html,moriyama-senior-knee.html,2026-03-03T09:39:18+00:00,「年のせい」と諦めないで。滋賀で整体なら手術の前に試すべき運動サポート | 滋賀 守山市整体HOPE【18年/口コミ4.8】骨盤から根本改善 ストレッチで優しく 守山で人気・おすすめ整体院,滋賀で整体ならストレッチ×整体HOPE。変形性膝関節症や膝の痛みに対し、医学的根拠に基づいた運動療法でアプローチします。守山市・草津市・野洲市で膝の手術を迷われている方へ。1.8万人の実績と睡眠指導で根本改善を目指します。滋賀県(SHIGA) 整体 骨盤矯正で肩こり 腰痛 頭痛の根本改善 | 滋賀 守山市整体HOPE【18年/口コミ4.8】骨盤矯正×ストレッチ 根本改善 守山で人気・おすすめ整体院,"滋賀,整体,変形性膝関節症,膝の痛み,膝に水,守山市,ストレッチ整体コラム,膝,猫背,肩こり,腰痛,姿勢改善,姿勢,滋賀県,守山",「年のせい」と諦めないで。滋賀で整体なら手術の前に試すべき運動サポート | 滋賀 守山市整体HOPE【18年/口コミ4.8】骨盤から根本改善 ストレッチで優しく 守山で人気・おすすめ整体院,"slug.'"">ストレッチ整体コラムslug.'"">膝 | 「年のせい」と諦めないで。滋賀で整体なら手術の前に試すべき運動サポート | 階段の下りが怖い…その膝の痛み、手術しか方法がない？自分の足で歩く喜びを、10年先まで守るために。 | 医学的根拠：なぜ「すり減った軟骨」でも痛みは和らぐのか？ | 滋賀 ストレッチ × 整体 HOPE | ストレッチ整体コラム",
shiga-seitai,https://shiga-seitai.jp/stretch-column/improvement.html,improvement.html,2026-02-14T12:11:03+00:00,「朝の一歩目が激痛」なあなたへ。滋賀の整体が教える足底筋膜炎の正体と対策 | 滋賀 守山市整体HOPE【18年/口コミ4.8】骨盤から根本改善 ストレッチで優しく 守山で人気・おすすめ整体院,滋賀の整体院が提案する新しい足底筋膜炎ケア。インソールに頼らない「自分の足」を取り戻すアダプベース導入店。マッサージでは届かない深層筋と感覚機能にアプローチし、再発しない身体作りを目指します。守山駅・野洲駅からアクセス良好。滋賀県(SHIGA) 整体 骨盤矯正で肩こり 腰痛 頭痛の根本改善 | 滋賀 守山市整体HOPE【18年/口コミ4.8】骨盤矯正×ストレッチ 根本改善 守山で人気・おすすめ整体院,"滋賀,整体,足底筋膜炎,守山市,野洲市,ストレッチ整体コラム,猫背,肩こり,腰痛,姿勢改善,姿勢,滋賀県,守山",「朝の一歩目が激痛」なあなたへ。滋賀の整体が教える足底筋膜炎の正体と対策 | 滋賀 守山市整体HOPE【18年/口コミ4.8】骨盤から根本改善 ストレッチで優しく 守山で人気・おすすめ整体院,"slug.'"">ストレッチ整体コラム | 「朝の一歩目が激痛」なあなたへ。滋賀の整体が教える足底筋膜炎の正体と対策 | もう朝の激痛に怯えない。不安なく歩ける毎日を。 | 滋賀 ストレッチ × 整体 HOPE | ストレッチ整体コラム",
shiga-seitai,https://shiga-seitai.jp/stretch-column/how-long-interval-seitai.html,how-long-interval-seitai.html,2026-04-11T09:38:29+00:00,どのくらいの間隔で整体 骨盤矯正に通うのがいいのか？滋賀県ストレッチ×整体HOPEの場合 | 滋賀 守山市整体HOPE【18年/口コミ4.8】骨盤から根本改善 ストレッチで優しく 守山で人気・おすすめ整体院,"滋賀で整体、骨盤矯正、美容整体ならストレッチ×整体HOPE。お客様からよく聞かれる『どのくらいの間隔で整体に通えば？』と言った質問に整体師歴15年の現役整体師がお答えします。1,5万人診てきた経験を交えてお話させて頂きます、滋賀県守山市で整体選びにお悩みの方はぜひ参考にしてみて下さい。","滋賀,整体,守山市,整体のタイミング,ストレッチ整体コラム,猫背,肩こり,腰痛,姿勢改善,姿勢,滋賀県,守山",どのくらいの間隔で整体 骨盤矯正に通うのがいいのか？滋賀県ストレッチ×整体HOPEの場合 | 滋賀 守山市整体HOPE【18年/口コミ4.8】骨盤から根本改善 ストレッチで優しく 守山で人気・おすすめ整体院,"slug.'"">ストレッチ整体コラム | どのくらいの間隔で整体 骨盤矯正に通うのがいいのか？滋賀県ストレッチ×整体HOPEの場合 | 滋賀 ストレッチ × 整体 HOPE | ストレッチ整体コラム",
shiga-seitai,https://shiga-seitai.jp/beauty-seitai-column/sorigosi-training.html,sorigosi-training.html,2026-03-05T15:21:46+00:00,反り腰改善で美しく健康に　反り腰解消トレーニング3選 | 滋賀 守山市整体HOPE【18年/口コミ4.8】骨盤から根本改善 ストレッチで優しく 守山で人気・おすすめ整体院,滋賀で反り腰改善なら美容整体+トレーニングができるストレッチ×整体HOPE。女性に多い、反り腰。反り腰は腰痛、呼吸、肋骨の開き、O脚、XO脚、胃下垂など様々な影響があります。美姿勢を目指すには、反り腰改善をしてみてはいかがでしょうか？反り腰ならストレッチ×整体HOPEの骨盤矯正でスッキリ。,"滋賀,整体,守山市,反り腰,美容整体コラム,猫背,肩こり,腰痛,姿勢改善,姿勢,滋賀県,守山",反り腰改善で美しく健康に　反り腰解消トレーニング3選 | 滋賀 守山市整体HOPE【18年/口コミ4.8】骨盤から根本改善 ストレッチで優しく 守山で人気・おすすめ整体院,"slug.'"">美容整体コラム | 反り腰改善で美しく健康に　反り腰解消トレーニング3選 | 滋賀 ストレッチ × 整体 HOPE | 美容整体コラム",
shiga-seitai,https://shiga-seitai.jp/seitai-column/posture/straightneck/moriyama-straight-neck.html,moriyama-straight-neck.html,2026-03-01T03:33:03+00:00,ストレートネックの治し方｜整体でのコンディショニングと自宅ケア（滋賀県守山市のストレッチ×整体HOPE） | 滋賀 守山市整体HOPE【18年/口コミ4.8】骨盤から根本改善 ストレッチで優しく 守山で人気・おすすめ整体院,滋賀・守山で整体ならHOPEへ。「どこに行っても良くならない」ストレートネックや慢性的な肩こりを、骨盤矯正とストレッチで根本改善します。野洲・草津からもアクセス良好。画像診断ではわからない「姿勢のクセ」を見抜き、再発しない体づくりを指導します。,"滋賀,整体,守山市,ストレートネック,スマホ首,肩こり,ストレッチ整体コラム,骨盤矯正コラム,猫背,腰痛,姿勢改善,姿勢,滋賀県,守山",ストレートネックの治し方｜整体でのコンディショニングと自宅ケア（滋賀県守山市のストレッチ×整体HOPE） | 滋賀 守山市整体HOPE【18年/口コミ4.8】骨盤から根本改善 ストレッチで優しく 守山で人気・おすすめ整体院,"slug.'"">ストレッチ整体コラムslug.'"">ストレートネックslug.'"">骨盤矯正コラム | ストレートネックの治し方｜整体でのコンディショニングと自宅ケア（滋賀県守山市のストレッチ×整体HOPE） | 夕方になると首がガチガチ…その「ストレートネック/スマホ首」、諦めていませんか？ | 病院の治療と整体の違い（画像診断の有無・アプローチの違い） | 整体で行うストレートネックへのコンディショニング | 自宅でできるセルフケア（ストレッチ・枕・姿勢） | 実際のコンディショニング事例 | 医療機関との連携とご利用にあたってのお願い",
shiga-seitai,https://shiga-seitai.jp/seitai-column/posture/straightneck/sumaho-straight-neck.html,sumaho-straight-neck.html,2026-03-23T13:42:12+00:00,スマホの正しい持ち方とは？ストレートネック（スマホ首）を予防する姿勢と3つのコツ | 滋賀 守山市整体HOPE【18年/口コミ4.8】骨盤から根本改善 ストレッチで優しく 守山で人気・おすすめ整体院,滋賀・守山で整体ならHOPEへ。「どこに行っても良くならない」ストレートネックや慢性的な肩こりを、骨盤矯正とストレッチで根本改善します。野洲・草津からもアクセス良好。画像診断ではわからない「姿勢のクセ」を見抜き、再発しない体づくりを指導します。,"滋賀,整体,守山市,ストレートネック,スマホ首,肩こり,デスクワーク,骨盤矯正コラム,猫背,腰痛,姿勢改善,姿勢,滋賀県,守山",スマホの正しい持ち方とは？ストレートネック（スマホ首）を予防する姿勢と3つのコツ | 滋賀 守山市整体HOPE【18年/口コミ4.8】骨盤から根本改善 ストレッチで優しく 守山で人気・おすすめ整体院,"slug.'"">ストレートネックslug.'"">骨盤矯正コラム | スマホの正しい持ち方とは？ストレートネック（スマホ首）を予防する姿勢と3つのコツ | 【滋賀 整体】その頭痛、スマホの持ち方が原因？守山のプロが教える「首が楽になる」習慣 | 滋賀 ストレッチ × 整体 HOPE | ストレートネック | 姿勢 | 姿勢",
shiga-seitai,https://shiga-seitai.jp/stretch-column/moriyama-chronic-katakori.html,moriyama-chronic-katakori.html,2026-02-23T13:57:58+00:00,滋賀の整体でひどい肩こり・頭痛から卒業！姿勢チェックと深層筋ストレッチで根本改善 | 滋賀 守山市整体HOPE【18年/口コミ4.8】骨盤から根本改善 ストレッチで優しく 守山で人気・おすすめ整体院,滋賀で整体なら守山市のストレッチ×整体HOPE。ひどい肩こりやそれに伴う頭痛でお悩みの方へ、もみほぐしとの違いや行くべき理由を専門家が解説します。完全個室での姿勢矯正と深層筋ストレッチで痛みを繰り返さない体へ。滋賀県(SHIGA) 整体 骨盤矯正で肩こり 腰痛 頭痛の根本改善 | 滋賀 守山市整体HOPE【18年/口コミ4.8】骨盤矯正×ストレッチ 根本改善 守山で人気・おすすめ整体院,"滋賀,整体,守山市,肩こり 治らない,肩こり どこに行くべき,マッサージ 違い,深層筋ストレッチ,ストレッチ整体コラム,猫背,肩こり,腰痛,姿勢改善,姿勢,滋賀県,守山",滋賀の整体でひどい肩こり・頭痛から卒業！姿勢チェックと深層筋ストレッチで根本改善 | 滋賀 守山市整体HOPE【18年/口コミ4.8】骨盤から根本改善 ストレッチで優しく 守山で人気・おすすめ整体院,"slug.'"">ストレッチ整体コラム | 滋賀の整体でひどい肩こり・頭痛から卒業！姿勢チェックと深層筋ストレッチで根本改善 | 肩の重さを忘れて、趣味も仕事も全力で楽しめる「こりにくい体」へ！ | 滋賀 ストレッチ × 整体 HOPE | ストレッチ整体コラム",
shiga-seitai,https://shiga-seitai.jp/seitai-column/knee/short-foot-exercise.html,short-foot-exercise.html,2026-02-24T13:05:06+00:00,足の裏の張りや腰の重だるさでお悩みの方へ。滋賀の整体が教える「アーチの崩れ」と解決策 | 滋賀 守山市整体HOPE【18年/口コミ4.8】骨盤から根本改善 ストレッチで優しく 守山で人気・おすすめ整体院,足の機能低下によるスポーツ障害や腰の重さを、解剖学に基づいた骨格調整とショートフットエクササイズで改善に導きます。1.8万人以上の施術実績と丁寧な検査で原因を特定。滋賀の整体で長く競技を楽しめる体づくりをサポート。滋賀県(SHIGA) 整体 骨盤矯正で肩こり 腰痛 頭痛の根本改善 | 滋賀 守山市整体HOPE【18年/口コミ4.8】骨盤矯正×ストレッチ 根本改善 守山で人気・おすすめ整体院,"滋賀,整体,ランナー,足が疲れる,スポーツ障害,扁平足,パフォーマンス向上,体幹トレーニングコラム,膝,猫背,肩こり,腰痛,姿勢改善,姿勢,滋賀県,守山,守山市",足の裏の張りや腰の重だるさでお悩みの方へ。滋賀の整体が教える「アーチの崩れ」と解決策 | 滋賀 守山市整体HOPE【18年/口コミ4.8】骨盤から根本改善 ストレッチで優しく 守山で人気・おすすめ整体院,"slug.'"">体幹トレーニングコラムslug.'"">膝 | 足の裏の張りや腰の重だるさでお悩みの方へ。滋賀の整体が教える「アーチの崩れ」と解決策 | 滋賀 ストレッチ × 整体 HOPE | 体幹トレーニングコラム",
shiga-seitai,https://shiga-seitai.jp/seitai-column/knee/arch-support-exercise.html,arch-support-exercise.html,2026-02-25T10:57:04+00:00,【滋賀 整体】守山市周辺で扁平足・足の疲れ・腰の重だるさを根本改善 | 滋賀 守山市整体HOPE【18年/口コミ4.8】骨盤から根本改善 ストレッチで優しく 守山で人気・おすすめ整体院,滋賀で整体・足のトラブル改善なら当院へ。1.8万人の施術実績を持つプロが、丁寧な検査で足のアーチの崩れ（扁平足）をチェック。根本的な原因を特定し、的確な施術とエクササイズ指導で、長くスポーツを楽しめる身体へと導きます。滋賀県(SHIGA) 整体 骨盤矯正で肩こり 腰痛 頭痛の根本改善 | 滋賀 守山市整体HOPE【18年/口コミ4.8】骨盤矯正×ストレッチ 根本改善 守山で人気・おすすめ整体院,"滋賀,整体,扁平足,外反母趾,スポーツ整体,守山市,足の疲れ,アーチ崩れ,ショートフットエクササイズ,骨盤矯正コラム,膝,猫背,肩こり,腰痛,姿勢改善,姿勢,滋賀県,守山",【滋賀 整体】守山市周辺で扁平足・足の疲れ・腰の重だるさを根本改善 | 滋賀 守山市整体HOPE【18年/口コミ4.8】骨盤から根本改善 ストレッチで優しく 守山で人気・おすすめ整体院,"slug.'"">骨盤矯正コラムslug.'"">膝 | 【滋賀 整体】守山市周辺で扁平足・足の疲れ・腰の重だるさを根本改善 | 滋賀 ストレッチ × 整体 HOPE | 骨盤矯正コラム",
shiga-seitai,https://shiga-seitai.jp/seitai-column/posture/straightneck-question.html,straightneck-question.html,2026-03-23T13:37:14+00:00,ストレートネックでよくある質問に滋賀の整体HOPEが答える | 滋賀 守山市整体HOPE【18年/口コミ4.8】骨盤から根本改善 ストレッチで優しく 守山で人気・おすすめ整体院,ストレートネックは首を揉むだけでは治りません。1.8万人以上の実績を持つ滋賀の整体院HOPEでは、徹底した姿勢分析と骨盤からのアプローチで「身体の土台」を整え、慢性的な首の辛さや自律神経の乱れを根本から解決します。滋賀県(SHIGA) 整体 骨盤矯正で肩こり 腰痛 頭痛の根本改善 | 滋賀 守山市整体HOPE【18年/口コミ4.8】骨盤矯正×ストレッチ 根本改善 守山で人気・おすすめ整体院,"滋賀,整体,守山市,ストレートネック,治し方,どこに行くべき,頭痛,骨盤矯正コラム,姿勢,猫背,肩こり,腰痛,姿勢改善,滋賀県,守山",ストレートネックでよくある質問に滋賀の整体HOPEが答える | 滋賀 守山市整体HOPE【18年/口コミ4.8】骨盤から根本改善 ストレッチで優しく 守山で人気・おすすめ整体院,"slug.'"">ストレートネックslug.'"">骨盤矯正コラムslug.'"">姿勢 | ストレートネックでよくある質問に滋賀の整体HOPEが答える | 滋賀 ストレッチ × 整体 HOPE | ストレートネック | 姿勢 | 姿勢",
shiga-seitai,https://shiga-seitai.jp/seitai-column/zutu/hottab-review-sleep.html,hottab-review-sleep.html,2026-04-18T11:59:28+00:00,疲れが取れないとお悩みの方へ。滋賀の整体師がホットタブを半年使ってわかった睡眠改善ブログ | 滋賀 守山市整体HOPE【18年/口コミ4.8】骨盤から根本改善 ストレッチで優しく 守山で人気・おすすめ整体院,毎日寝ても疲れが取れない…と全国でお悩みではありませんか？滋賀で整体院を営むプロが、話題の入浴剤「ホットタブ」を半年間実際に使って検証したリアルな体験談をブログで大公開！睡眠の質を劇的に上げる重炭酸入浴の秘密をお伝えします。滋賀県(SHIGA) 整体 骨盤矯正で肩こり 腰痛 頭痛の根本改善 | 滋賀 守山市整体HOPE【18年/口コミ4.8】骨盤矯正×ストレッチ 根本改善 守山で人気・おすすめ整体院,"賀,整体,全国 疲れが取れない,睡眠の質を上げる ホットタブ,整体師 ブログ リアル,睡眠コラム,美容整体コラム,頭痛,滋賀,猫背,肩こり,腰痛,姿勢改善,姿勢,滋賀県,守山,守山市",疲れが取れないとお悩みの方へ。滋賀の整体師がホットタブを半年使ってわかった睡眠改善ブログ | 滋賀 守山市整体HOPE【18年/口コミ4.8】骨盤から根本改善 ストレッチで優しく 守山で人気・おすすめ整体院,"slug.'"">睡眠コラムslug.'"">美容整体コラムslug.'"">頭痛 | 疲れが取れないとお悩みの方へ。滋賀の整体師がホットタブを半年使ってわかった睡眠改善ブログ | 重炭酸入浴で長年の疲労から解放！滋賀の整体師がおすすめする、質の高い睡眠とリカバリー習慣 | 滋賀 ストレッチ × 整体 HOPE | 睡眠コラム",
shiga-seitai,https://shiga-seitai.jp/seitai-column/youtu/morning-back-pain-athlete.html,morning-back-pain-athlete.html,2026-03-08T09:24:48+00:00,動き出しの腰痛がツラい元アスリートへ。滋賀の整体HOPEが「あの頃の体」を取り戻す | 滋賀 守山市整体HOPE【18年/口コミ4.8】骨盤から根本改善 ストレッチで優しく 守山で人気・おすすめ整体院,朝、起き上がる瞬間の腰の激痛に悩んでいませんか？実は元スポーツマンほど「過去のツケ」で悪化しやすいのです。滋賀の整体HOPEが、独自の筋膜リリースで「あの頃の動ける体」を取り戻すサポートをします！滋賀県(SHIGA) 整体 骨盤矯正で肩こり 腰痛 頭痛の根本改善 | 滋賀 守山市整体HOPE【18年/口コミ4.8】骨盤矯正×ストレッチ 根本改善 守山で人気・おすすめ整体院,"滋賀,整体,守山市,朝の腰痛,動き出し痛い,元スポーツマン,ストレッチ整体コラム,腰痛,猫背,肩こり,姿勢改善,姿勢,滋賀県,守山",動き出しの腰痛がツラい元アスリートへ。滋賀の整体HOPEが「あの頃の体」を取り戻す | 滋賀 守山市整体HOPE【18年/口コミ4.8】骨盤から根本改善 ストレッチで優しく 守山で人気・おすすめ整体院,"slug.'"">ストレッチ整体コラムslug.'"">腰痛 | 動き出しの腰痛がツラい元アスリートへ。滋賀の整体HOPEが「あの頃の体」を取り戻す | 「動ける自信」が蘇る。毎朝スッと起き上がれる体へシフトしよう | 滋賀 ストレッチ × 整体 HOPE | ストレッチ整体コラム",
shiga-seitai,https://shiga-seitai.jp/seitai-column/share/moriyama-40s-socks.html,moriyama-40s-socks.html,2026-03-23T12:12:51+00:00,足が上がらず靴下が履けない40代～60代へ。原因と解決策｜滋賀 整体 HOPE | 滋賀 守山市整体HOPE【18年/口コミ4.8】骨盤から根本改善 ストレッチで優しく 守山で人気・おすすめ整体院,滋賀で整体なら守山市のストレッチ×整体HOPE。40代から増える「靴下が履きにくい」「足が上がらない」というお悩みを、股関節と腸腰筋への専門的なアプローチで根本改善します。ボキボキしない安全な施術で、毎朝スッと動ける体を取り戻しましょう。滋賀県(SHIGA) 整体 骨盤矯正で肩こり 腰痛 頭痛の根本改善 | 滋賀 守山市整体HOPE【18年/口コミ4.8】骨盤矯正×ストレッチ 根本改善 守山で人気・おすすめ整体院,"滋賀,整体,守山市,靴下が履けない,足が上がらない,股関節の詰まり,40代,50代,体の硬さ,靴下サイン,加齢,骨盤矯正コラム,股関節痛,猫背,肩こり,腰痛,姿勢改善,姿勢,滋賀県,守山",足が上がらず靴下が履けない40代～60代へ。原因と解決策｜滋賀 整体 HOPE | 滋賀 守山市整体HOPE【18年/口コミ4.8】骨盤から根本改善 ストレッチで優しく 守山で人気・おすすめ整体院,"slug.'"">骨盤矯正コラムslug.'"">股関節痛 | 足が上がらず靴下が履けない40代～60代へ。原因と解決策｜滋賀 整体 HOPE | 滋賀 ストレッチ × 整体 HOPE | 骨盤矯正コラム",
shiga-seitai,https://shiga-seitai.jp/seitai-column/share/core-training-deep-stretch.html,core-training-deep-stretch.html,2026-04-06T14:13:19+00:00,毎朝スッと足が上がる！滋賀の整体で「靴下が履けない」を解決する深層筋×体幹トレーニング | 滋賀 守山市整体HOPE【18年/口コミ4.8】骨盤から根本改善 ストレッチで優しく 守山で人気・おすすめ整体院,「最近、立ったまま靴下が履けない」「足が上がらない」とお悩みではありませんか？滋賀で整体をお探しなら守山市のHOPEへ。40代〜60代に多い体幹の衰えと深層筋の硬さを、独自のストレッチとトレーニングで根本から解決に導きます。滋賀県(SHIGA) 整体 骨盤矯正で肩こり 腰痛 頭痛の根本改善 | 滋賀 守山市整体HOPE【18年/口コミ4.8】骨盤矯正×ストレッチ 根本改善 守山で人気・おすすめ整体院,"滋賀,整体,深層筋ストレッチ,体幹トレーニング,骨盤矯正,守山市,立ったまま靴下が履けない,足が上がらない,股関節が硬い,体幹トレーニングコラム,股関節痛,猫背,肩こり,腰痛,姿勢改善,姿勢,滋賀県,守山",毎朝スッと足が上がる！滋賀の整体で「靴下が履けない」を解決する深層筋×体幹トレーニング | 滋賀 守山市整体HOPE【18年/口コミ4.8】骨盤から根本改善 ストレッチで優しく 守山で人気・おすすめ整体院,"slug.'"">体幹トレーニングコラムslug.'"">股関節痛 | 毎朝スッと足が上がる！滋賀の整体で「靴下が履けない」を解決する深層筋×体幹トレーニング | 滋賀 ストレッチ × 整体 HOPE | 体幹トレーニングコラム",
shiga-seitai,https://shiga-seitai.jp/seitai-column/youtu/lumbar-spondylolysis-coretore.html,lumbar-spondylolysis-coretore.html,2026-03-23T13:23:34+00:00,スポーツで多い腰痛、腰椎分離症（分離症）の原因と対策｜滋賀での体幹トレーニング・可動域アップ | 滋賀 守山市整体HOPE【18年/口コミ4.8】骨盤から根本改善 ストレッチで優しく 守山で人気・おすすめ整体院,「練習後に腰が痛い…」それは10代に多い腰椎分離症（分離症）のサインかもしれません。滋賀県守山市のストレッチ×整体HOPEが、医学的な動画解説を交え、分離症の発生リスクと、負担を減らすためのインナーマッスル強化・股関節ストレッチ等の具体的な対策を解説します。,"滋賀,整体,守山市,野洲市,腰椎分離症,学生スポーツ,KOBA式体幹トレーニング,体幹トレーニングコラム,腰痛,猫背,肩こり,姿勢改善,姿勢,滋賀県,守山",スポーツで多い腰痛、腰椎分離症（分離症）の原因と対策｜滋賀での体幹トレーニング・可動域アップ | 滋賀 守山市整体HOPE【18年/口コミ4.8】骨盤から根本改善 ストレッチで優しく 守山で人気・おすすめ整体院,"slug.'"">体幹トレーニングコラムslug.'"">腰痛 | スポーツで多い腰痛、腰椎分離症（分離症）の原因と対策｜滋賀での体幹トレーニング・可動域アップ | 滋賀県守山市で腰椎分離症でお悩みならストレッチ×整体HOPEへ | 滋賀 ストレッチ × 整体 HOPE | 体幹トレーニングコラム",
shiga-seitai,https://shiga-seitai.jp/seitai-column/youtu/lumbar-spondylolysis-stretch.html,lumbar-spondylolysis-stretch.html,2026-03-23T12:08:05+00:00,スポーツ整体とストレッチで腰椎分離症を予防！滋賀の整体で腰痛に強い体へ | 滋賀 守山市整体HOPE【18年/口コミ4.8】骨盤から根本改善 ストレッチで優しく 守山で人気・おすすめ整体院,学生の腰椎分離症にお悩みなら滋賀の整体「HOPE」へ。守山市周辺でスポーツに打ち込むお子様向けに、胸郭や股関節の可動域を広げるストレッチとKOBA式体幹トレーニングを提供。腰への負担を減らし、分離症の予防と改善を目指します。滋賀県(SHIGA) 整体 骨盤矯正で肩こり 腰痛 頭痛の根本改善 | 滋賀 守山市整体HOPE【18年/口コミ4.8】骨盤矯正×ストレッチ 根本改善 守山で人気・おすすめ整体院,"滋賀,整体,守山市,野洲市,腰椎分離症,学生スポーツ,KOBA式体幹トレーニング,ストレッチ,ストレッチ整体コラム,腰痛,猫背,肩こり,姿勢改善,姿勢,滋賀県,守山",スポーツ整体とストレッチで腰椎分離症を予防！滋賀の整体で腰痛に強い体へ | 滋賀 守山市整体HOPE【18年/口コミ4.8】骨盤から根本改善 ストレッチで優しく 守山で人気・おすすめ整体院,"slug.'"">ストレッチ整体コラムslug.'"">腰痛 | スポーツ整体とストレッチで腰椎分離症を予防！滋賀の整体で腰痛に強い体へ | 滋賀 ストレッチ × 整体 HOPE | ストレッチ整体コラム",
shiga-seitai,https://shiga-seitai.jp/seitai-column/youtu/spondylolysis-spondylolisthesis.html,spondylolysis-spondylolisthesis.html,2026-04-25T04:35:21+00:00,部活後の腰痛は「分離症・すべり症」のサインかもしれません！滋賀の整体で腰痛に強い体へ | 滋賀 守山市整体HOPE【18年/口コミ4.8】骨盤から根本改善 ストレッチで優しく 守山で人気・おすすめ整体院,滋賀の整体で腰椎分離症やすべり症の再発予防を！整形外科での診断後、歴18年のプロが一人ひとりの体の硬さや危険なフォーム（代償動作）を徹底チェック。独自のストレッチと体幹トレーニングで「自前のコルセット」を作り、腰を守ります。滋賀県(SHIGA) 整体 骨盤矯正で肩こり 腰痛 頭痛の根本改善 | 滋賀 守山市整体HOPE【18年/口コミ4.8】骨盤矯正×ストレッチ 根本改善 守山で人気・おすすめ整体院,"滋賀,整体,守山市,野洲市,腰椎分離症,学生スポーツ,KOBA式体幹トレーニング,ストレッチ,すべり症,疲労骨折,ストレッチ整体コラム,腰痛,猫背,肩こり,姿勢改善,姿勢,滋賀県,守山",部活後の腰痛は「分離症・すべり症」のサインかもしれません！滋賀の整体で腰痛に強い体へ | 滋賀 守山市整体HOPE【18年/口コミ4.8】骨盤から根本改善 ストレッチで優しく 守山で人気・おすすめ整体院,"slug.'"">ストレッチ整体コラムslug.'"">腰痛 | 部活後の腰痛は「分離症・すべり症」のサインかもしれません！滋賀の整体で腰痛に強い体へ | 滋賀県守山市で腰椎分離症・すべり症でお悩みならストレッチ×整体HOPEへ | 滋賀 ストレッチ × 整体 HOPE | ストレッチ整体コラム",
shiga-seitai,https://shiga-seitai.jp/seitai-column/youtu/sports-lower-back-pain-care.html,sports-lower-back-pain-care.html,2026-04-25T04:09:08+00:00,,,,,,The read operation timed out
shiga-seitai,https://shiga-seitai.jp/seitai-column/neck/straight-neck-breathing.html,straight-neck-breathing.html,2026-04-25T04:06:33+00:00,,,,,,The read operation timed out
shiga-seitai,https://shiga-seitai.jp/seitai-column/small-face/text-neck-face-care.html,text-neck-face-care.html,2026-04-25T03:31:02+00:00,首のラインと小顔を同時に手に入れる！滋賀の守山整体院で叶えるストレートネック根本改善 | 滋賀 守山市整体HOPE【18年/口コミ4.8】骨盤から根本改善 ストレッチで優しく 守山で人気・おすすめ整体院,顔が大きく見える原因、実は「ストレートネック」かもしれません。滋賀で整体をお探しの20〜50代女性へ。守山市の当院では、姿勢を整え首のラインと小顔を同時に叶えます。産後のママも大歓迎！まずはあなたの歪みをチェックしませんか？滋賀県(SHIGA) 整体 骨盤矯正で肩こり 腰痛 頭痛の根本改善 | 滋賀 守山市整体HOPE【18年/口コミ4.8】骨盤矯正×ストレッチ 根本改善 守山で人気・おすすめ整体院,"滋賀,整体,30代 女性 整体,40代 美容,フェイスライン 整える,首の痛み 守山,ストレートネック,美容整体コラム,小顔になりたい方,猫背,肩こり,腰痛,姿勢改善,姿勢,滋賀県,守山,守山市",首のラインと小顔を同時に手に入れる！滋賀の守山整体院で叶えるストレートネック根本改善 | 滋賀 守山市整体HOPE【18年/口コミ4.8】骨盤から根本改善 ストレッチで優しく 守山で人気・おすすめ整体院,"slug.'"">ストレートネックslug.'"">美容整体コラムslug.'"">小顔になりたい方 | 首のラインと小顔を同時に手に入れる！滋賀の守山整体院で叶えるストレートネック根本改善 | 滋賀 ストレッチ × 整体 HOPE | ストレートネック | 姿勢 | 姿勢",
shiga-seitai,https://shiga-seitai.jp/seitai-column/youtu/strained-back/strained-back30.html,strained-back30.html,2026-04-23T09:12:24+00:00,滋賀 整体｜守山市で繰り返すぎっくり腰を根本改善！姿勢と体の使い方から見直す | 滋賀 守山市整体HOPE【18年/口コミ4.8】骨盤から根本改善 ストレッチで優しく 守山で人気・おすすめ整体院,滋賀で整体なら守山市の「ストレッチ×整体HOPE」。何度も繰り返すぎっくり腰でお悩みの方へ、体の土台となる骨盤からアプローチする痛くない姿勢矯正をご提供します。根本原因から見直し、再発しない体づくりを徹底サポート。滋賀県(SHIGA) 整体 骨盤矯正で肩こり 腰痛 頭痛の根本改善 | 滋賀 守山市整体HOPE【18年/口コミ4.8】骨盤矯正×ストレッチ 根本改善 守山で人気・おすすめ整体院,"滋賀,整体,守山市,ぎっくり腰 繰り返す,体の使い方,痛くない矯正,姿勢矯正,骨盤矯正,骨盤矯正コラム,ぎっくり腰,猫背,肩こり,腰痛,姿勢改善,姿勢,滋賀県,守山",滋賀 整体｜守山市で繰り返すぎっくり腰を根本改善！姿勢と体の使い方から見直す | 滋賀 守山市整体HOPE【18年/口コミ4.8】骨盤から根本改善 ストレッチで優しく 守山で人気・おすすめ整体院,"slug.'"">骨盤矯正コラムslug.'"">ぎっくり腰 | 滋賀 整体｜守山市で繰り返すぎっくり腰を根本改善！姿勢と体の使い方から見直す | 【大津市からご来店】繰り返すぎっくり腰を予防！「痛い時だけ対処」を卒業し、姿勢からの根本改善へ | 滋賀 ストレッチ × 整体 HOPE | 骨盤矯正コラム",
shiga-seitai,https://shiga-seitai.jp/seitai-column/youtu/jockey-severe-back-pain.html,jockey-severe-back-pain.html,2026-04-23T08:46:35+00:00,限界を迎えた乗馬の腰痛に！滋賀で整体をお探しの競馬騎手、馬に携わる方へ贈るプロのケア | 滋賀 守山市整体HOPE【18年/口コミ4.8】骨盤から根本改善 ストレッチで優しく 守山で人気・おすすめ整体院,乗馬や馬のお世話で、限界を超えるような腰痛にお悩みではありませんか？滋賀で整体をお探しの騎手・乗馬関係者へ。栗東や草津、信楽から通いやすい当院では、深部ストレッチと体幹強化でブレない「動かせる体」へと導きます。自己流ケアを卒業しませんか？滋賀県(SHIGA) 整体 骨盤矯正で肩こり 腰痛 頭痛の根本改善 | 滋賀 守山市整体HOPE【18年/口コミ4.8】骨盤矯正×ストレッチ 根本改善 守山で人気・おすすめ整体院,"滋賀,整体,栗東市,草津市,信楽,乗馬 腰痛,騎手 整体,マッスルガーディング,腰が張る,スポーツ整体,パフォーマンス向上,ストレッチ整体コラム,腰痛,猫背,肩こり,姿勢改善,姿勢,滋賀県,守山,守山市",限界を迎えた乗馬の腰痛に！滋賀で整体をお探しの競馬騎手、馬に携わる方へ贈るプロのケア | 滋賀 守山市整体HOPE【18年/口コミ4.8】骨盤から根本改善 ストレッチで優しく 守山で人気・おすすめ整体院,"slug.'"">ストレッチ整体コラムslug.'"">腰痛 | 限界を迎えた乗馬の腰痛に！滋賀で整体をお探しの競馬騎手、馬に携わる方へ贈るプロのケア | 騎手・乗馬競技者の腰にのしかかる過酷な現実 | 解剖学・生体力学から見る「腰の張りの正体」 | 限界を超える前に！身体の構造を整える3つのアプローチ | よくある質問（FAQ） | 滋賀 ストレッチ × 整体 HOPE | ストレッチ整体コラム",
shiga-seitai,https://shiga-seitai.jp/sleep-column/ritto-jockey-sleep-recovery.html,ritto-jockey-sleep-recovery.html,2026-04-23T08:45:51+00:00,世界的スリープメソッド「R90テクニック」で騎手のパフォーマンスを最大化｜滋賀で整体ならHOPE | 滋賀 守山市整体HOPE【18年/口コミ4.8】骨盤から根本改善 ストレッチで優しく 守山で人気・おすすめ整体院,栗東や信楽で活動する騎手の皆様、朝早いリズムでの睡眠不足や不眠にお悩みではありませんか？滋賀で整体を行う当院では、希少なアスリートスリープコーチが「R90」メソッドであなたのリカバリーを伴走支援。限界の身体を睡眠から変えてみませんか？滋賀県(SHIGA) 整体 骨盤矯正で肩こり 腰痛 頭痛の根本改善 | 滋賀 守山市整体HOPE【18年/口コミ4.8】骨盤矯正×ストレッチ 根本改善 守山で人気・おすすめ整体院,"滋賀,整体,アスリートスリープコーチ,栗東市,信楽,守山市,騎手,中途覚醒,朝型 睡眠不足,体重管理,リカバリー,睡眠コラム,猫背,肩こり,腰痛,姿勢改善,姿勢,滋賀県,守山",世界的スリープメソッド「R90テクニック」で騎手のパフォーマンスを最大化｜滋賀で整体ならHOPE | 滋賀 守山市整体HOPE【18年/口コミ4.8】骨盤から根本改善 ストレッチで優しく 守山で人気・おすすめ整体院,"slug.'"">睡眠コラム | 世界的スリープメソッド「R90テクニック」で騎手のパフォーマンスを最大化｜滋賀で整体ならHOPE | 滋賀 ストレッチ × 整体 HOPE | 睡眠コラム",
shiga-seitai,https://shiga-seitai.jp/stretch-column/equestrian-pelvis-stretch.html,equestrian-pelvis-stretch.html,2026-04-23T08:45:11+00:00,腹筋してるのに乗馬で腰痛…滋賀整体HOPEが考えてみる！ | 滋賀 守山市整体HOPE【18年/口コミ4.8】骨盤から根本改善 ストレッチで優しく 守山で人気・おすすめ整体院,乗馬特有の腰痛にお悩みなら滋賀の整体院にお任せください。「体幹は強いのに腰が痛む」という方へ、丁寧な検査に基づいた股関節ストレッチと骨盤トレーニングをご提案。マッサージでは治らない痛みを根本改善。栗東市、信楽からも来院滋賀県(SHIGA) 整体 骨盤矯正で肩こり 腰痛 頭痛の根本改善 | 滋賀 守山市整体HOPE【18年/口コミ4.8】骨盤矯正×ストレッチ 根本改善 守山で人気・おすすめ整体院,"滋賀,整体,乗馬 腰痛,腹筋 腰痛,股関節ストレッチ,栗東 整体,信楽 乗馬,ストレッチ整体コラム,猫背,肩こり,腰痛,姿勢改善,姿勢,滋賀県,守山,守山市",腹筋してるのに乗馬で腰痛…滋賀整体HOPEが考えてみる！ | 滋賀 守山市整体HOPE【18年/口コミ4.8】骨盤から根本改善 ストレッチで優しく 守山で人気・おすすめ整体院,"slug.'"">ストレッチ整体コラム | 腹筋してるのに乗馬で腰痛…滋賀整体HOPEが考えてみる！ | 騎手は腹筋が強いのになぜ腰痛になる？股関節・騎乗姿勢・衝撃の関係を解説 | 滋賀 ストレッチ × 整体 HOPE | ストレッチ整体コラム",
shiga-seitai,https://shiga-seitai.jp/seitai-column/youtu/moriyama-sports-backpain.html,moriyama-sports-backpain.html,2026-04-23T08:43:36+00:00,滋賀で腰痛に悩むアスリートへ｜スポーツ整体で「体の使い方」から見直す | 滋賀 守山市整体HOPE【18年/口コミ4.8】骨盤から根本改善 ストレッチで優しく 守山で人気・おすすめ整体院,走る・ひねる動作で腰が痛い…そんなスポーツ選手へ。滋賀で整体をお探しなら、痛い場所だけでなく「体の使い方」から見直しませんか？守山市のストレッチ×整体HOPEが、股関節や体幹の機能を高め、競技を長く続けられる体づくりをサポートします。滋賀県(SHIGA) 整体 骨盤矯正で肩こり 腰痛 頭痛の根本改善 | 滋賀 守山市整体HOPE【18年/口コミ4.8】骨盤矯正×ストレッチ 根本改善 守山で人気・おすすめ整体院,"滋賀,整体,守山市,スポーツ腰痛,KOBA式体幹バランストレーニング,股関節,体幹トレーニングコラム,腰痛,猫背,肩こり,姿勢改善,姿勢,滋賀県,守山",滋賀で腰痛に悩むアスリートへ｜スポーツ整体で「体の使い方」から見直す | 滋賀 守山市整体HOPE【18年/口コミ4.8】骨盤から根本改善 ストレッチで優しく 守山で人気・おすすめ整体院,"slug.'"">体幹トレーニングコラムslug.'"">腰痛 | 滋賀で腰痛に悩むアスリートへ｜スポーツ整体で「体の使い方」から見直す | スポーツ整体で股関節と体幹を整えて、腰の不安なく全力でプレーできる体へ！ | 滋賀 ストレッチ × 整体 HOPE | 体幹トレーニングコラム",
shiga-seitai,https://shiga-seitai.jp/seitai-column/youtu/running-lower-back-pain.html,running-lower-back-pain.html,2026-04-23T08:33:11+00:00,滋賀で整体を探すランナーへ｜走るたびに繰り返す腰痛、休まずに「体の使い方」で解決しませんか？ブログ | 滋賀 守山市整体HOPE【18年/口コミ4.8】骨盤から根本改善 ストレッチで優しく 守山で人気・おすすめ整体院,走った後の腰の張りや痛みに悩んでいませんか？滋賀で整体をお探しなら、休むだけでは治らないランニング腰痛を根本から見直すチャンスです。守山市のストレッチ×整体HOPEが股関節の柔軟性と体幹を強化し、痛みを繰り返さない体づくりをサポートします。滋賀県(SHIGA) 整体 骨盤矯正で肩こり 腰痛 頭痛の根本改善 | 滋賀 守山市整体HOPE【18年/口コミ4.8】骨盤矯正×ストレッチ 根本改善 守山で人気・おすすめ整体院,"滋賀,整体,ランナー,走ると腰が痛い,マラソン,パフォーマンスアップ,ストレッチ整体コラム,腰痛,猫背,肩こり,姿勢改善,姿勢,滋賀県,守山,守山市",滋賀で整体を探すランナーへ｜走るたびに繰り返す腰痛、休まずに「体の使い方」で解決しませんか？ブログ | 滋賀 守山市整体HOPE【18年/口コミ4.8】骨盤から根本改善 ストレッチで優しく 守山で人気・おすすめ整体院,"slug.'"">ストレッチ整体コラムslug.'"">腰痛 | 滋賀で整体を探すランナーへ｜走るたびに繰り返す腰痛、休まずに「体の使い方」で解決しませんか？ブログ | ストレッチ×整体HOPEのスポーツ腰痛アプローチ | 滋賀 ストレッチ × 整体 HOPE | ストレッチ整体コラム",
shiga-seitai,https://shiga-seitai.jp/core-training-column/moriyama-tennis-lowbackpain.html,moriyama-tennis-lowbackpain.html,2026-04-23T08:31:16+00:00,痛まず全力スイングできる体へ！滋賀で整体・体幹トレなら守山市のHOPE | 滋賀 守山市整体HOPE【18年/口コミ4.8】骨盤から根本改善 ストレッチで優しく 守山で人気・おすすめ整体院,テニスのプレー中、腰に鋭い痛みを感じていませんか？10代〜30代に多いその腰痛、「若さで治る」は危険です。滋賀県守山市のストレッチ×整体HOPEが、動きの破綻を根本から整え、全力スイングできる体へ導きます。滋賀県(SHIGA) 整体 骨盤矯正で肩こり 腰痛 頭痛の根本改善 | 滋賀 守山市整体HOPE【18年/口コミ4.8】骨盤矯正×ストレッチ 根本改善 守山で人気・おすすめ整体院,"滋賀,整体,テニス,サーブ 腰痛い,分離症,ヘルニア,腰痛,スポーツ整体,守山市,体幹トレーニングコラム,猫背,肩こり,姿勢改善,姿勢,滋賀県,守山",痛まず全力スイングできる体へ！滋賀で整体・体幹トレなら守山市のHOPE | 滋賀 守山市整体HOPE【18年/口コミ4.8】骨盤から根本改善 ストレッチで優しく 守山で人気・おすすめ整体院,"slug.'"">体幹トレーニングコラム | 痛まず全力スイングできる体へ！滋賀で整体・体幹トレなら守山市のHOPE | テニスにおける腰痛の科学なぜあなたの腰に過負荷がかかるのか | ストレッチ×整体HOPEによる「アスリート専用」根本改善アプローチ | よくある質問（FAQ） | 滋賀 ストレッチ × 整体 HOPE | 体幹トレーニングコラム",
shiga-seitai,https://shiga-seitai.jp/seitai-column/youtu/lumbar-spondylolysis-stretch-2.html,lumbar-spondylolysis-stretch-2.html,2026-04-16T14:20:29+00:00,腰椎分離症予防におすすめ「ジャックナイフストレッチ」滋賀の整体院HOPE | 滋賀 守山市整体HOPE【18年/口コミ4.8】骨盤から根本改善 ストレッチで優しく 守山で人気・おすすめ整体院,滋賀で整体・スポーツ障害のケアなら守山市のストレッチ×整体HOPE。腰椎分離症の予防におすすめの「ジャックナイフストレッチ」を徹底解説します。太もも裏（ハムストリングス）の柔軟性を高め、腰に負担をかけない体作りで早期復帰をサポートします。滋賀県(SHIGA) 整体 骨盤矯正で肩こり 腰痛 頭痛の根本改善 | 滋賀 守山市整体HOPE【18年/口コミ4.8】骨盤矯正×ストレッチ 根本改善 守山で人気・おすすめ整体院,"滋賀,整体,腰痛,スポーツ整体,守山市,腰椎分離症,スジャックナイフトレッチ,ストレッチ整体コラム,猫背,肩こり,姿勢改善,姿勢,滋賀県,守山",腰椎分離症予防におすすめ「ジャックナイフストレッチ」滋賀の整体院HOPE | 滋賀 守山市整体HOPE【18年/口コミ4.8】骨盤から根本改善 ストレッチで優しく 守山で人気・おすすめ整体院,"slug.'"">ストレッチ整体コラムslug.'"">腰痛 | 腰椎分離症予防におすすめ「ジャックナイフストレッチ」滋賀の整体院HOPE | なぜ腰椎分離症は「休むだけ」で痛みを繰り返すのか？ | 腰への負担を減らす「ジャックナイフストレッチ」 | ストレッチ×整体HOPEの「スポーツ特化・根本アプローチ」 | よくある質問（FAQ） | 滋賀 ストレッチ × 整体 HOPE | ストレッチ整体コラム",
shiga-seitai,https://shiga-seitai.jp/sleep-column/how-to-find-sleep-time.html,how-to-find-sleep-time.html,2026-04-27T13:58:52+00:00,自分の適切な睡眠時間を調べる3ステップ！滋賀で整体を受けて朝スッキリ起きる体へ | 滋賀 守山市整体HOPE【18年/口コミ4.8】骨盤から根本改善 ストレッチで優しく 守山で人気・おすすめ整体院,「自分の適切な睡眠時間は何時間？」とお悩みの方へ。滋賀の整体院HOPEが、あなたにピッタリの睡眠時間を調べる具体的な方法を解説します。休日の寝だめを卒業し、毎朝スッキリ目覚めるための睡眠負債リセット法を今すぐチェック！滋賀県(SHIGA) 整体 骨盤矯正で肩こり 腰痛 頭痛の根本改善 | 滋賀 守山市整体HOPE【18年/口コミ4.8】骨盤矯正×ストレッチ 根本改善 守山で人気・おすすめ整体院,"滋賀,整体,適切な睡眠時間,調べる方法,守山市,睡眠負債,疲れが取れない,睡眠不足,自律神経,スリープコーチ,最適睡眠時間,寝だめ,睡眠コラム,猫背,肩こり,腰痛,姿勢改善,姿勢,滋賀県,守山",自分の適切な睡眠時間を調べる3ステップ！滋賀で整体を受けて朝スッキリ起きる体へ | 滋賀 守山市整体HOPE【18年/口コミ4.8】骨盤から根本改善 ストレッチで優しく 守山で人気・おすすめ整体院,"slug.'"">睡眠コラム | 自分の適切な睡眠時間を調べる3ステップ！滋賀で整体を受けて朝スッキリ起きる体へ | 滋賀 ストレッチ × 整体 HOPE | 睡眠コラム",
shiga-seitai,https://shiga-seitai.jp/core-training-column/sports-qom-coretraining.html,sports-qom-coretraining.html,2026-05-04T11:55:05+00:00,,,,,,The read operation timed out
shiga-seitai,https://shiga-seitai.jp/pelvic-correction-column/posture-kyphosis-reset.html,posture-kyphosis-reset.html,2026-05-04T13:53:11+00:00,井上尚弥vs中谷潤人から学ぶ猫背でも動ける体と猫背リセット | 滋賀 守山市整体HOPE【18年/口コミ4.8】骨盤から根本改善 ストレッチで優しく 守山で人気・おすすめ整体院,滋賀で整体なら守山市のストレッチ×整体HOPEへ。猫背や巻き肩、浅い呼吸にお悩みの方へ向けた機能的な姿勢改善アプローチを徹底解説。18年以上の実績と解剖学に基づく施術で、デスクワーカーからアスリートまで幅広くサポートします。滋賀県(SHIGA) 整体 骨盤矯正で肩こり 腰痛 頭痛の根本改善 | 滋賀 守山市整体HOPE【18年/口コミ4.8】骨盤矯正×ストレッチ 根本改善 守山で人気・おすすめ整体院,"滋賀,整体,守山市,猫背 治し方,巻き肩 改善,姿勢リセット,スポーツ整体,デスクワーク,肩こり,呼吸が浅い,疲労感,パフォーマンス向上,骨盤矯正コラム,猫背,腰痛,姿勢改善,姿勢,滋賀県,守山",井上尚弥vs中谷潤人から学ぶ猫背でも動ける体と猫背リセット | 滋賀 守山市整体HOPE【18年/口コミ4.8】骨盤から根本改善 ストレッチで優しく 守山で人気・おすすめ整体院,"slug.'"">骨盤矯正コラム | 井上尚弥vs中谷潤人から学ぶ猫背でも動ける体と猫背リセット | 滋賀 ストレッチ × 整体 HOPE | 骨盤矯正コラム",
shiga-seitai,https://shiga-seitai.jp/core-training-column/backpain-core-breath-stretch.html,backpain-core-breath-stretch.html,2026-05-18T09:22:29+00:00,ストレッチで腰痛が戻る方へ｜滋賀で整体を探すなら体幹・呼吸から見直そう | 滋賀 守山市整体HOPE【18年/口コミ4.8】骨盤から根本改善 ストレッチで優しく 守山で人気・おすすめ整体院,ストレッチやマッサージの直後は楽なのに、すぐ腰の重さが戻ってしまう…とお悩みですか？滋賀の整体で歴18年以上の実績を持つHOPEが、体幹（安定性）・呼吸・睡眠の3つの視点から、繰り返す慢性的な腰の違和感を根本からケアします。滋賀県(SHIGA) 整体 骨盤矯正で肩こり 腰痛 頭痛の根本改善 | 滋賀 守山市整体HOPE【18年/口コミ4.8】骨盤矯正×ストレッチ 根本改善 守山で人気・おすすめ整体院,"滋賀,整体,守山市,慢性腰痛,すぐ戻る,体幹トレーニング,自律神経,腰が重い,マッサージ 効かない,インナーマッスル,睡眠の質,体幹トレーニングコラム,猫背,肩こり,腰痛,姿勢改善,姿勢,滋賀県,守山",ストレッチで腰痛が戻る方へ｜滋賀で整体を探すなら体幹・呼吸から見直そう | 滋賀 守山市整体HOPE【18年/口コミ4.8】骨盤から根本改善 ストレッチで優しく 守山で人気・おすすめ整体院,"slug.'"">体幹トレーニングコラム | ストレッチで腰痛が戻る方へ｜滋賀で整体を探すなら体幹・呼吸から見直そう | 痛みを気にせず動ける毎日へ。体幹と呼吸で腰をしっかり支える身体づくり。 | 滋賀 ストレッチ × 整体 HOPE | 体幹トレーニングコラム",
shiga-seitai,https://shiga-seitai.jp/sleep-column/chronic-fatigue-sleep-quality.html,chronic-fatigue-sleep-quality.html,2026-05-10T14:25:56+00:00,寝ても疲れが取れない方へ｜滋賀の整体で呼吸と自律神経から見直す睡眠ケア | 滋賀 守山市整体HOPE【18年/口コミ4.8】骨盤から根本改善 ストレッチで優しく 守山で人気・おすすめ整体院,滋賀で整体院をお探しの方へ。当サロンでは「寝ても疲れる」原因を的確に分析し、呼吸を深くする胸郭ストレッチや体幹ケア、アスリート水準の睡眠指導を実施。一時的なマッサージではない、自力で回復できる身体への体質改善をサポートします。滋賀県(SHIGA) 整体 骨盤矯正で肩こり 腰痛 頭痛の根本改善 | 滋賀 守山市整体HOPE【18年/口コミ4.8】骨盤矯正×ストレッチ 根本改善 守山で人気・おすすめ整体院,"滋賀,整体,守山市,疲労回復,自律神経,骨盤矯正,ストレッチ,寝ても疲れが取れない,慢性疲労,呼吸が浅い,スリープコーチ,睡眠コラム,猫背,肩こり,腰痛,姿勢改善,姿勢,滋賀県,守山",寝ても疲れが取れない方へ｜滋賀の整体で呼吸と自律神経から見直す睡眠ケア | 滋賀 守山市整体HOPE【18年/口コミ4.8】骨盤から根本改善 ストレッチで優しく 守山で人気・おすすめ整体院,"slug.'"">睡眠コラム | 寝ても疲れが取れない方へ｜滋賀の整体で呼吸と自律神経から見直す睡眠ケア | 寝ても疲れが取れない…それ、「疲労が抜けない体」になっているサインかもしれません | 滋賀 ストレッチ × 整体 HOPE | 睡眠コラム",
shiga-seitai,https://shiga-seitai.jp/core-training-column/sports-heat-acclimation.html,sports-heat-acclimation.html,2026-05-17T10:29:12+00:00,夏の大会でバテない体へ！滋賀のスポーツ整体院が教える「暑熱順化」とアスリートコンディショニング | 滋賀 守山市整体HOPE【18年/口コミ4.8】骨盤から根本改善 ストレッチで優しく 守山で人気・おすすめ整体院,夏の大会、暑さで後半バテていませんか？滋賀県守山市のストレッチ×整体HOPEが、野球・サッカー選手に必須の「暑熱順化」を解説。歴18年の実績と解剖学に基づいたスポーツ整体で、バテない体作りとパフォーマンス向上をサポートします！滋賀県(SHIGA) 整体 骨盤矯正で肩こり 腰痛 頭痛の根本改善 | 滋賀 守山市整体HOPE【18年/口コミ4.8】骨盤矯正×ストレッチ 根本改善 守山で人気・おすすめ整体院,"滋賀,スポーツ整体,守山,アスリート,コンディショニング,暑熱順化,パフォーマンス向上,夏バテ対策,疲労回復,体幹トレーニングコラム,整体,猫背,肩こり,腰痛,姿勢改善,姿勢,滋賀県,守山市",夏の大会でバテない体へ！滋賀のスポーツ整体院が教える「暑熱順化」とアスリートコンディショニング | 滋賀 守山市整体HOPE【18年/口コミ4.8】骨盤から根本改善 ストレッチで優しく 守山で人気・おすすめ整体院,"slug.'"">体幹トレーニングコラム | 夏の大会でバテない体へ！滋賀のスポーツ整体院が教える「暑熱順化」とアスリートコンディショニング | 野球・サッカー特特有の「夏の負担」と暑熱順化の重要性 | 暑熱順化に関する研究紹介 | アスリート向け：日常生活やスポーツ現場での対策 | ストレッチ×整体HOPEのスポーツコンディショニング | 滋賀 ストレッチ × 整体 HOPE | 体幹トレーニングコラム",
shiga-seitai,https://shiga-seitai.jp/beauty-seitai-column/moriyama-yoga-pain.html,moriyama-yoga-pain.html,2026-05-28T12:33:54+00:00,痛みなくヨガを楽しめる身体へ！滋賀の整体で体幹と肩甲骨を整える骨格矯正 | 滋賀 守山市整体HOPE【18年/口コミ4.8】骨盤から根本改善 ストレッチで優しく 守山で人気・おすすめ整体院,ヨガのダウンドッグやプランクで肘や手首が痛くなりませんか？それは女性に多い「猿腕（過伸展）」が原因かもしれません。歴18年の滋賀の整体が、関節に負担をかけない正しい身体の使い方と改善ケアを解説します。滋賀県(SHIGA) 整体 骨盤矯正で肩こり 腰痛 頭痛の根本改善 | 滋賀 守山市整体HOPE【18年/口コミ4.8】骨盤矯正×ストレッチ 根本改善 守山で人気・おすすめ整体院,"滋賀,整体,守山市,猿腕,肘の過伸展,ヨガの痛み,腕が痛い,関節弛緩性,体幹,美容整体コラム,猫背,肩こり,腰痛,姿勢改善,姿勢,滋賀県,守山",痛みなくヨガを楽しめる身体へ！滋賀の整体で体幹と肩甲骨を整える骨格矯正 | 滋賀 守山市整体HOPE【18年/口コミ4.8】骨盤から根本改善 ストレッチで優しく 守山で人気・おすすめ整体院,"slug.'"">美容整体コラム | 痛みなくヨガを楽しめる身体へ！滋賀の整体で体幹と肩甲骨を整える骨格矯正 | 「ヨガで体を痛めてしまう…」その原因は女性に多い【猿腕（肘の過伸展）】かも？医学的アプローチで安全に楽しむ方法 | 滋賀 ストレッチ × 整体 HOPE | 美容整体コラム",
shiga-seitai,https://shiga-seitai.jp/core-training-column/moriyama-sports-seitai-injury-prevention.html,moriyama-sports-seitai-injury-prevention.html,2026-05-31T13:14:55+00:00,試合前に見直したい怪我予防と身体の準備｜守山・滋賀でスポーツ整体を探している方へ | 滋賀 守山市整体HOPE【18年/口コミ4.8】骨盤から根本改善 ストレッチで優しく 守山で人気・おすすめ整体院,大事な試合前、「筋肉の張り」や「違和感」を放置していませんか？滋賀守山市で整体を探すアスリートへ。当院はKOBA式体幹バランストレーニングとストレッチ整体で怪我を予防し、最高のパフォーマンスを発揮できる身体の準備をサポートします。滋賀県(SHIGA) 整体 骨盤矯正で肩こり 腰痛 頭痛の根本改善 | 滋賀 守山市整体HOPE【18年/口コミ4.8】骨盤矯正×ストレッチ 根本改善 守山で人気・おすすめ整体院,"滋賀,スポーツ整体,怪我予防,試合前 コンディショニング,KOBA式体幹バランストレーニング,ストレッチ整体,守山市 整体,スポーツ障害,予防,体幹トレーニングコラム,整体,猫背,肩こり,腰痛,姿勢改善,姿勢,滋賀県,守山,守山市",試合前に見直したい怪我予防と身体の準備｜守山・滋賀でスポーツ整体を探している方へ | 滋賀 守山市整体HOPE【18年/口コミ4.8】骨盤から根本改善 ストレッチで優しく 守山で人気・おすすめ整体院,"slug.'"">体幹トレーニングコラム | 試合前に見直したい怪我予防と身体の準備｜守山・滋賀でスポーツ整体を探している方へ | スポーツのパフォーマンス向上と怪我予防。大事な場面で力を発揮するための身体づくり | 滋賀 ストレッチ × 整体 HOPE | 体幹トレーニングコラム",
shiga-seitai,https://shiga-seitai.jp/pelvic-correction-column/moriyama-bridal-posture.html,moriyama-bridal-posture.html,2026-06-04T14:13:02+00:00,結婚式前はブライダルエステ？ブライダル整体？姿勢から変える滋賀の美容姿勢矯正 | 滋賀 守山市整体HOPE【18年/口コミ4.8】骨盤から根本改善 ストレッチで優しく 守山で人気・おすすめ整体院,結婚式に向けて、ドレスから見える背中や猫背が気になっていませんか？滋賀の整体HOPEでは、プレ花嫁様に特化したブライダル姿勢矯正を提供。巻き肩や埋もれた肩甲骨を整え、一生に一度の晴れ舞台を美しく自信に満ちた姿で迎えられるようサポートします。滋賀県(SHIGA) 整体 骨盤矯正で肩こり 腰痛 頭痛の根本改善 | 滋賀 守山市整体HOPE【18年/口コミ4.8】骨盤矯正×ストレッチ 根本改善 守山で人気・おすすめ整体院,"滋賀,整体,骨盤矯正,姿勢矯正,猫背,ブライダル,守山市,結婚式前,巻き肩改善,ドレス映え,20代,30代,40代,プレ花嫁,ブライダルエステ 違い,骨盤矯正コラム,肩こり,腰痛,姿勢改善,姿勢,滋賀県,守山",結婚式前はブライダルエステ？ブライダル整体？姿勢から変える滋賀の美容姿勢矯正 | 滋賀 守山市整体HOPE【18年/口コミ4.8】骨盤から根本改善 ストレッチで優しく 守山で人気・おすすめ整体院,"slug.'"">骨盤矯正コラム | 結婚式前はブライダルエステ？ブライダル整体？姿勢から変える滋賀の美容姿勢矯正 | 本質的な美しさを求める大人女子へ。ブライダルエステと整体（姿勢矯正）の決定的な違い | 滋賀 ストレッチ × 整体 HOPE | 骨盤矯正コラム",
parler,https://www.parler.co.jp/column/column_001.html,column_001.html,2025-11-18T15:00:00+00:00,【痩せて綺麗になりたい人必見！】ダイエット食の基本！｜総合型エステのラ・パルレの美容と健康コラム,ラ・パルレがお届けする、あなたの毎日をすこやかにするための美容と健康コラム「【痩せて綺麗になりたい人必見！】ダイエット食の基本！」,"ダイエット,ダイエット食,美容,健康,コラム,パルレ,ラパルレ","お悩みや目的から選ぶ
				ボディエステ通常コース",管理栄養士なな先生 | ≪目次≫ | カロリーの目安 | 計算結果 | 計算結果 | バランスの良い食事って何？ | 糖質は食べない方がいい？ | たんぱく質の適正量は？,
parler,https://www.parler.co.jp/column/column_002.html,column_002.html,2025-06-16T17:51:56+00:00,【乾燥対策！】揺らがない“うるおい美肌”を手に入れる方法｜総合型エステのラ・パルレの美容と健康コラム,ラ・パルレがお届けする、あなたの毎日をすこやかにするための美容と健康コラム「【乾燥対策！】揺らがない“うるおい美肌”を手に入れる方法」,"乾燥肌,美肌,美容,健康,コラム,パルレ,ラパルレ","お悩みや目的から選ぶ
				ボディエステ通常コース",管理栄養士なな先生 | ≪目次≫ | どうして肌が乾燥するのか？ | 肌のバリア機能が崩壊する原因8選 | 今日からできる！？乾燥対策4選：スキンケア編 | 今日からできる！？乾燥対策4選：生活習慣編 | まとめ | ラ・パルレ エステのポイント,
parler,https://www.parler.co.jp/column/column_003.html,column_003.html,2025-06-16T17:35:44+00:00,【美人の必須条件！】姿勢改善で速攻！見た目痩せ｜総合型エステのラ・パルレの美容と健康コラム,ラ・パルレがお届けする、あなたの毎日をすこやかにするための美容と健康コラム「【美人の必須条件！】姿勢改善で速攻！見た目痩せ」,"バストアップ,新陳代謝,ダイエット,肩こり,美容,健康,コラム,パルレ,ラパルレ","お悩みや目的から選ぶ
				ボディエステ通常コース",管理栄養士なな先生 | ≪目次≫ | あなたの姿勢は良い？悪い？【歪みチェック】 | 大事なのは骨盤！？人体の大黒柱 | 姿勢が崩れる原因5選 | 姿勢改善のカギは筋肉！ | 姿勢改善で意識したい筋肉5選 | 骨盤以外の姿勢悩みと改善方法,
parler,https://www.parler.co.jp/column/column_004.html,column_004.html,2025-06-16T18:13:46+00:00,【花嫁・花婿美容を徹底解剖！】ブライダルエステは必要？｜総合型エステのラ・パルレの美容と健康コラム,ラ・パルレがお届けする、あなたの毎日をすこやかにするための美容と健康コラム「【花嫁・花婿美容を徹底解剖！】ブライダルエステは必要？」,"ブライダル,バストアップ,新陳代謝,ダイエット,肩こり,美容,健康,コラム,パルレ,ラパルレ","お悩みや目的から選ぶ
				ボディエステ通常コース",管理栄養士なな先生 | ≪目次≫ | 花嫁・花婿美容には何がある？ | 花嫁・花婿美容の優先順位 | ブライダルエステはなぜ必要？ | おすすめのブライダルエステ | まとめ | ラ・パルレ エステのポイント,
parler,https://www.parler.co.jp/column/column_005.html,column_005.html,2025-06-16T17:53:50+00:00,【ニキビの種類と原因を解説！】繰り返しニキビを治すには？｜総合型エステのラ・パルレの美容と健康コラム,ラ・パルレがお届けする、あなたの毎日をすこやかにするための美容と健康コラム「【ニキビの種類と原因を解説！】繰り返しニキビを治すには？」,"ニキビ,新陳代謝,美肌,大人ニキビ,美容,健康,コラム,パルレ,ラパルレ","お悩みや目的から選ぶ
				ボディエステ通常コース",管理栄養士なな先生 | ≪目次≫ | ニキビの種類 | ニキビ予防①刺激を減らす | ニキビ予防②適切なスキンケア | ニキビ予防③食事 | ニキビ予防④その他 | ニキビ肌を卒業する方法,
parler,https://www.parler.co.jp/column/column_006.html,column_006.html,2025-06-16T17:52:14+00:00,【ブライダルエステ】ドレスタイプ・悩み・予算別！花嫁・花婿美容｜総合型エステのラ・パルレの美容と健康コラム,ラ・パルレがお届けする、あなたの毎日をすこやかにするための美容と健康コラム「【ブライダルエステ】ドレスタイプ・悩み・予算別！花嫁・花婿美容」,"ブライダル,ウェディングドレス,タキシード,新陳代謝,美肌,大人ニキビ,美容,健康,コラム,パルレ,ラパルレ","お悩みや目的から選ぶ
				ボディエステ通常コース",管理栄養士なな先生 | ≪目次≫ | ドレスタイプ別おすすめケア4選 | お悩みパーツ別おすすめケア5選 | 予算別！お金をかけるべきケア | ラ・パルレのブライダルエステ | まとめ | ラ・パルレ エステのポイント,
parler,https://www.parler.co.jp/column/column_007.html,column_007.html,2025-06-16T17:54:56+00:00,【美肌ケア】フェイシャルお手入れの基本｜総合型エステのラ・パルレの美容と健康コラム,ラ・パルレがお届けする、あなたの毎日をすこやかにするための美容と健康コラム「【美肌ケア】フェイシャルお手入れの基本」,"ブライダル,新陳代謝,美肌,大人ニキビ,美容,健康,コラム,パルレ,ラパルレ","お悩みや目的から選ぶ
				ボディエステ通常コース",管理栄養士なな先生 | ≪目次≫ | 美肌作りに必要なこと | 皮膚の構造 | スキンケアのポイント | 美肌をつくる食事と栄養 | 生活習慣 | ラ・パルレの美肌ケア,
parler,https://www.parler.co.jp/column/column_008.html,column_008.html,2025-06-27T00:00:00+00:00,【お酒とダイエット】ダイエット中の飲酒はやっぱり太る？｜総合型エステのラ・パルレの美容と健康コラム,ラ・パルレがお届けする、あなたの毎日をすこやかにするための美容と健康コラム「【お酒とダイエット】ダイエット中の飲酒はやっぱり太る？」,"ブライダル,ダイエット,アルコール,食事,新陳代謝,美肌,大人ニキビ,美容,健康,コラム,パルレ,ラパルレ","Title text
                Title Sub text",管理栄養士なな先生 | ≪目次≫ | お酒がダイエットでよくないとされる理由 | 飲酒量の目安 | 太りにくい飲み方５選 | まとめ | ラ・パルレ エステのポイント | みなさまのエステの質問にお答えするFAQ,
parler,https://www.parler.co.jp/column/column_009.html,column_009.html,2025-07-18T00:00:00+00:00,【プロ徹底解説】“脚痩せ”はセルライトケアからが鉄則｜総合型エステのラ・パルレの美容と健康コラム,ラ・パルレがお届けする、あなたの毎日をすこやかにするための美容と健康コラム「【プロ徹底解説】“脚痩せ”はセルライトケアからが鉄則」,"ブライダル,ダイエット,アルコール,食事,新陳代謝,美肌,大人ニキビ,美容,健康,コラム,パルレ,ラパルレ","Title text
                Title Sub text",管理栄養士なな先生 | ≪目次≫ | セルライトとは | セルライトができるまで | セルライトがあるとなぜ脚痩せできない？ | セルライトがある人の脚痩せ方法 | 脚のセルライトをケアする方法 | 効率よくセルライトをケアするなら,
parler,https://www.parler.co.jp/column/column_010.html,column_010.html,2025-07-25T00:00:00+00:00,【意外と知らない！】生活環境にあふれる紫外線｜総合型エステのラ・パルレの美容と健康コラム,ラ・パルレがお届けする、あなたの毎日をすこやかにするための美容と健康コラム「【意外と知らない！】生活環境にあふれる紫外線」,"ブライダル,ダイエット,アルコール,食事,新陳代謝,美肌,大人ニキビ,美容,健康,コラム,パルレ,ラパルレ","Title text
                Title Sub text",管理栄養士なな先生 | ≪目次≫ | 肌にダメージを与える紫外線の種類 | 紫外線が多いのはどんな時？ | 紫外線の反射・散乱・透過 | 日焼けの種類 | まとめ | ラ・パルレ エステのポイント,
parler,https://www.parler.co.jp/column/column_011.html,column_011.html,2025-08-08T00:00:00+00:00,【腸活！】腸内環境改善で美肌＆ダイエット｜総合型エステのラ・パルレの美容と健康コラム,ラ・パルレがお届けする、あなたの毎日をすこやかにするための美容と健康コラム「【腸活！】腸内環境改善で美肌＆ダイエット」,"ブライダル,ダイエット,アルコール,食事,新陳代謝,美肌,大人ニキビ,美容,健康,コラム,パルレ,ラパルレ","Title text
                Title Sub text",美容・健康と腸内環境 | 管理栄養士なな先生 | ≪目次≫ | 腸内環境を整えるメリット４選 | 腸内環境を整える方法 | 腸内環境改善に効果的なヨーグルト | デブ菌・痩せ菌って？ | まとめ,
parler,https://www.parler.co.jp/column/column_012.html,column_012.html,2025-08-22T00:00:00+00:00,【紫外線対策！】今も将来も美肌の秘訣｜総合型エステのラ・パルレの美容と健康コラム,ラ・パルレがお届けする、あなたの毎日をすこやかにするための美容と健康コラム「【紫外線対策！】今も将来も美肌の秘訣」,"ブライダル,ダイエット,アルコール,食事,新陳代謝,美肌,大人ニキビ,美容,健康,コラム,パルレ,ラパルレ","Title text
                Title Sub text","管理栄養士なな先生 | ≪目次≫ | 塗る日焼け止めの種類 | 塗る日焼け止めの使い方 | 飲む日焼け止め | 日傘 | その他の紫外線カットアイテム | まとめ
                            
                            
                                
                                    紫外線対策について、単に紫外線を防ぐだけでなく美肌を目指すためには生活シーンや個人の肌質に合わせた対策が必要です。ただ闇雲に強力な日焼け止めばかりを使用するのではなく、ご自身の肌質に合わせて自分にある紫外線対策を見つけてみてください。
                                
                            
                        

                        
                            
                                あわせて読みたい
                            
                            
                                【痩せて綺麗になりたい人必見！】ダイエット食の基本！ -->
                                【乾燥対策！】揺らがない“うるおい美肌”を手に入れる方法
                                【美人の必須条件！】姿勢改善で速攻！見た目痩せ -->
                                【花嫁・花婿美容を徹底解剖！】ブライダルエステは必要？ -->
                                【ニキビの種類と原因を解説！】繰り返しニキビを治すには？ -->
                                【ブライダルエステ】ドレスタイプ・悩み・予算別！花嫁・花婿美容 -->
                                【美肌ケア】フェイシャルお手入れの基本
                                【お酒とダイエット】ダイエット中の飲酒はやっぱり太る？ -->
                                【プロ徹底解説】“脚痩せ”はセルライトケアからが鉄則 -->
                                【意外と知らない！】生活環境にあふれる紫外線 -->
                                【腸活！】腸内環境改善で美肌＆ダイエット -->
                                【紫外線対策！】今も将来も美肌の秘訣 -->
                            
                        

                    

                    
                        エステコラム一覧へ
                    
                
            
        

        
        
            
             
	 
        ラ・パルレ エステのポイント",
parler,https://www.parler.co.jp/column/column_013.html,column_013.html,2025-09-10T00:00:00+00:00,【むくみで太る！？】つらいむくみの原因と改善方法｜総合型エステのラ・パルレの美容と健康コラム,ラ・パルレがお届けする、あなたの毎日をすこやかにするための美容と健康コラム「【むくみで太る！？】つらいむくみの原因と改善方法」,"ブライダル,ダイエット,アルコール,食事,新陳代謝,美肌,大人ニキビ,美容,健康,コラム,パルレ,ラパルレ","Title text
                Title Sub text","管理栄養士なな先生 | ≪目次≫ | むくみの原因6選 | むくみの改善方法〈食事編〉 | むくみの改善方法〈運動編〉 | むくみの改善方法〈その他〉 | まとめ
                            
                            
                                
                                    むくみには様々な原因と改善方法があります。まず心当たりのある原因からその改善方法を試してみましょう。むくみは辛いだけでなく、老廃物が蓄積することによるセルライトの形成や体温の低下、それに伴う代謝の低下などにつながります。むくまないような生活習慣を心掛け、むくんでしまったらその日のうちに排泄し、健康的な美ボディを目指しましょう。
                                
                            
                        

                        
                            
                                あわせて読みたい
                            
                            
                                【痩せて綺麗になりたい人必見！】ダイエット食の基本！ -->
                                【乾燥対策！】揺らがない“うるおい美肌”を手に入れる方法 -->
                                【美人の必須条件！】姿勢改善で速攻！見た目痩せ -->
                                【花嫁・花婿美容を徹底解剖！】ブライダルエステは必要？ -->
                                【ニキビの種類と原因を解説！】繰り返しニキビを治すには？ -->
                                【ブライダルエステ】ドレスタイプ・悩み・予算別！花嫁・花婿美容 -->
                                【美肌ケア】フェイシャルお手入れの基本 -->
                                【お酒とダイエット】ダイエット中の飲酒はやっぱり太る？
                                【プロ徹底解説】“脚痩せ”はセルライトケアからが鉄則 -->
                                【意外と知らない！】生活環境にあふれる紫外線 -->
                                【腸活！】腸内環境改善で美肌＆ダイエット
                                【紫外線対策！】今も将来も美肌の秘訣 -->
                                【むくみで太る！？】つらいむくみの原因と改善方法 -->
                            
                        
                    

                    
                        エステコラム一覧へ
                    
                
            
        

        
        
            
             
	 
        ラ・パルレ エステのポイント | みなさまのエステの質問にお答えするFAQ",
parler,https://www.parler.co.jp/column/column_014.html,column_014.html,2025-09-29T00:00:00+00:00,【身体をリセット】ダイエットに効果的な朝食のとり方｜総合型エステのラ・パルレの美容と健康コラム,ラ・パルレがお届けする、あなたの毎日をすこやかにするための美容と健康コラム「【身体をリセット】ダイエットに効果的な朝食のとり方」,"ブライダル,ダイエット,アルコール,食事,新陳代謝,美肌,大人ニキビ,美容,健康,コラム,パルレ,ラパルレ","Title text
                Title Sub text",管理栄養士なな先生 | ≪目次≫ | ダイエットで朝食をとったほうがいいと言われる理由2選 | 朝食は何を食べる？ | 朝食のおすすめメニュー | 朝食の量と3食のバランス | 朝食の時間帯 | まとめ,
parler,https://www.parler.co.jp/column/column_015.html,column_015.html,2025-11-18T15:00:00+00:00,【もう太らない!?】意外な糖質の秘密と正しい摂り方｜総合型エステのラ・パルレの美容と健康コラム,ラ・パルレがお届けする、あなたの毎日をすこやかにするための美容と健康コラム「【もう太らない!?】意外な糖質の秘密と正しい摂り方」。糖質の基礎知識から、摂りすぎ・不足のデメリット、ダイエット中の目安量や太りにくい食べ方まで分かりやすく解説します。,"糖質,炭水化物,ダイエット,血糖値,糖尿病,太りにくい食べ方,甘味料,美容,健康,コラム,パルレ,ラパルレ",【もう太らない!?】意外な糖質の秘密と正しい摂り方,管理栄養士なな先生 | ≪目次≫ | 糖質とは | 糖質の働き | 糖質を摂りすぎると | 糖質が不足すると | 糖質の種類 | 糖類ゼロって？,
parler,https://www.parler.co.jp/mens/column/column_001.html,column_001.html,2025-05-23T01:14:50+00:00,【痩せて綺麗になりたい人必見！】ダイエット食の基本！｜総合型エステのラ・パルレの美容と健康コラム,ラ・パルレがお届けする、あなたの毎日をすこやかにするための美容と健康コラム「【痩せて綺麗になりたい人必見！】ダイエット食の基本！」,"ダイエット,ダイエット食,美容,健康,コラム,パルレ,ラパルレ",【痩せて綺麗になりたい人必見！】ダイエット食の基本！,管理栄養士なな先生 | ≪目次≫ | カロリーの目安 | 計算結果 | 計算結果 | バランスの良い食事って何？ | 糖質は食べない方がいい？ | たんぱく質の適正量は？,
parler,https://www.parler.co.jp/mens/column/column_002.html,column_002.html,2025-05-23T01:14:50+00:00,【乾燥対策！】揺らがない“うるおい美肌”を手に入れる方法｜総合型エステのラ・パルレの美容と健康コラム,ラ・パルレがお届けする、あなたの毎日をすこやかにするための美容と健康コラム「【乾燥対策！】揺らがない“うるおい美肌”を手に入れる方法」,"乾燥肌,美肌,美容,健康,コラム,パルレ,ラパルレ",【乾燥対策！】揺らがない“うるおい美肌”を手に入れる方法,管理栄養士なな先生 | ≪目次≫ | どうして肌が乾燥するのか？ | 肌のバリア機能が崩壊する原因8選 | 今日からできる！？乾燥対策4選：スキンケア編 | 今日からできる！？乾燥対策4選：生活習慣編 | まとめ | ラ・パルレ エステのポイント,
parler,https://www.parler.co.jp/mens/column/column_003.html,column_003.html,2025-05-23T01:14:50+00:00,【美人の必須条件！】姿勢改善で速攻！見た目痩せ｜総合型エステのラ・パルレの美容と健康コラム,ラ・パルレがお届けする、あなたの毎日をすこやかにするための美容と健康コラム「【美人の必須条件！】姿勢改善で速攻！見た目痩せ」,"バストアップ,新陳代謝,ダイエット,肩こり,美容,健康,コラム,パルレ,ラパルレ",【美人の必須条件！】姿勢改善で速攻！見た目痩せ,管理栄養士なな先生 | ≪目次≫ | あなたの姿勢は良い？悪い？【歪みチェック】 | 大事なのは骨盤！？人体の大黒柱 | 姿勢が崩れる原因5選 | 姿勢改善のカギは筋肉！ | 姿勢改善で意識したい筋肉5選 | 骨盤以外の姿勢悩みと改善方法,
parler,https://www.parler.co.jp/mens/column/column_004.html,column_004.html,2025-05-23T01:14:50+00:00,【花嫁・花婿美容を徹底解剖！】ブライダルエステは必要？｜総合型エステのラ・パルレの美容と健康コラム,ラ・パルレがお届けする、あなたの毎日をすこやかにするための美容と健康コラム「【花嫁・花婿美容を徹底解剖！】ブライダルエステは必要？」,"ブライダル,バストアップ,新陳代謝,ダイエット,肩こり,美容,健康,コラム,パルレ,ラパルレ",【花嫁・花婿美容を徹底解剖！】ブライダルエステは必要？,管理栄養士なな先生 | ≪目次≫ | 花嫁・花婿美容には何がある？ | 花嫁・花婿美容の優先順位 | ブライダルエステはなぜ必要？ | おすすめのブライダルエステ | まとめ | ラ・パルレ エステのポイント,
parler,https://www.parler.co.jp/mens/column/column_005.html,column_005.html,2025-05-30T01:18:00+00:00,【ニキビの種類と原因を解説！】繰り返しニキビを治すには？｜総合型エステのラ・パルレの美容と健康コラム,ラ・パルレがお届けする、あなたの毎日をすこやかにするための美容と健康コラム「【ニキビの種類と原因を解説！】繰り返しニキビを治すには？」,"ニキビ,新陳代謝,美肌,大人ニキビ,美容,健康,コラム,パルレ,ラパルレ","お悩みや目的から選ぶ
				ボディエステ通常コース",管理栄養士なな先生 | ≪目次≫ | ニキビの種類 | ニキビ予防①刺激を減らす | ニキビ予防②適切なスキンケア | ニキビ予防③食事 | ニキビ予防④その他 | ニキビ肌を卒業する方法,
parler,https://www.parler.co.jp/mens/column/column_006.html,column_006.html,2025-06-16T01:14:50+00:00,【ブライダルエステ】ドレスタイプ・悩み・予算別！花嫁・花婿美容｜総合型エステのラ・パルレの美容と健康コラム,ラ・パルレがお届けする、あなたの毎日をすこやかにするための美容と健康コラム「【ブライダルエステ】ドレスタイプ・悩み・予算別！花嫁・花婿美容」,"ブライダル,ウェディングドレス,タキシード,新陳代謝,美肌,大人ニキビ,美容,健康,コラム,パルレ,ラパルレ","お悩みや目的から選ぶ
				ボディエステ通常コース",管理栄養士なな先生 | ≪目次≫ | ドレスタイプ別おすすめケア4選 | お悩みパーツ別おすすめケア5選 | 予算別！お金をかけるべきケア | ラ・パルレのブライダルエステ | まとめ | ラ・パルレ エステのポイント,
parler,https://www.parler.co.jp/mens/column/column_007.html,column_007.html,2025-06-16T01:18:00+00:00,【美肌ケア】フェイシャルお手入れの基本｜総合型エステのラ・パルレの美容と健康コラム,ラ・パルレがお届けする、あなたの毎日をすこやかにするための美容と健康コラム「【美肌ケア】フェイシャルお手入れの基本」,"ブライダル,新陳代謝,美肌,大人ニキビ,美容,健康,コラム,パルレ,ラパルレ",【美肌ケア】フェイシャルお手入れの基本,管理栄養士なな先生 | ≪目次≫ | 美肌作りに必要なこと | 皮膚の構造 | スキンケアのポイント | 美肌をつくる食事と栄養 | 生活習慣 | ラ・パルレの美肌ケア,
parler,https://www.parler.co.jp/mens/column/column_008.html,column_008.html,2025-06-27T00:00:00+00:00,【お酒とダイエット】ダイエット中の飲酒はやっぱり太る？｜総合型エステのラ・パルレの美容と健康コラム,ラ・パルレがお届けする、あなたの毎日をすこやかにするための美容と健康コラム「【お酒とダイエット】ダイエット中の飲酒はやっぱり太る？」,"ブライダル,ダイエット,アルコール,食事,新陳代謝,美肌,大人ニキビ,美容,健康,コラム,パルレ,ラパルレ","Title text
                Title Sub text",管理栄養士なな先生 | ≪目次≫ | お酒がダイエットでよくないとされる理由 | 飲酒量の目安 | 太りにくい飲み方５選 | まとめ | ラ・パルレ エステのポイント | みなさまのエステの質問にお答えするFAQ,
parler,https://www.parler.co.jp/mens/column/column_009.html,column_009.html,2025-07-18T00:00:00+00:00,【プロ徹底解説】“脚痩せ”はセルライトケアからが鉄則｜総合型エステのラ・パルレの美容と健康コラム,ラ・パルレがお届けする、あなたの毎日をすこやかにするための美容と健康コラム「【プロ徹底解説】“脚痩せ”はセルライトケアからが鉄則」,"ブライダル,ダイエット,アルコール,食事,新陳代謝,美肌,大人ニキビ,美容,健康,コラム,パルレ,ラパルレ","Title text
                Title Sub text",管理栄養士なな先生 | ≪目次≫ | セルライトとは | セルライトができるまで | セルライトがあるとなぜ脚痩せできない？ | セルライトがある人の脚痩せ方法 | 脚のセルライトをケアする方法 | 効率よくセルライトをケアするなら,
parler,https://www.parler.co.jp/mens/column/column_010.html,column_010.html,2025-07-25T00:00:00+00:00,【意外と知らない！】生活環境にあふれる紫外線｜総合型エステのラ・パルレの美容と健康コラム,ラ・パルレがお届けする、あなたの毎日をすこやかにするための美容と健康コラム「【意外と知らない！】生活環境にあふれる紫外線」,"ブライダル,ダイエット,アルコール,食事,新陳代謝,美肌,大人ニキビ,美容,健康,コラム,パルレ,ラパルレ","Title text
                Title Sub text",管理栄養士なな先生 | ≪目次≫ | 肌にダメージを与える紫外線の種類 | 紫外線が多いのはどんな時？ | 紫外線の反射・散乱・透過 | 日焼けの種類 | まとめ | ラ・パルレ エステのポイント,
parler,https://www.parler.co.jp/mens/column/column_011.html,column_011.html,2025-08-08T00:00:00+00:00,【腸活！】腸内環境改善で美肌＆ダイエット｜総合型エステのラ・パルレの美容と健康コラム,ラ・パルレがお届けする、あなたの毎日をすこやかにするための美容と健康コラム「【腸活！】腸内環境改善で美肌＆ダイエット」,"ブライダル,ダイエット,アルコール,食事,新陳代謝,美肌,大人ニキビ,美容,健康,コラム,パルレ,ラパルレ","Title text
                Title Sub text",美容・健康と腸内環境 | 管理栄養士なな先生 | ≪目次≫ | 腸内環境を整えるメリット４選 | 腸内環境を整える方法 | 腸内環境改善に効果的なヨーグルト | デブ菌・痩せ菌って？ | まとめ,
parler,https://www.parler.co.jp/mens/column/column_012.html,column_012.html,2025-08-22T00:00:00+00:00,【紫外線対策！】今も将来も美肌の秘訣｜総合型エステのラ・パルレの美容と健康コラム,ラ・パルレがお届けする、あなたの毎日をすこやかにするための美容と健康コラム「【紫外線対策！】今も将来も美肌の秘訣」,"ブライダル,ダイエット,アルコール,食事,新陳代謝,美肌,大人ニキビ,美容,健康,コラム,パルレ,ラパルレ","Title text
                Title Sub text","管理栄養士なな先生 | ≪目次≫ | 塗る日焼け止めの種類 | 塗る日焼け止めの使い方 | 飲む日焼け止め | 日傘 | その他の紫外線カットアイテム | まとめ
                            
                            
                                
                                    紫外線対策について、単に紫外線を防ぐだけでなく美肌を目指すためには生活シーンや個人の肌質に合わせた対策が必要です。ただ闇雲に強力な日焼け止めばかりを使用するのではなく、ご自身の肌質に合わせて自分にある紫外線対策を見つけてみてください。
                                
                            
                        

                        
                            
                                あわせて読みたい
                            
                            
                                【痩せて綺麗になりたい人必見！】ダイエット食の基本！ -->
                                【乾燥対策！】揺らがない“うるおい美肌”を手に入れる方法
                                【美人の必須条件！】姿勢改善で速攻！見た目痩せ -->
                                【花嫁・花婿美容を徹底解剖！】ブライダルエステは必要？ -->
                                【ニキビの種類と原因を解説！】繰り返しニキビを治すには？ -->
                                【ブライダルエステ】ドレスタイプ・悩み・予算別！花嫁・花婿美容 -->
                                【美肌ケア】フェイシャルお手入れの基本
                                【お酒とダイエット】ダイエット中の飲酒はやっぱり太る？ -->
                                【プロ徹底解説】“脚痩せ”はセルライトケアからが鉄則 -->
                                【意外と知らない！】生活環境にあふれる紫外線 -->
                                【腸活！】腸内環境改善で美肌＆ダイエット -->
                                【紫外線対策！】今も将来も美肌の秘訣 -->
                            
                        

                    

                    
                        エステコラム一覧へ
                    
                
            
        

        
        
            
             
	 
        ラ・パルレ エステのポイント",
parler,https://www.parler.co.jp/mens/column/column_013.html,column_013.html,2025-09-10T00:00:00+00:00,【むくみで太る！？】つらいむくみの原因と改善方法｜総合型エステのラ・パルレの美容と健康コラム,ラ・パルレがお届けする、あなたの毎日をすこやかにするための美容と健康コラム「【むくみで太る！？】つらいむくみの原因と改善方法」,"ブライダル,ダイエット,アルコール,食事,新陳代謝,美肌,大人ニキビ,美容,健康,コラム,パルレ,ラパルレ","Title text
                Title Sub text","管理栄養士なな先生 | ≪目次≫ | むくみの原因6選 | むくみの改善方法〈食事編〉 | むくみの改善方法〈運動編〉 | むくみの改善方法〈その他〉 | まとめ
                            
                            
                                
                                    むくみには様々な原因と改善方法があります。まず心当たりのある原因からその改善方法を試してみましょう。むくみは辛いだけでなく、老廃物が蓄積することによるセルライトの形成や体温の低下、それに伴う代謝の低下などにつながります。むくまないような生活習慣を心掛け、むくんでしまったらその日のうちに排泄し、健康的な美ボディを目指しましょう。
                                
                            
                        

                        
                            
                                あわせて読みたい
                            
                            
                                【痩せて綺麗になりたい人必見！】ダイエット食の基本！ -->
                                【乾燥対策！】揺らがない“うるおい美肌”を手に入れる方法 -->
                                【美人の必須条件！】姿勢改善で速攻！見た目痩せ -->
                                【花嫁・花婿美容を徹底解剖！】ブライダルエステは必要？ -->
                                【ニキビの種類と原因を解説！】繰り返しニキビを治すには？ -->
                                【ブライダルエステ】ドレスタイプ・悩み・予算別！花嫁・花婿美容 -->
                                【美肌ケア】フェイシャルお手入れの基本 -->
                                【お酒とダイエット】ダイエット中の飲酒はやっぱり太る？
                                【プロ徹底解説】“脚痩せ”はセルライトケアからが鉄則 -->
                                【意外と知らない！】生活環境にあふれる紫外線 -->
                                【腸活！】腸内環境改善で美肌＆ダイエット
                                【紫外線対策！】今も将来も美肌の秘訣 -->
                                【むくみで太る！？】つらいむくみの原因と改善方法 -->
                            
                        
                    

                    
                        エステコラム一覧へ
                    
                
            
        

        
        
            
             
	 
        ラ・パルレ エステのポイント | みなさまのエステの質問にお答えするFAQ",
parler,https://www.parler.co.jp/mens/column/column_014.html,column_014.html,2025-09-29T00:00:00+00:00,【身体をリセット】ダイエットに効果的な朝食のとり方｜総合型エステのラ・パルレの美容と健康コラム,ラ・パルレがお届けする、あなたの毎日をすこやかにするための美容と健康コラム「【身体をリセット】ダイエットに効果的な朝食のとり方」,"ブライダル,ダイエット,アルコール,食事,新陳代謝,美肌,大人ニキビ,美容,健康,コラム,パルレ,ラパルレ","Title text
                Title Sub text",管理栄養士なな先生 | ≪目次≫ | ダイエットで朝食をとったほうがいいと言われる理由2選 | 朝食は何を食べる？ | 朝食のおすすめメニュー | 朝食の量と3食のバランス | 朝食の時間帯 | まとめ,
parler,https://www.parler.co.jp/mens/column/column_015.html,column_015.html,2025-11-18T15:00:00+00:00,【もう太らない!?】意外な糖質の秘密と正しい摂り方｜総合型エステのラ・パルレの美容と健康コラム,ラ・パルレがお届けする、あなたの毎日をすこやかにするための美容と健康コラム「【もう太らない!?】意外な糖質の秘密と正しい摂り方」。糖質の基礎知識から、摂りすぎ・不足のデメリット、ダイエット中の目安量や太りにくい食べ方まで分かりやすく解説します。,"糖質,炭水化物,ダイエット,血糖値,糖尿病,太りにくい食べ方,甘味料,美容,健康,コラム,パルレ,ラパルレ",【もう太らない!?】意外な糖質の秘密と正しい摂り方,管理栄養士なな先生 | ≪目次≫ | 糖質とは | 糖質の働き | 糖質を摂りすぎると | 糖質が不足すると | 糖質の種類 | 糖類ゼロって？,
ginza-blv,https://www.ginza-blv.jp/column/%e3%83%96%e3%83%a9%e3%82%a4%e3%83%80%e3%83%ab%e7%97%a9%e8%ba%ab%e3%82%a8%e3%82%b9%e3%83%86%e3%81%a7%e7%90%86%e6%83%b3%e3%81%ae%e8%8a%b1%e5%ab%81%e5%a7%bf%e3%81%b8%ef%bc%81%e6%8c%99%e5%bc%8f%e5%89%8d/,ブライダル痩身エステで理想の花嫁姿へ！挙式前,,ブライダル痩身エステで理想の花嫁姿へ！挙式前に受けたい人気ケアと選び方｜エステサロン GINZA BLV(ギンザブルー),「ウエディングドレスをキレイに着たい」「背中や二の腕をスッキリ見せたい」「結婚式までにボディラインを整えたい」そんな花嫁から人気を集めているのが“ブライダル痩身エステ”です。ブライダルエステは、通常のエステとは異なり、挙式や前撮りという“...,,,コラム | ブライダル痩身エステとは？ | 花嫁が気になる部位ランキング | 痩身ブライダルエステで人気の施術メニュー | 二の腕・背中ケアが人気の理由 | ブライダルエステはいつから始めるべき？ | 1日集中・短期プランは効果ある？ | 費用相場と予算の考え方,
ginza-blv,https://www.ginza-blv.jp/column/%e5%89%8d%e3%82%82%e3%82%82%e3%81%ae%e5%bc%b5%e3%82%8a%e3%82%92%e7%b4%b0%e3%81%8f%e3%81%97%e3%81%9f%e3%81%84%e4%ba%ba%e5%bf%85%e8%a6%8b%ef%bc%81%e8%87%aa%e5%ae%85%e3%81%a7%e7%b0%a1%e5%8d%98%e3%81%ab/,前ももの張りを細くしたい人必見！自宅で簡単に,,前ももの張りを細くしたい人必見！自宅で簡単にできるストレッチ&トレーニングで美脚へ！｜エステサロン GINZA BLV(ギンザブルー),「ダイエットしても脚だけ痩せにくい」「前ももが張って太く見える」「スクワットをすると逆に脚が太くなった気がする」そんな悩みを抱える女性は非常に多いです。実は、前ももの張りは脂肪だけでなく、大腿四頭筋の使いすぎや反り腰、猫背、骨盤の...,,,コラム | 前ももが張る原因とは | 美脚を目指すストレッチのやり方 | 前もも痩せに効果的なトレーニング | セルライト・むくみ対策も重要 | 自宅でできるセルフケア方法 | 前もも張り改善で得られるメリット | 注意点と継続のポイント,
ginza-blv,https://www.ginza-blv.jp/column/%e7%97%a9%e8%ba%ab%e3%82%a8%e3%82%b9%e3%83%86%e3%81%af%e5%8a%b9%e6%9e%9c%e6%8c%81%e7%b6%9a%e3%81%99%e3%82%8b%ef%bc%9f%e3%81%8a%e3%81%99%e3%81%99%e3%82%81%e9%a0%bb%e5%ba%a6%e3%81%a8%e3%83%aa%e3%83%90/,痩身エステは効果持続する？おすすめ頻度とリバ,,痩身エステは効果持続する？おすすめ頻度とリバウンド対策を解説｜エステサロン GINZA BLV(ギンザブルー),「痩身エステって本当に効果は持続するの？」「1回でも実感できる？」「リバウンドしない方法は？」そんな疑問を持つ女性は非常に多いです。痩身エステは、セルライトや脂肪、むくみへ直接アプローチし、ボディラインを整える人気の美容ケアですが、効果を...,,,コラム | 痩身エステの効果はなぜ実感しやすいのか | 効果持続に必要な通う頻度とは | 痩身エステ後に意識したい生活習慣 | リバウンドしにくい身体を作るポイント | 痩身エステで人気の施術メニュー | サロン選びで確認したいポイント | よくある質問,
ginza-blv,https://www.ginza-blv.jp/column/%e3%81%b5%e3%81%8f%e3%82%89%e3%81%af%e3%81%8e%e3%82%92%e7%b4%b0%e3%81%8f%e3%81%97%e3%81%9f%e3%81%84%e4%ba%ba%e5%bf%85%e8%a6%8b%ef%bc%81%e3%83%9e%e3%83%83%e3%82%b5%e3%83%bc%e3%82%b8%e3%81%a7%e3%82%80/,ふくらはぎを細くしたい人必見！マッサージでむ,,ふくらはぎを細くしたい人必見！マッサージでむくみを解消して美脚を目指す方法｜エステサロン GINZA BLV(ギンザブルー),ふくらはぎが太く見える原因は、脂肪だけではなく「むくみ」や「筋肉の硬直」が大きく関係しています。デスクワークや立ち仕事などで長時間同じ姿勢を続けると、血液やリンパの流れが滞り、老廃物が排出されにくくなります。その結果、ふくらはぎが...,,,コラム | ふくらはぎが太くなる原因とは | マッサージの基本的な流れ | マッサージを効果的にするポイント | ふくらはぎマッサージの効果 | 生活習慣の見直しでさらに細く | 冷え性・むくみを防ぐ簡単ケア | ふくらはぎを細く保つために大切なこと,
ginza-blv,https://www.ginza-blv.jp/column/%e3%82%a8%e3%82%b9%e3%83%86%e3%81%a8%e3%83%aa%e3%83%a9%e3%82%af%e3%82%bc%e3%83%bc%e3%82%b7%e3%83%a7%e3%83%b3%e3%81%ae%e9%81%95%e3%81%84%e3%81%a8%e3%81%af%ef%bc%9f%e7%9b%ae%e7%9a%84%e3%83%bb%e6%96%bd/,エステとリラクゼーションの違いとは？目的・施,,エステとリラクゼーションの違いとは？目的・施術内容・選び方をわかりやすく解説｜エステサロン GINZA BLV(ギンザブルー),「エステとリラクゼーションって何が違うの？」「マッサージを受けるならどちらがおすすめ？」と疑問に感じる人は多いです。どちらも身体を整えるサロンですが、目的や施術内容、アプローチ方法には明確な違いがあります。エステサロンは美容や痩身、フェイ...,,,コラム | エステとリラクゼーションの目的の違い | 施術内容の違いとは | 資格や国家資格の違い | エステがおすすめな人とは | リラクゼーションがおすすめな人とは | サロン選びのポイント | 2026年注目の美容＆リラクゼーション傾向,
ginza-blv,https://www.ginza-blv.jp/column/%e7%97%a9%e8%ba%ab%e3%82%a8%e3%82%b9%e3%83%86%e3%81%af%e6%9c%881%e3%81%a7%e3%82%82%e5%8a%b9%e6%9e%9c%e3%81%82%e3%82%8b%ef%bc%9f%e9%80%9a%e3%81%86%e9%a0%bb%e5%ba%a6%e3%81%a8%e6%8c%81%e7%b6%9a%e3%81%ae/,痩身エステは月1でも効果ある？通う頻度と持続の,,痩身エステは月1でも効果ある？通う頻度と持続のコツを徹底解説｜エステサロン GINZA BLV(ギンザブルー),「痩身エステって、月1回のペースでも効果あるの？」そんな疑問を抱く人も本当に多いと思います。実際、仕事や家事に追われる中で、週に何度も通うのは難しいもの。しかし、痩身エステは通い方と生活習慣を工夫すれば、月1でも効果を実感...,,,コラム | 痩身エステの基本 どんな効果があるの？ | どれくらいの頻度で通うのが理想？ | 月1でも効果を出す人が実践していること | 実際、月1ペースでどのくらい痩せる？ | 痩身エステの人気施術、メニュー例 | 月1通いでも失敗しないポイント | よくある質問（FAQ）,
ginza-blv,https://www.ginza-blv.jp/column/%e6%af%9b%e7%a9%b4%e3%82%92%e5%b0%8f%e3%81%95%e3%81%8f%e3%81%99%e3%82%8b%e3%82%a8%e3%82%b9%e3%83%86%e3%81%a7%e7%90%86%e6%83%b3%e3%81%ae%e3%81%a4%e3%82%8b%e3%81%99%e3%81%b9%e8%82%8c%e3%81%b8%ef%bc%81/,毛穴を小さくするエステで理想のつるすべ肌へ！,,毛穴を小さくするエステで理想のつるすべ肌へ！黒ずみ、開き、たるみを徹底ケア｜エステサロン GINZA BLV(ギンザブルー),毛穴の開きや黒ずみ、皮脂詰まりで悩んでいませんか？そんなお悩みをお持ちの方に人気なのが「毛穴を小さくするエステ」です。エステサロンでは、洗浄、吸引、導入、引き締めの4ステップで毛穴を根本からケアし、キメの整った透明感のある肌へ導きます。普...,,,コラム | 毛穴が目立つ原因と対策 | 毛穴を小さくするエステの仕組み | 施術の流れ | 効果とメリット | おすすめのメニュー | エステの選び方 | よくある質問,
ginza-blv,https://www.ginza-blv.jp/column/%e3%82%bb%e3%83%ab%e3%83%a9%e3%82%a4%e3%83%88%e3%82%92%e4%ba%8c%e3%81%ae%e8%85%95%e3%81%8b%e3%82%89%e5%be%b9%e5%ba%95%e9%99%a4%e5%8e%bb%ef%bc%81%e3%81%99%e3%81%a3%e3%81%8d%e3%82%8a%e5%bc%95%e3%81%8d/,セルライトを二の腕から徹底除去！すっきり引き,,セルライトを二の腕から徹底除去！すっきり引き締めて理想の美腕に近づく方法｜エステサロン GINZA BLV(ギンザブルー),二の腕のぷよぷよした脂肪やボコボコとした肌の凹凸、それは「セルライト」が原因かもしれません。セルライトは一度できると自然には落ちにくく、放置すると腕全体が太く見える原因になります。特に薄着の季節やブライダルシーンでは気になる部...,,,コラム | セルライトが二の腕にできやすい理由 | 自宅でできる二の腕セルライト対策 | セルライト対策を成功させるセルフケアとトレーニング | 理想の二の腕をキープする生活習慣 | 食生活とダイエットの関係 | エステでのプロフェッショナルケア | さらに効果を高めるためのプロフェッショナルアプローチ,
ginza-blv,https://www.ginza-blv.jp/column/%e3%83%80%e3%82%a4%e3%82%a8%e3%83%83%e3%83%88%e4%b8%ad%e3%81%ab%e3%81%8a%e3%81%99%e3%81%99%e3%82%81%e3%81%ae%e9%a3%9f%e3%81%b9%e7%89%a9%e3%81%a8%e6%ad%a3%e3%81%97%e3%81%84%e9%a3%9f%e4%ba%8b%e6%96%b9/,ダイエット中におすすめの食べ物と正しい食事方,,ダイエット中におすすめの食べ物と正しい食事方法｜エステサロン GINZA BLV(ギンザブルー),ダイエットを成功させるためには、運動よりも食事の見直しが重要です。食べる量を減らすだけでは代謝が落ち、リバウンドしやすい体になってしまいます。正しい食べ方と食材選びを意識することで、健康的に脂肪を燃やし、理想の体型に近づくことができます。...,,,コラム | ダイエット中に意識すべき食事バランス | 痩せやすい体を作るおすすめの食材 | 避けたい食べ物と注意点 | 忙しい人におすすめのダイエット食事法 | リバウンドを防ぐためのポイント | 栄養を味方につけるダイエットの工夫 | 食習慣とダイエットの関係,
ginza-blv,https://www.ginza-blv.jp/column/%e8%84%9a%e7%97%a9%e3%81%9b%e3%82%a8%e3%82%b9%e3%83%86%e3%81%a7%e3%81%b5%e3%81%8f%e3%82%89%e3%81%af%e3%81%8e%e3%82%92%e3%82%b9%e3%83%83%e3%82%ad%e3%83%aa%ef%bc%81%e3%82%80%e3%81%8f%e3%81%bf%e3%80%81/,脚痩せエステでふくらはぎをスッキリ！むくみ、,,脚痩せエステでふくらはぎをスッキリ！むくみ、脂肪、セルライトを徹底撃退｜エステサロン GINZA BLV(ギンザブルー),ふくらはぎや太もも、お尻まわりの脂肪が気になる人に人気なのが「脚痩せエステ」。むくみや筋肉の張り、冷えなどの下半身トラブルを改善し、スッキリした美脚ラインを叶えるための専用ケアが揃っているのが魅力です。さらに美容マシンやハンドマッサージ、...,,,コラム | 脚が太くなる原因 | 脚痩せエステの魅力 | 脚痩せエステの仕組み | 期待できる効果 | 人気メニュー | 施術の流れ | サロン選びのポイント,
ginza-blv,https://www.ginza-blv.jp/column/%e3%82%a8%e3%82%b9%e3%83%86%e3%82%b5%e3%83%ad%e3%83%b3%e3%81%ae%e6%af%9b%e7%a9%b4%e6%b4%97%e6%b5%84%e3%81%a7%e3%82%b9%e3%83%83%e3%82%ad%e3%83%aa%e7%be%8e%e8%82%8c%ef%bc%81%e9%bb%92%e3%81%9a%e3%81%bf/,エステサロンの毛穴洗浄でスッキリ美肌！黒ずみ,,エステサロンの毛穴洗浄でスッキリ美肌！黒ずみ、角栓を徹底除去する最新ケア｜エステサロン GINZA BLV(ギンザブルー),毛穴の黒ずみや角栓詰まり、皮脂汚れが気になる人に人気なのが、エステサロンで行う毛穴洗浄ケアです。普段の洗顔やクレンジングでは落としきれない汚れを、専用マシンとプロの手技で徹底除去。毛穴の奥からスッキリとリセットし、透明感のある美肌へ導きま...,,,コラム | 毛穴洗浄エステとは | 毛穴洗浄の効果 | 施術の流れ | 人気メニュー例 | 毛穴洗浄エステが選ばれる理由 | サロン選びのポイント | よくある質問,
ginza-blv,https://www.ginza-blv.jp/column/%e3%83%96%e3%83%a9%e3%82%a4%e3%83%80%e3%83%ab%e3%82%a8%e3%82%b9%e3%83%86%e3%81%a7%e6%af%9b%e7%a9%b4%e3%82%b1%e3%82%a2%ef%bc%81%e7%b5%90%e5%a9%9a%e5%bc%8f%e5%89%8d%e3%81%ab%e8%bc%9d%e3%81%8f%e7%b4%a0/,ブライダルエステで毛穴ケア！結婚式前に輝く素,,ブライダルエステで毛穴ケア！結婚式前に輝く素肌を手に入れる方法｜エステサロン GINZA BLV(ギンザブルー),結婚式は一生に一度の大切な日。花嫁の肌が最も美しく見えるように整えるために、ブライダルエステでの毛穴ケアは欠かせません。ドレスやメイクを完璧に仕上げても、毛穴の黒ずみや開きがあると印象が下がってしまうため、挙式直前の集中ケアとして注目され...,,,コラム | ブライダルエステで毛穴ケアが人気の理由 | 毛穴ケアの施術内容 | こんな人におすすめ | 毛穴ケアにおすすめのブライダルプラン | 施術のタイミングと回数の目安 | ブライダルエステのメリット | 施術の注意点,
ginza-blv,https://www.ginza-blv.jp/column/%e5%85%89%e3%82%a8%e3%82%b9%e3%83%86%e3%81%a7%e6%af%9b%e7%a9%b4%e3%82%92%e5%bc%95%e3%81%8d%e7%b7%a0%e3%82%81%ef%bc%81%e9%80%8f%e6%98%8e%e6%84%9f%e3%81%a8%e3%83%8f%e3%83%aa%e3%82%92%e5%8f%96%e3%82%8a/,光エステで毛穴を引き締め！透明感とハリを取り,,光エステで毛穴を引き締め！透明感とハリを取り戻す効果的なケア方法｜エステサロン GINZA BLV(ギンザブルー),毛穴の開き、黒ずみ、くすみなどの肌トラブルに悩む人に人気を集めているのが「光エステ（フォトフェイシャル）」です。IPLと呼ばれる特殊な光を照射し、肌内部のコラーゲン生成を促進することで、毛穴の引き締めや美白効果を実感できます。紫外...,,,コラム | 光エステの仕組み | 施術の流れ | 期待できる効果 | エステで光ケアを受けるメリット | 注意点とアフターケア | サロン選びのポイント | Q&amp;A（よくある質問）,
ginza-blv,https://www.ginza-blv.jp/column/%e3%83%a1%e3%83%a9%e3%83%8b%e3%83%b3%e6%af%9b%e7%a9%b4%e3%82%92%e5%be%b9%e5%ba%95%e3%82%b1%e3%82%a2%ef%bc%81%e7%be%8e%e7%99%bd%e3%83%95%e3%82%a7%e3%82%a4%e3%82%b7%e3%83%a3%e3%83%ab%e3%82%a8%e3%82%b9/,メラニン毛穴を徹底ケア！美白フェイシャルエス,,メラニン毛穴を徹底ケア！美白フェイシャルエステで透明感あふれる肌へ｜エステサロン GINZA BLV(ギンザブルー),毛穴の黒ずみやくすみの原因の一つが「メラニン毛穴」です。紫外線や摩擦、乾燥などによってメラニンが沈着し、毛穴が黒く見える状態を指します。こうした色素トラブルを根本から改善したい人に選ばれているのが、beauty salonによるフェイシャ...,,,コラム | 施術の流れ | 期待できる効果 | サロン選びのポイント | エステとクリニックの違い | アフターケアのポイント | こんな人におすすめ | まとめ,
ginza-blv,https://www.ginza-blv.jp/column/%e3%82%a8%e3%82%b9%e3%83%86%e3%81%ae%e6%af%9b%e7%a9%b4%e3%82%b1%e3%82%a2%e5%8a%b9%e6%9e%9c%e3%82%92%e5%be%b9%e5%ba%95%e8%a7%a3%e8%aa%ac%ef%bc%81%e6%b1%9a%e3%82%8c%e3%80%81%e8%a7%92%e8%b3%aa%e3%80%81/,エステの毛穴ケア効果を徹底解説！汚れ、角質、,,エステの毛穴ケア効果を徹底解説！汚れ、角質、皮脂詰まりを根本から改善する方法｜エステサロン GINZA BLV(ギンザブルー),毛穴の黒ずみ、角栓、皮脂詰まりなどの悩みを根本から改善したい人に選ばれているのが、beauty salonによる毛穴ケアエステです。普段のスキンケアでは落としきれない汚れを、専用のマシンやピーリング、吸引を用いて洗浄し、肌...,,,コラム | 施術の流れ | 期待できる効果 | 毛穴ケアが必要な理由 | サロン選びのポイント | エステとセルフケアの違い | 注意点とアフターケア | こんな人におすすめ,
ginza-blv,https://www.ginza-blv.jp/column/%e3%81%9f%e3%82%8b%e3%81%bf%e6%af%9b%e7%a9%b4%e3%82%92%e5%be%b9%e5%ba%95%e6%94%b9%e5%96%84%ef%bc%81%e3%82%a8%e3%82%b9%e3%83%86%e3%81%a7%e3%83%8f%e3%83%aa%e3%80%81%e5%bc%be%e5%8a%9b%e3%82%92%e5%8f%96/,たるみ毛穴を徹底改善！エステでハリ、弾力を取,,たるみ毛穴を徹底改善！エステでハリ、弾力を取り戻して若々しい美肌へ｜エステサロン GINZA BLV(ギンザブルー),年齢とともに目立つ「たるみ毛穴」。皮脂の分泌やハリの低下によって、毛穴が縦に伸びて目立ちやすくなります。自宅ケアでは限界があるこの悩みも、エステの専門施術で根本から改善が可能です。ここでは、たるみ毛穴に効果的なエステ施術内容や通い方のポイ...,,,コラム | たるみ毛穴の原因 | エステでのたるみ毛穴改善施術 | 施術の流れ | こんな人におすすめ | よくある質問（Q&amp;A） | アフターケアのポイント | まとめ,
ginza-blv,https://www.ginza-blv.jp/column/%e6%af%9b%e7%a9%b4%e3%81%ae%e9%96%8b%e3%81%8d%e3%82%92%e5%be%b9%e5%ba%95%e6%94%b9%e5%96%84%ef%bc%81%e3%82%a8%e3%82%b9%e3%83%86%e3%81%a7%e3%82%ad%e3%83%a5%e3%83%83%e3%81%a8%e5%bc%95%e3%81%8d%e7%b7%a0/,毛穴の開きを徹底改善！エステでキュッと引き締,,毛穴の開きを徹底改善！エステでキュッと引き締まった美肌へ導く｜エステサロン GINZA BLV(ギンザブルー),毛穴の開きは、皮脂の過剰分泌や乾燥、ターンオーバーの乱れが主な原因です。ホームケアでは落としきれない汚れや詰まりも、エステサロンの専門施術なら根本から改善できます。ここでは、毛穴の開きを引き締める効果的なエステケアの流れやポイントを紹介し...,,,コラム | 毛穴の開きが起こる原因 | エステでの毛穴開き改善施術 | 施術の流れ | こんな人におすすめ | よくある質問（Q&amp;A） | アフターケアのポイント | まとめ,
ginza-blv,https://www.ginza-blv.jp/column/%e3%83%8b%e3%82%ad%e3%83%93%e3%80%81%e6%af%9b%e7%a9%b4%e3%82%b1%e3%82%a2%e3%81%a7%e3%81%a4%e3%82%8b%e3%81%99%e3%81%b9%e7%b4%a0%e8%82%8c%e3%81%ab%ef%bc%81%e3%83%95%e3%82%a7%e3%82%a4%e3%82%b7%e3%83%a3/,ニキビ、毛穴ケアでつるすべ素肌に！フェイシャ,,ニキビ、毛穴ケアでつるすべ素肌に！フェイシャルエステで根本から改善する方法｜エステサロン GINZA BLV(ギンザブルー),繰り返すニキビや毛穴の黒ずみ、開き、詰まりなどの肌トラブルに悩む人に人気なのが、beauty salonによるフェイシャルエステです。サロンならではの洗浄・導入・マッサージを組み合わせた施術で、皮脂や角質の汚れを徹底除去し、美白やハリ、ツ...,,,コラム | 施術の流れ | 期待できる効果 | サロン選びのポイント | こんな人におすすめ | エステとクリニック（美容皮膚科）の違い | アフターケアとホームケアのコツ | まとめ,
ginza-blv,https://www.ginza-blv.jp/column/%e6%af%9b%e7%a9%b4%e3%83%94%e3%83%bc%e3%83%aa%e3%83%b3%e3%82%b0%e3%82%a8%e3%82%b9%e3%83%86%e3%81%a7%e3%81%a4%e3%82%8b%e3%81%a4%e3%82%8b%e7%b4%a0%e8%82%8c%e3%81%b8%ef%bc%81%e5%8f%a4%e3%81%84%e8%a7%92/,毛穴ピーリングエステでつるつる素肌へ！古い角,,毛穴ピーリングエステでつるつる素肌へ！古い角質を落として透明感を引き出す方法｜エステサロン GINZA BLV(ギンザブルー),毛穴の黒ずみ、角栓、乾燥肌などの肌悩みを根本から取り除きたい人に人気なのが、beauty salonによる「毛穴ピーリングエステ」です。スチーム洗浄やハンドマッサージ、シェービングを組み合わせることで、毛穴の汚れをすっきり...,,,コラム | 施術の流れ | 期待できる効果 | サロン選びのポイント | こんな人におすすめ | よくある質問 | アフターケアのポイント | 体験のリアルと通いやすさ,
ginza-blv,https://www.ginza-blv.jp/column/%e6%af%9b%e7%a9%b4%e3%81%ae%e9%bb%92%e3%81%9a%e3%81%bf%e3%80%81%e8%a7%92%e6%a0%93%e3%82%92%e5%be%b9%e5%ba%95%e3%82%aa%e3%83%95%ef%bc%81%e3%82%a8%e3%82%b9%e3%83%86%e3%81%a7%e5%8f%b6%e3%81%88%e3%82%8b/,毛穴の黒ずみ、角栓を徹底オフ！エステで叶える,,毛穴の黒ずみ、角栓を徹底オフ！エステで叶えるつるすべ素肌ケア｜エステサロン GINZA BLV(ギンザブルー),毛穴の黒ずみ、角栓、くすみなどが気になるとき、洗顔やホームケアだけでは落としきれない汚れが残っていることがあります。そんなときに効果的なのが、専門のエステサロンによる毛穴ケア。プロの技術と美容マシンを組み合わせることで、毛穴の奥に詰まった...,,,コラム | 施術の流れ | 期待できる効果 | サロン選びのポイント | 施術プランの種類 | こんな人におすすめ | よくある質問 | アフターケアのポイント,
ginza-blv,https://www.ginza-blv.jp/column/%e6%af%9b%e7%a9%b4%e3%82%b1%e3%82%a2%e3%82%a8%e3%82%b9%e3%83%86%e3%81%af%e3%81%a9%e3%81%ae%e3%81%8f%e3%82%89%e3%81%84%e3%81%ae%e9%a0%bb%e5%ba%a6%e3%81%8c%e7%90%86%e6%83%b3%ef%bc%9f%e3%83%aa%e3%83%95/,毛穴ケアエステはどのくらいの頻度が理想？リフ,,毛穴ケアエステはどのくらいの頻度が理想？リフトアップも叶える美肌メンテナンス法｜エステサロン GINZA BLV(ギンザブルー),毛穴の開きや黒ずみ、たるみなどの悩みは、放っておくと目立ちやすくなります。定期的な毛穴ケアエステを続けることで、肌のターンオーバーが整い、透明感やハリがアップします。ここでは、最適な通う頻度やリラクゼーション効果、リフトアップまで叶える毛...,,,コラム | 毛穴ケアエステの効果と目的 | 通う頻度の目安とリズム | 施術の流れとポイント | ホームケアとエステの併用 | よくある質問（Q&amp;A） | リフトアップと毛穴ケアの相乗効果 | 施術を継続するメリット,
ginza-blv,https://www.ginza-blv.jp/column/%e6%af%9b%e7%a9%b4%e3%82%92%e3%82%ad%e3%83%a5%e3%83%83%e3%81%a8%e5%bc%95%e3%81%8d%e7%b7%a0%e3%82%81%e3%81%a6%e7%be%8e%e8%82%8c%e3%82%92%e7%9b%ae%e6%8c%87%e3%81%99%ef%bc%81%e6%af%8e%e6%97%a5%e3%81%ae/,毛穴をキュッと引き締めて美肌を目指す！毎日の,,毛穴をキュッと引き締めて美肌を目指す！毎日のケアで変わる毛穴レス習慣｜エステサロン GINZA BLV(ギンザブルー),毛穴の開きや黒ずみ、たるみは皮脂や角質の詰まり、乾燥によるハリ不足などが原因で起こります。毎日のスキンケアを見直すことで、毛穴レスなツヤ肌を目指せます。ここでは、毛穴を引き締めて美しく保つためのケア方法を紹介します。毛...,,,コラム | 毛穴が目立つ原因 | 正しい洗顔方法で清潔に保つ | 化粧水と美容液でうるおいとハリをプラス | 毛穴ケアの3ステップを意識する | 日常生活で意識すべきポイント | 引き締めケアアイテムの選び方 | 毛穴を引き締めるスキンケアの具体的なアプローチ,
ginza-blv,https://www.ginza-blv.jp/column/%e6%af%9b%e7%a9%b4%e3%81%ae%e9%bb%92%e3%81%9a%e3%81%bf%e3%82%92%e5%be%b9%e5%ba%95%e9%99%a4%e5%8e%bb%ef%bc%81%e3%82%a8%e3%82%b9%e3%83%86%e3%81%a7%e3%81%a4%e3%82%8b%e3%81%a4%e3%82%8b%e7%be%8e%e8%82%8c/,毛穴の黒ずみを徹底除去！エステでつるつる美肌,,毛穴の黒ずみを徹底除去！エステでつるつる美肌を取り戻す方法｜エステサロン GINZA BLV(ギンザブルー),毛穴の黒ずみや角栓の詰まりは、皮脂やメイク汚れの酸化が主な原因です。自宅ケアでは落としきれない汚れも、エステサロンの専門技術でスッキリ除去できます。ここでは、毛穴黒ずみ除去エステの効果、施術内容、おすすめメニュー、通い方まで徹底解説します...,,,コラム | 毛穴の黒ずみができる原因 | エステでの黒ずみ除去施術とは | 施術の流れとポイント | 黒ずみ除去に人気のメニュー | 多彩なエステメニューと特徴 | こんな人におすすめ | 施術後のアフターケアと注意点,
ginza-blv,https://www.ginza-blv.jp/column/%e3%81%8a%e3%81%97%e3%82%8a%e3%81%ae%e3%82%bb%e3%83%ab%e3%83%a9%e3%82%a4%e3%83%88%e3%82%92%e3%82%a8%e3%82%b9%e3%83%86%e3%81%a7%e5%be%b9%e5%ba%95%e6%92%83%e9%80%80%ef%bc%81%e3%82%aa%e3%83%bc%e3%83%80/,おしりのセルライトをエステで徹底撃退！オーダ,,おしりのセルライトをエステで徹底撃退！オーダーメイド施術で理想の美尻ラインへ｜エステサロン GINZA BLV(ギンザブルー),おしりにできるセルライトは、脂肪、老廃物、水分が絡み合って硬くなったもので、自宅ケアでは限界があります。特にデスクワークや運動不足の人は、血流が滞り、太ももやふくらはぎ、ヒップ周辺にセルライトが蓄積しやすい傾向。ここでは、痩身エステによる...,,,コラム | セルライトができる原因と放置のリスク | エステで行うおしりセルライト対策の流れ | 人気のマシンと施術技術 | エステサロンはこんな人におすすめ | 施術後の効果と注意点 | 全国各地で選ばれるエステサロンの特徴 | おしりセルライトケアで得られる効果,
ginza-blv,https://www.ginza-blv.jp/column/%e8%84%9a%e3%82%84%e3%81%9b%e3%82%a8%e3%82%b9%e3%83%86%e3%81%a7%e3%82%bb%e3%83%ab%e3%83%a9%e3%82%a4%e3%83%88%e3%82%92%e5%be%b9%e5%ba%95%e6%92%83%e9%80%80%ef%bc%81%e7%90%86%e6%83%b3%e3%81%ae%e7%be%8e/,脚やせエステでセルライトを徹底撃退！理想の美,,脚やせエステでセルライトを徹底撃退！理想の美脚を手に入れる方法｜エステサロン GINZA BLV(ギンザブルー),脚のむくみ、脂肪、セルライトによる凸凹は、放置すると年々目立ちやすくなります。そんな悩みを解消したい方に人気なのが「脚やせエステ」。プロの技術と最新マシンを組み合わせた痩身ケアで、下半身のボディラインを美しく整えられます。エステで...,,,コラム | エステで脚やせが叶う理由とメカニズム | 人気の脚やせメニューと特徴 | 脚やせ効果を高めるプロのアドバイス | カウンセリングから施術までの流れ | 最新技術で脚やせ効果を徹底サポート | 脚やせエステと自宅ケアの違い | サロン選びのポイントと注意点,
ginza-blv,https://www.ginza-blv.jp/column/%e3%83%a9%e3%82%b8%e3%82%aa%e6%b3%a2%e3%81%a7%e3%82%bb%e3%83%ab%e3%83%a9%e3%82%a4%e3%83%88%e3%82%92%e6%92%83%e9%80%80%ef%bc%81%e8%84%82%e8%82%aa%e7%87%83%e7%84%bc%e3%81%a8%e7%be%8e%e8%82%8c%e3%82%92/,ラジオ波でセルライトを撃退！脂肪燃焼と美肌を,,ラジオ波でセルライトを撃退！脂肪燃焼と美肌を叶える2025年最新エステケア｜エステサロン GINZA BLV(ギンザブルー),今回紹介する記事はエステサロンで人気のラジオ波です。基礎代謝を上げ、身体を太りにくくする、デメリットの少ない施術を改めて解説します！ラジオ波は体の深部まで温めて代謝を高め、脂肪燃焼と美肌の両方を実現できるのが特徴です。...,,,コラム | ラジオ波の仕組みとセルライトへの効果 | 施術の流れと時間の目安 | ラジオ波のメリットと注意点 | 他の施術との違いと組み合わせ効果 | 自宅でできるラジオ波セルフケア | ラジオ波が向いている人 | サロン選びと通うペース,
ginza-blv,https://www.ginza-blv.jp/column/%e3%81%b5%e3%81%8f%e3%82%89%e3%81%af%e3%81%8e%e3%81%ae%e3%82%bb%e3%83%ab%e3%83%a9%e3%82%a4%e3%83%88%e3%81%ab%e5%8a%b9%e3%81%8f%e3%82%a8%e3%82%b9%e3%83%86%e3%81%a8%e3%81%af%ef%bc%9f%e7%97%a9%e8%ba%ab/,ふくらはぎのセルライトに効くエステとは？痩身,,ふくらはぎのセルライトに効くエステとは？痩身ケアでむくみ、脂肪を徹底改善！｜エステサロン GINZA BLV(ギンザブルー),ふくらはぎのセルライトは、脂肪や老廃物が固まることで血行やリンパの流れを妨げ、むくみや冷えを引き起こします。自力のマッサージでは限界がありますが、エステサロンの痩身施術なら、専用マシンやハンドケアでピンポイントにアプローチ可能です。...,,,コラム | ふくらはぎエステの代表的な施術メニュー | ふくらはぎエステの効果と実感できる変化 | ブライダルエステとしてのふくらはぎケア | 痩身エステを選ぶ際のポイント | ふくらはぎセルライトケアの流れと所要時間 | 通いやすさ、店舗選びのコツ | 自宅でできるセルフケアの取り入れ方,
ginza-blv,https://www.ginza-blv.jp/column/%e3%82%ad%e3%83%a3%e3%83%93%e3%83%86%e3%83%bc%e3%82%b7%e3%83%a7%e3%83%b3%e3%81%a7%e3%82%bb%e3%83%ab%e3%83%a9%e3%82%a4%e3%83%88%e3%82%92%e6%92%83%e9%80%80%ef%bc%81%e8%84%82%e8%82%aa%e5%88%86%e8%a7%a3/,キャビテーションでセルライトを撃退！脂肪分解,,キャビテーションでセルライトを撃退！脂肪分解と引き締めを両立する最新エステ｜エステサロン GINZA BLV(ギンザブルー),セルライトや脂肪の凸凹に悩む人に人気なのが、キャビテーションを使った痩身エステ。超音波の振動を利用して脂肪細胞を分解し、老廃物として排出する仕組みで、運動では落ちにくいセルライトに直接アプローチできます。脂肪、むくみ、たるみを同時にケアで...,,,コラム | キャビテーションの仕組みと効果 | エステで受けるキャビテーション施術の流れ | キャビテーションと他施術の組み合わせ効果 | 家庭用キャビテーションの使い方と選び方 | エステと家庭用キャビテーションの違い | キャビテーションの注意点と安全性 | どんな人におすすめか,
ginza-blv,https://www.ginza-blv.jp/column/%e8%87%aa%e5%ae%85%e3%81%a7%e3%81%a7%e3%81%8d%e3%82%8b%e3%82%bb%e3%83%ab%e3%83%a9%e3%82%a4%e3%83%88%e3%82%b1%e3%82%a2%e5%ae%8c%e5%85%a8%e3%82%ac%e3%82%a4%e3%83%89%ef%bc%81%e5%a4%aa%e3%82%82%e3%82%82/,自宅でできるセルライトケア完全ガイド！太もも,,自宅でできるセルライトケア完全ガイド！太もも・お腹・二の腕までスッキリ美ボディに｜エステサロン GINZA BLV(ギンザブルー),「太ももやお尻のセルライトが気になるけど、エステに通うのが難しい」そんな人におすすめなのが、自宅でできるセルライトケアです。最近では、自宅用のマシンやマッサージクリーム、EMS機器などが進化し、エステサロンに匹敵する効果を得ること...,,,コラム | セルライトができる原因と改善の基本ポイント | 自宅でできるセルライトケアの方法 | 自宅セルライトケアで使えるおすすめアイテム | 自宅ケアのコツと注意点 | こんな人におすすめ | まとめ,
ginza-blv,https://www.ginza-blv.jp/column/%e3%81%8a%e8%85%b9%e3%81%ae%e3%82%bb%e3%83%ab%e3%83%a9%e3%82%a4%e3%83%88%e3%82%92%e5%be%b9%e5%ba%95%e3%82%b1%e3%82%a2%ef%bc%81%e3%82%a8%e3%82%b9%e3%83%86%e3%81%a7%e5%8f%b6%e3%81%88%e3%82%8b%e5%bc%95/,お腹のセルライトを徹底ケア！エステで叶える引,,お腹のセルライトを徹底ケア！エステで叶える引き締まったボディライン｜エステサロン GINZA BLV(ギンザブルー),「お腹だけがどうしても痩せない」そんな悩みを持つ人におすすめなのが、お腹専用のセルライトエステです。脂肪が付きやすく、落ちにくいお腹周りはセルライトができやすい部位の一つ。最新のエステ機器と熟練のハンド技術を組み合...,,,コラム | なぜお腹にセルライトができやすいのか | エステでのセルライト除去アプローチ | お腹痩身エステの効果 | 最新マシンと施術法の特徴 | お腹エステの流れ | 自宅ケアとの違い | 痛みやリスクはある？,
ginza-blv,https://www.ginza-blv.jp/column/%e3%82%a8%e3%82%b9%e3%83%86%e3%81%a7%e3%82%bb%e3%83%ab%e3%83%a9%e3%82%a4%e3%83%88%e3%82%92%e9%99%a4%e5%8e%bb%e3%81%99%e3%82%8b%e6%96%b9%e6%b3%95%e3%81%a8%e5%8a%b9%e6%9e%9c%e3%82%92%e5%be%b9%e5%ba%95/,エステでセルライトを除去する方法と効果を徹底,,エステでセルライトを除去する方法と効果を徹底解説｜エステサロン GINZA BLV(ギンザブルー),「太ももの裏やお尻の凸凹が気になる」「ダイエットしてもセルライトがなくならない」そんな悩みを抱える人は多いでしょう。セルライトとは、脂肪と老廃物が絡み合って硬くなったもの。一度できると自力では落としにくく、放置する...,,,コラム | セルライトができる原因 | 痩身エステでのセルライト除去とは？ | セルライト除去の流れ | 痛みはある？実際の体感 | 効果を高めるためのポイント | セルライト除去で得られる効果 | よくある質問（FAQ）,
ginza-blv,https://www.ginza-blv.jp/column/%e5%a4%aa%e3%82%82%e3%82%82%e3%81%ae%e3%82%bb%e3%83%ab%e3%83%a9%e3%82%a4%e3%83%88%e3%82%a8%e3%82%b9%e3%83%86%e3%81%a7%e7%90%86%e6%83%b3%e3%81%ae%e7%be%8e%e8%84%9a%e3%81%b8/,太もものセルライトエステで理想の美脚へ,,太もものセルライトエステで理想の美脚へ｜エステサロン GINZA BLV(ギンザブルー),太ももの裏にできるセルライトや、脚全体のむくみ、脂肪が落ちにくいといった悩みを持つ人は多くいます。「ダイエットしても太ももだけ痩せない」「マッサージしてもすぐ戻る」という経験がある方も少なくないでしょう。そんな頑固な太もも...,,,コラム | 太ももにセルライトができる原因 | 太もものセルライトエステで得られる効果 | 痩身エステの主な施術内容 | 施術の流れと体験の流れ | 痛みやリスクはある？ | 効果を高めるためのコツ | 太もものセルライト除去におすすめの施術コース,
ginza-blv,https://www.ginza-blv.jp/column/%e4%ba%8c%e3%81%ae%e8%85%95%e3%82%bb%e3%83%ab%e3%83%a9%e3%82%a4%e3%83%88%e3%82%92%e3%82%b9%e3%83%83%e3%82%ad%e3%83%aa%ef%bc%81%e3%82%a8%e3%82%b9%e3%83%86%e3%81%a7%e5%8f%b6%e3%81%88%e3%82%8b%e5%bc%95/,二の腕セルライトをスッキリ！エステで叶える引,,二の腕セルライトをスッキリ！エステで叶える引き締まった腕づくり｜エステサロン GINZA BLV(ギンザブルー),鏡を見るたびに気になる「二の腕のたるみ」。ダイエットをしても腕だけが痩せにくく、セルライトが残ってしまう人も多いですよね。そんな悩みに応えてくれるのが、二の腕セルライト専用エステです。エステサロンでは、マシンとハン...,,,コラム | なぜ二の腕はセルライトができやすいのか | エステでの二の腕セルライト除去とは | 二の腕痩せエステの効果 | 二の腕セルライト除去が人気の理由 | 二の腕セルライトエステの流れ | 自宅ケアとの違い | 痛みはある？安心して通うためのポイント,
ginza-blv,https://www.ginza-blv.jp/column/%e8%84%9a%e3%82%84%e3%81%9b%e3%82%a8%e3%82%b9%e3%83%86%e3%81%a7%e3%82%bb%e3%83%ab%e3%83%a9%e3%82%a4%e3%83%88%e3%82%92%e5%be%b9%e5%ba%95%e9%99%a4%e5%8e%bb%ef%bc%81%e7%90%86%e6%83%b3%e3%81%ae%e7%be%8e/,脚やせエステでセルライトを徹底除去！理想の美,,脚やせエステでセルライトを徹底除去！理想の美脚を叶える｜エステサロン GINZA BLV(ギンザブルー),脚のむくみやセルライトに悩んでいませんか？「ダイエットしても脚だけ痩せない」「運動しても太ももがスッキリしない」という人は多いもの。それは、脂肪や老廃物が絡みついたセルライトが原因かもしれません。そんな頑固なセルラ...,,,コラム | 脚が太く見える原因とセルライトの関係 | エステで脚やせする仕組み | 施術の流れと体験の内容 | 痛みはある？気になる疑問を解説 | 効果を高めるためのポイント | 人気の脚やせエステメニュー | よくある質問（FAQ）,
ginza-blv,https://www.ginza-blv.jp/column/%e3%82%bb%e3%83%ab%e3%83%a9%e3%82%a4%e3%83%88%e9%99%a4%e5%8e%bb%e3%82%a8%e3%82%b9%e3%83%86%e3%81%af%e7%97%9b%e3%81%84%ef%bc%9f%e6%96%bd%e8%a1%93%e3%81%ae%e7%97%9b%e3%81%bf%e3%81%a8%e5%8a%b9%e6%9e%9c/,セルライト除去エステは痛い？施術の痛みと効果,,セルライト除去エステは痛い？施術の痛みと効果の真実を徹底解説｜エステサロン GINZA BLV(ギンザブルー),「セルライト除去エステって痛いの？」そう感じて不安になる人は少なくありません。実際、セルライトは脂肪細胞と老廃物が固まり、皮膚の下で硬くなっているため、マッサージや吸引などで刺激を与えると痛みを感じることがあるのです。...,,,コラム | セルライト除去が痛いと感じる理由 | 施術によって痛みが異なる | 痛みを軽減するためのポイント | 痛み＝効いている？その誤解 | 痛みが少ないおすすめのセルライト除去メニュー | 通う回数と効果の目安 | 痛みが出たときの対処法,
ginza-blv,https://www.ginza-blv.jp/column/%e3%82%a8%e3%82%b9%e3%83%86%e3%82%b5%e3%83%ad%e3%83%b3%e3%81%a7%e5%8a%b9%e7%8e%87%e3%83%bb%e5%8a%b9%e6%9e%9c%e7%9a%84%e3%81%ab%e4%ba%8c%e3%81%ae%e8%85%95%e3%82%92%e5%bc%95%e3%81%8d%e7%b7%a0%e3%82%81/,エステサロンで効率・効果的に二の腕を引き締め,,エステサロンで効率・効果的に二の腕を引き締める方法を伝授します！｜エステサロン GINZA BLV(ギンザブルー),はじめに 二の腕の悩みを一気に解決するならエステ！二の腕が太くて悩んでいませんか？「ダイエットしても腕だけ細くならない」「たるんだ二の腕を結婚式までにどうにかしたい」「セルフケアしても効果が出にくい」こんな声はとて...,,,コラム | はじめに 二の腕の悩みを一気に解決するならエステ！ | 二の腕が太くなる原因とメカニズム | エステサロンでできる二の腕痩身ケア | 効果を高めるポイント | 料金相場とコースの選び方 | コース比較 | FAQ（よくある質問）,
ginza-blv,https://www.ginza-blv.jp/column/%e3%81%bd%e3%81%a3%e3%81%93%e3%82%8a%e3%81%8a%e8%85%b9%e3%82%92%e3%82%a8%e3%82%b9%e3%83%86%e3%82%b5%e3%83%ad%e3%83%b3%e3%81%a7%e8%a7%a3%e6%b6%88%e3%81%99%e3%82%8b%e6%96%b9%e6%b3%95/,ぽっこりお腹をエステサロンで解消する方法,,ぽっこりお腹をエステサロンで解消する方法｜エステサロン GINZA BLV(ギンザブルー),なぜお腹がぽっこりするのか？原因を徹底解説ぽっこりお腹の原因は脂肪の蓄積や筋肉の衰え、姿勢の悪さ、むくみ、便秘などさまざまです。特に内臓脂肪や皮下脂肪がつきやすいお腹周りは、ダイエットや運動だけでは改善が難しいこともあります。女性...,,,コラム | なぜお腹がぽっこりするのか？原因を徹底解説 | エステサロンでできる痩身ケアとは？ | 初めての方でも安心！施術の流れ | 効果を高めるためのポイント | おすすめのエステサロン選び | よくある質問（FAQ） | まとめ,
ginza-blv,https://www.ginza-blv.jp/column/%e7%9b%ae%e6%8c%87%e3%81%99%e3%81%af%e5%81%a5%e5%ba%b7%e7%9a%84%e3%81%aa%e7%be%8e%e5%b0%bb%ef%bc%81%e3%81%8a%e3%81%97%e3%82%8a%e7%97%a9%e3%81%9b%e3%81%ab%e6%9c%80%e9%81%a9%e3%81%aa%e3%82%b9%e3%83%88/,目指すは健康的な美尻！おしり痩せに最適なスト,,目指すは健康的な美尻！おしり痩せに最適なストレッチ方法 初心者OK・自宅で簡単エクササイズ｜エステサロン GINZA BLV(ギンザブルー),「お尻が垂れてきた」「ヒップラインが崩れてパンツスタイルが決まらない」…そんな悩みを抱えていませんか？加齢や運動不足、デスクワークによる姿勢の崩れが原因で、筋肉（大殿筋、中臀筋、ハムストリングス）が衰えると、脂肪がたまりやすくなり...,,,コラム | なぜお尻に脂肪がつく？痩せにくい原因 | お尻痩せストレッチのメリット | おすすめストレッチ5選（初心者OK、簡単） | ストレッチの効果を高めるライフスタイル改善 | FAQ | まとめ,
ginza-blv,https://www.ginza-blv.jp/column/%e7%97%a9%e8%ba%ab%e3%82%a8%e3%82%b9%e3%83%86%e3%81%a8%e7%ad%8b%e3%83%88%e3%83%ac%e3%81%ae%e7%9b%b8%e4%b9%97%e5%8a%b9%e6%9e%9c%e3%81%a7%e7%90%86%e6%83%b3%e3%81%ae%e3%83%9c%e3%83%87%e3%82%a3%e3%83%a9/,痩身エステと筋トレの相乗効果で理想のボディラ,,痩身エステと筋トレの相乗効果で理想のボディラインへ｜エステサロン GINZA BLV(ギンザブルー),「痩身エステと筋トレって、どっちが効果あるの？」「両方やると、どんなメリットがある？」そんな疑問を持つ人が増えています。エステサロンで脂肪をケアしながら、ジムや自宅で筋肉を鍛える。この組み合わせは、実は最も...,,,コラム | 痩身エステとは？筋トレと何が違うの？ | 痩身エステと筋トレの相乗効果とは？ | 筋トレとエステ、どちらを先にやるべき？ | 月にどれくらいの頻度で通うのがベスト？ | 痩身エステ×筋トレで効果を最大化する5つのポイント | よくある質問（FAQ） | 注意点とリスクも把握しておこう,
ginza-blv,https://www.ginza-blv.jp/column/%e3%82%80%e3%81%8f%e3%81%bf%e3%81%ab%e6%82%a9%e3%82%93%e3%81%a7%e3%81%84%e3%82%8b%e4%ba%ba%e6%b3%a8%e7%9b%ae%ef%bc%81%e3%82%a8%e3%82%b9%e3%83%86%e3%82%b5%e3%83%ad%e3%83%b3%e3%81%a7%e3%82%80%e3%81%8f/,むくみに悩んでいる人注目！エステサロンでむく,,むくみに悩んでいる人注目！エステサロンでむくみ取りをする方法｜エステサロン GINZA BLV(ギンザブルー),なぜ「むくみ」が起きるの？原因を徹底解説「朝起きたら顔がパンパン」「夜になると足が重い」…こうしたむくみの悩み、放置していませんか？むくみは、体内に余分な水分や老廃物が溜まってしまうことが原因で起こります。特に足や...,,,コラム | なぜ「むくみ」が起きるの？原因を徹底解説 | エステサロンでできる「むくみ取り」って何をするの？ | 施術の流れとポイント | 自宅ケアとエステの違い | よくある質問（FAQ） | まとめ むくみ取りでスッキリ軽やかな毎日を,
ginza-blv,https://www.ginza-blv.jp/column/%e3%81%b5%e3%81%8f%e3%82%89%e3%81%af%e3%81%8e%e3%81%8c%e5%a4%aa%e3%81%84%e3%81%a8%e3%81%8a%e6%82%a9%e3%81%bf%e3%81%ae%e6%96%b9%e5%bf%85%e8%a6%8b%ef%bc%81%e3%82%a8%e3%82%b9%e3%83%86%e3%82%b5%e3%83%ad/,ふくらはぎが太いとお悩みの方必見！エステサロ,,ふくらはぎが太いとお悩みの方必見！エステサロンでスッキリ解消!!｜エステサロン GINZA BLV(ギンザブルー),「ダイエットしてもふくらはぎだけ細くならない」「運動しているのに下半身のラインがスッキリしない」…こんな悩みを抱える方は多いはず。実は、ふくらはぎの太さには脂肪だけでなく、むくみ、筋肉の硬直、血流不良、骨格バランスなど、複数の原因が絡んで...,,,コラム | ふくらはぎが太くなる原因とは？ | 自宅でできるふくらはぎケア【セルフ編】 | 痩身エステでふくらはぎ痩せを叶える！ | 痩身エステの施術の流れと所要時間 | ホームケアとエステのW効果で理想ボディへ | プロとホームの相乗効果 | よくある質問（FAQ）,
ginza-blv,https://www.ginza-blv.jp/column/%e5%af%9d%e3%81%aa%e3%81%8c%e3%82%89%e3%81%8a%e3%81%97%e3%82%8a%e7%97%a9%e3%81%9b%e3%81%99%e3%82%8b%e6%96%b9%e6%b3%95-%e8%87%aa%e5%ae%85%e3%81%a7%e7%b0%a1%e5%8d%98%e3%83%92%e3%83%83%e3%83%97%e3%82%a2/,寝ながらおしり痩せする方法-自宅で簡単ヒップア,,寝ながらおしり痩せする方法 自宅で簡単ヒップアップ｜エステサロン GINZA BLV(ギンザブルー),「お尻が垂れてきた」「太ももとの境目が消えた」「スタイルが崩れて見える」…そんな悩み、ありませんか？とくにデスクワークや運動不足、加齢による筋肉の衰えで、お尻は簡単に下がりやすくなります。しかし、「忙しくて運動する時間がな...,,,コラム | なぜお尻は太りやすい？寝ながら痩せるメリット | 寝ながらおしり痩せエクササイズ【3つ紹介】 | &nbsp;効果を高めるコツ | エステとの併用で最短ヒップアップ！ | FAQ | まとめ,
ginza-blv,https://www.ginza-blv.jp/column/%e7%ab%8b%e3%81%a1%e4%bb%95%e4%ba%8b%e3%81%ae%e4%ba%ba%e5%bf%85%e8%a6%8b%ef%bc%81%e5%8a%b9%e7%8e%87%e7%9a%84%e3%81%ab%e3%81%8a%e3%81%97%e3%82%8a%e7%97%a9%e3%81%9b%e3%81%99%e3%82%8b%e6%96%b9%e6%b3%95/,立ち仕事の人必見！効率的におしり痩せする方法,,立ち仕事の人必見！効率的におしり痩せする方法｜エステサロン GINZA BLV(ギンザブルー),「立ちっぱなしの仕事でお尻が大きくなった気がする」「パンツラインが崩れてきた」「むくみや腰の疲れが取れない」…こんな悩みありませんか？実は、立ち仕事を続けていると、お尻や太ももに脂肪やセルライトがつきやすい状態になります。その原因...,,,コラム | なぜ立ち仕事でお尻が大きくなるの？ | 効率的にお尻を引き締めるポイント【立ち仕事向け】 | おすすめ！お尻痩せエクササイズ＆筋トレ【簡単・効果大】 | 食事・生活習慣でさらに効果UP | 「もっと早く結果を出したい！」ならエステの力を活用 | FAQ（よくある質問） | まとめ 立ち仕事女子は「姿勢＋筋トレ＋エステ」でお尻革命！,
ginza-blv,https://www.ginza-blv.jp/column/%e3%81%8a%e5%b0%bb%e3%81%ae%e3%83%9c%e3%82%b3%e3%83%9c%e3%82%b3%e3%82%bb%e3%83%ab%e3%83%a9%e3%82%a4%e3%83%88%e3%82%92%e8%a7%a3%e6%b6%88%e3%81%99%e3%82%8b%e6%96%b9%e6%b3%95-%e8%87%aa%e5%ae%85%e3%82%b1/,お尻のボコボコセルライトを解消する方法-自宅ケ,,お尻のボコボコセルライトを解消する方法 自宅ケア＆エステで理想のヒップラインへ｜エステサロン GINZA BLV(ギンザブルー),「お尻や太もものボコボコ…見た目が気になる」「ダイエットしてもお尻のセルライトが全然減らない」そんな悩みを抱えていませんか？実は、セルライトはただの脂肪ではありません。脂肪細胞に老廃物や水分が絡みつき、固まったもので、血流やリンパ...,,,コラム | セルライトの原因と特徴【なぜお尻にできやすい？】 | セルライトの段階（チェックリスト） | 自宅でできるセルライト解消法 | エステでのセルライト解消アプローチ【本格ケアの力】 | おすすめポイント | ホームケアとエステの違いを深掘り | FAQ（よくある質問）,
ginza-blv,https://www.ginza-blv.jp/column/%e3%81%8a%e3%81%97%e3%82%8a%e3%82%92%e7%b0%a1%e5%8d%98%e3%81%ab%e7%97%a9%e3%81%9b%e3%82%8b%e6%96%b9%e6%b3%95%ef%bd%9c%e4%bb%8a%e6%97%a5%e3%81%8b%e3%82%89%e3%81%a7%e3%81%8d%e3%82%8b%e7%ad%8b%e3%83%88/,おしりを簡単に痩せる方法｜今日からできる筋ト,,おしりを簡単に痩せる方法 今日からできる筋トレ＆エステの最強メソッド｜エステサロン GINZA BLV(ギンザブルー),「お尻のたるみや脂肪が気になる…」「デスクワークでお尻が大きくなった」「ヒップラインをもっとキュッとしたい」こんな悩みを持つ女性、多いですよね。実は、お尻は体の中でも脂肪がつきやすく落ちにくい部位。原因は筋...,,,コラム | おしり痩せチェックリスト【あなたはどのタイプ？】 | お尻が痩せにくい原因とは？ | おすすめメニュー【お尻痩せのためのエクササイズ7選】 | 食事・生活習慣の見直し | プロに任せる！最新エステ痩身ケア | FAQ | まとめ,
ginza-blv,https://www.ginza-blv.jp/column/%e8%83%8c%e4%b8%ad%e3%83%80%e3%82%a4%e3%82%a8%e3%83%83%e3%83%88%e3%81%a7%e5%be%8c%e3%82%8d%e5%a7%bf%e7%be%8e%e4%ba%ba%e3%81%ab%ef%bc%81%e5%8a%b9%e6%9e%9c%e7%9a%84%e3%81%aa%e7%ad%8b%e3%83%88%e3%83%ac/,背中ダイエットで後ろ姿美人に！効果的な筋トレ,,背中ダイエットで後ろ姿美人に！効果的な筋トレ・ストレッチ・習慣を徹底解説｜エステサロン GINZA BLV(ギンザブルー),背中の脂肪やたるみが気になっていませんか？「ブラジャーにハミ肉がのっている」「猫背で姿勢が悪く見える」「背中が丸くなって老けた印象になる」など、悩みを抱える女性は多いもの。実は、背中の筋肉をしっかり鍛えることで、ダイエット効果や基...,,,コラム | 背中に脂肪がつく原因とは？ | 背中ダイエットの効果とメリット | 背中ダイエットの正しい方法【3つのアプローチ】 | 食事と習慣の改善で効果倍増 | 背中ダイエットにおすすめのエクササイズ一覧 | 背中ダイエットのよくある質問（FAQ） | まとめ,
ginza-blv,https://www.ginza-blv.jp/column/%e3%82%a8%e3%82%b9%e3%83%86%e3%82%b5%e3%83%ad%e3%83%b3%e3%81%a7%e8%83%8c%e4%b8%ad%e3%83%9e%e3%83%83%e3%82%b5%e3%83%bc%e3%82%b8%e3%82%92%e5%a0%aa%e8%83%bd%e3%81%97%e3%82%88%e3%81%86%ef%bc%81%e6%a5%b5/,エステサロンで背中マッサージを堪能しよう！極,,エステサロンで背中マッサージを堪能しよう！極上リラクゼーション体験｜エステサロン GINZA BLV(ギンザブルー),背中マッサージで得られる極上の癒しと美容効果背中や首、肩は日常生活で最もコリや疲れがたまりやすい部位。特にデスクワークやスマホ操作で猫背になりやすく、肩こりや腰の痛みで悩んでいる方は多いでしょう。そんな時におすすめなのがエステサロ...,,,コラム | 背中マッサージで得られる極上の癒しと美容効果 | エステサロン背中マッサージのおすすめポイント | 人気のメニュー＆コース例 | 背中マッサージで期待できる効果 | 利用の流れと注意点 | こんな方におすすめ | まとめ,
ginza-blv,https://www.ginza-blv.jp/column/%e8%83%8c%e4%b8%ad%e3%83%aa%e3%83%b3%e3%83%91%e3%83%9e%e3%83%83%e3%82%b5%e3%83%bc%e3%82%b8%e3%81%a7%e8%82%a9%e3%81%93%e3%82%8a%e3%83%bb%e3%82%80%e3%81%8f%e3%81%bf%e3%82%92%e3%82%b9%e3%83%83%e3%82%ad/,背中リンパマッサージで肩こり・むくみをスッキ,,背中リンパマッサージで肩こり・むくみをスッキリ解消！効果とやり方を徹底解説｜エステサロン GINZA BLV(ギンザブルー),背中リンパマッサージの効果とは？背中のリンパを流すことで、血液や体内の老廃物の循環が促進され、むくみや肩こり、腰痛などの不調改善に役立ちます。リンパマッサージは、筋肉をほぐしながらリンパの流れを整える施術で、疲労解消やストレス軽減...,,,コラム | 背中リンパマッサージの効果とは？ | 背中リンパが滞る原因 | 自宅でできる簡単セルフリンパマッサージ方法 | サロンで受けるリンパマッサージ | リンパマッサージで得られる健康効果 | よくある質問（FAQ） | まとめ,
ginza-blv,https://www.ginza-blv.jp/column/%e5%a4%aa%e3%82%82%e3%82%82%e3%81%ae%e8%82%89%e3%82%92%e3%81%97%e3%81%a3%e3%81%8b%e3%82%8a%e8%90%bd%e3%81%a8%e3%81%99%e6%96%b9%e6%b3%95-%e3%83%a9%e3%82%b8%e3%82%aa%e6%b3%a2%e3%82%a8%e3%82%b9%e3%83%86/,太ももの肉をしっかり落とす方法-ラジオ波エステ,,太ももの肉をしっかり落とす方法 ラジオ波エステで理想の美脚へ｜エステサロン GINZA BLV(ギンザブルー),「ダイエットをしても太ももだけ痩せない」「食事制限や筋トレを続けても下半身のサイズが変わらない」…こんな悩みを抱える女性は少なくありません。実は、太ももの脂肪は体の中でも特に落ちにくい部位。その理由は、セルライトやむくみ、血流の滞り、代謝...,,,コラム | 太ももの脂肪が落ちない理由 | 太ももを細くするための重要ポイント | 痩身エステでのアプローチ（ラジオ波がカギ） | エステサロンの一般的な施術の流れと所要時間 | ホームケアとエステのW効果で理想ボディへ | よくある質問 | まとめ,
ginza-blv,https://www.ginza-blv.jp/column/%e8%83%8c%e4%b8%ad%e3%81%ae%e3%81%9f%e3%82%8b%e3%81%bf%e3%82%92%e8%a7%a3%e6%b6%88%e3%81%99%e3%82%8b%e6%96%b9%e6%b3%95-%e5%8e%9f%e5%9b%a0%e3%83%bb%e6%94%b9%e5%96%84%e3%82%b9%e3%83%88%e3%83%ac%e3%83%83/,背中のたるみを解消する方法-原因・改善ストレッ,,背中のたるみを解消する方法 原因・改善ストレッチ・筋トレ・おすすめエクササイズ完全ガイド｜エステサロン GINZA BLV(ギンザブルー),背中のたるみの原因とは？「背中がたるんできた…」「ブラジャーからお肉がはみ出し、後ろ姿が老けて見えるそんな悩みを抱えている女性は、40代以降はもちろん、デスクワーク中心の生活習慣を続ける20代、30代にも増えています。...,,,コラム | 背中のたるみの原因とは？ | 背中のたるみを放置するとどうなる？ | 背中のたるみ解消の基本アプローチ | 具体的な背中引き締めストレッチ | おすすめエクササイズでスッキリ後ろ姿に！ | 生活習慣の見直しがカギ | まとめ 背中たるみは「姿勢・筋トレ・食事」で撃退,
ginza-blv,https://www.ginza-blv.jp/column/%e8%83%8c%e4%b8%ad%e3%82%92%e7%b6%ba%e9%ba%97%e3%81%ab%e3%81%99%e3%82%8b%e6%96%b9%e6%b3%95-%e7%be%8e%e8%82%8c%e3%82%92%e7%9b%ae%e6%8c%87%e3%81%99%e3%81%9f%e3%82%81%e3%81%ae%e5%be%b9%e5%ba%95%e3%82%b1/,背中を綺麗にする方法-美肌を目指すための徹底ケ,,背中を綺麗にする方法 美肌を目指すための徹底ケアガイド【2025年最新】｜エステサロン GINZA BLV(ギンザブルー),背中は自分でしっかり見えにくい部分でありながら、肌トラブルやニキビが起きやすい場所です。夏は特に汗や皮脂が原因で毛穴が詰まり、ニキビや肌荒れに悩む人が多いですよね。今回は、背中を綺麗にするための正しいケア方法や、おすすめのアイテム、生活習...,,,コラム | 背中の肌トラブルが起きる原因とは？ | 背中を綺麗にするための正しい洗い方 | 背中ニキビ対策の基本ポイント | 背中ケアにおすすめのアイテム一覧 | 背中を綺麗にする生活習慣のコツ | 背中の美容ケアを強化したい人は？ | まとめ 背中美肌への近道,
ginza-blv,https://www.ginza-blv.jp/column/%e7%b6%ba%e9%ba%97%e3%81%aa%e8%83%8c%e4%b8%ad%e3%82%92%e7%9b%ae%e6%8c%87%e3%81%99%e3%81%aa%e3%82%89%e3%82%a8%e3%82%b9%e3%83%86%e3%82%b5%e3%83%ad%e3%83%b3%e4%b8%80%e6%8a%9e%ef%bc%81/,綺麗な背中を目指すならエステサロン一択！,,綺麗な背中を目指すならエステサロン一択！｜エステサロン GINZA BLV(ギンザブルー),「背中を出す服を着たいけど、自信がない…」「ニキビやくすみ、毛穴の開きが気になる」そんな悩みを抱えている人は少なくありません。自分でケアをしても、なかなか効果を感じにくい背中だからこそ、エステサロンでの本格ケアがおすすめです。今回...,,,コラム | なぜ背中ケアはエステサロンがおすすめなのか？ | 背中エステでできる施術と効果 | 人気の背中エステコース一覧 | ブライダルエステにも背中ケアは必須！ | エステサロンはこんな人におすすめ | よくある質問（FAQ） | まとめ 背中ケアはエステサロンで“確実にキレイ”を目指そう！,
ginza-blv,https://www.ginza-blv.jp/column/%e3%82%a8%e3%82%b9%e3%83%86%e3%82%b5%e3%83%ad%e3%83%b3%e7%b4%9a%ef%bc%81%e8%aa%b0%e3%81%a7%e3%82%82%e7%b0%a1%e5%8d%98%e3%81%ab%e3%81%a7%e3%81%8d%e3%82%8b%e8%83%8c%e4%b8%ad%e3%82%b1%e3%82%a2%e3%81%ae/,エステサロン級！誰でも簡単にできる背中ケアの,,エステサロン級！誰でも簡単にできる背中ケアのやり方｜エステサロン GINZA BLV(ギンザブルー),「背中のケアって、どうやればいいの？」と悩む人は多いですよね。顔や手に比べて、自分で確認しにくい部位なので、ついケアが後回しになりがち。しかし、背中ケアをしっかり行うことで、肌トラブルやむくみ、疲れ、肩や腰のコリ改善にも効果が期待...,,,コラム | 背中ケアが必要な理由と効果 | 自宅でできる簡単背中ケアの方法 | 背中ケアをするときの注意点 | プロ級の仕上がりを目指すならサロンもおすすめ | 背中ケアに関するよくある質問（FAQ） | まとめ,
ginza-blv,https://www.ginza-blv.jp/column/%e3%83%96%e3%83%a9%e3%82%a4%e3%83%80%e3%83%ab%e3%82%a8%e3%82%b9%e3%83%86%e3%81%a7%e8%83%8c%e4%b8%ad%e3%81%ae%e3%83%8b%e3%82%ad%e3%83%93%e3%82%92%e3%82%b9%e3%83%83%e3%82%ad%e3%83%aa%e3%81%95%e3%81%9b/,ブライダルエステで背中のニキビをスッキリさせ,,ブライダルエステで背中のニキビをスッキリさせる！｜エステサロン GINZA BLV(ギンザブルー),結婚式当日、ドレス姿を最高に美しく見せるためには「背中ケア」が必須。特に花嫁様の多くが悩むのが背中ニキビやニキビ跡、毛穴の開きです。普段は見えない部分だからこそ、ブライダルエステでしっかり整えて、挙式・前撮りに自信を持ちましょう。...,,,コラム | なぜ背中ニキビができるの？原因と対策 | ブライダルエステでできる背中ケアとは？ | 施術の流れ（例） | ブライダルエステを受けるタイミングと回数 | サロン選びのチェックポイント | 背中ニキビケアで得られる効果 | よくある質問（FAQ）,
ginza-blv,https://www.ginza-blv.jp/column/%e3%82%a8%e3%82%b9%e3%83%86%e3%82%b5%e3%83%ad%e3%83%b3%e3%81%a7%e3%83%87%e3%82%b3%e3%83%ab%e3%83%86%ef%bc%86%e8%83%8c%e4%b8%ad%e3%82%92%e5%be%b9%e5%ba%95%e3%82%b1%e3%82%a2%ef%bc%81/,エステサロンでデコルテ＆背中を徹底ケア！,,エステサロンでデコルテ＆背中を徹底ケア！｜エステサロン GINZA BLV(ギンザブルー),結婚式やパーティーなど、背中やデコルテが見えるシーンでは、「自信を持ってドレスを着たい！」という方が多いはず。しかし、実際にはくすみや毛穴の開き、むくみ、ニキビ跡などの悩みを抱えている方も少なくありません。普段は見えにくい部位だか...,,,コラム | なぜデコルテ＆背中ケアが必要？ | エステサロンで受けられる主なコース内容 | デコルテ＆背中ケアの効果 | おすすめのコースと選び方 | 予約前に確認したいポイント | まとめ | さらに背中のラインを徹底ケアしたい方へ,
ginza-blv,https://www.ginza-blv.jp/column/%e3%82%a8%e3%82%b9%e3%83%86%e3%82%b5%e3%83%ad%e3%83%b3%e3%81%a7%e8%83%8c%e4%b8%ad%e3%81%ae%e8%82%89%e3%82%92%e3%82%b9%e3%83%83%e3%82%ad%e3%83%aa%e8%90%bd%e3%81%a8%e3%81%99%e6%96%b9%e6%b3%95/,エステサロンで背中の肉をスッキリ落とす方法,,エステサロンで背中の肉をスッキリ落とす方法｜エステサロン GINZA BLV(ギンザブルー),背中にお肉がつく原因とは？背中や肩甲骨まわりに脂肪やセルライトがつく理由は、運動不足や猫背などの姿勢不良、血行不良による老廃物の蓄積が主な原因です。特に肩や腕、脇まわりはリンパが滞りやすく、むくみやたるみが進行するとボディラインが...,,,コラム | 背中にお肉がつく原因とは？ | エステでできる背中痩身ケアの種類 | 効果を高めるポイント | 人気の施術プラン例 | エステ選びのコツ | 料金・時間・予約の目安 | 背中痩せで得られる効果,
ginza-blv,https://www.ginza-blv.jp/column/%e3%82%a8%e3%82%b9%e3%83%86%e3%82%b5%e3%83%ad%e3%83%b3%e3%81%a7%e8%83%8c%e4%b8%ad%e3%81%ae%e8%a7%92%e6%a0%93%e3%82%92%e3%82%b9%e3%83%83%e3%82%ad%e3%83%aa%e9%99%a4%e5%8e%bb%e3%81%99%e3%82%8b%e6%96%b9/,エステサロンで背中の角栓をスッキリ除去する方,,エステサロンで背中の角栓をスッキリ除去する方法｜エステサロン GINZA BLV(ギンザブルー),背中の角栓トラブル、なぜ起こる？原因を徹底解説「顔の毛穴は毎日クレンジングや洗顔でケアしているのに、背中の肌はほったらかし…」そんな方、多いのでは？実は、背中は皮脂の分泌量が多いため、毛穴に汚れや古い角質が詰まりやすく、角栓や黒ず...,,,コラム | 背中の角栓トラブル、なぜ起こる？原因を徹底解説 | 自宅でできるセルフケアとその限界 | エステサロンで受けられる角栓除去メニュー | 背中角栓ケアのメリットと効果 | サロン選びのポイント | よくある質問（FAQ） | まとめポイント,
ginza-blv,https://www.ginza-blv.jp/column/%e3%82%a8%e3%82%b9%e3%83%86%e3%82%b5%e3%83%ad%e3%83%b3%e3%81%a7%e8%83%8c%e4%b8%ad%e3%81%ae%e8%84%82%e8%82%aa%e3%82%92%e8%90%bd%e3%81%a8%e3%81%99%e6%96%b9%e6%b3%95/,エステサロンで背中の脂肪を落とす方法,,エステサロンで背中の脂肪を落とす方法｜エステサロン GINZA BLV(ギンザブルー),「ドレスや水着を着たとき、背中の肉が気になる」「姿勢が悪く、肩甲骨まわりがすっきりしない」こうした悩みを解消したい方におすすめなのがエステサロンでの痩身ケアです。自分では落としにくい背中の脂肪やたるみ、むくみを効率よく引き締めるには、プロ...,,,コラム | なぜ背中の脂肪は落ちにくいのか？原因を徹底分析 | エステサロンで受けられる背中痩身の人気メニュー | 背中痩身エステの効果とメリット | 体験の流れと所要時間 | よくある質問（FAQ） | 背中痩身を成功させるポイント | まとめ,
ginza-blv,https://www.ginza-blv.jp/column/%e3%82%a8%e3%82%b9%e3%83%86%e3%82%b5%e3%83%ad%e3%83%b3%e3%81%a7%e8%83%8c%e4%b8%ad%e3%81%ae%e6%af%9b%e7%a9%b4%e3%83%88%e3%83%a9%e3%83%96%e3%83%ab%e3%82%92%e8%a7%a3%e6%b6%88%e3%81%99%e3%82%8b%e6%96%b9/,エステサロンで背中の毛穴トラブルを解消する方,,エステサロンで背中の毛穴トラブルを解消する方法｜エステサロン GINZA BLV(ギンザブルー),なぜ背中の毛穴トラブルは起こるの？原因を徹底解説背中は顔やフェイシャルのように毎日鏡でチェックしにくいため、毛穴の汚れや皮脂詰まり、角質の蓄積に気づかないことが多い部位です。特にニキビやニキビ跡、黒ずみ、くすみなどの肌荒れは、放置...,,,コラム | なぜ背中の毛穴トラブルは起こるの？原因を徹底解説 | エステサロンでできる背中毛穴ケアメニュー一覧 | 背中ケアで得られる効果 | 背中ケアにプラスしたいオプション | よくある質問（FAQ） | まとめ,
ginza-blv,https://www.ginza-blv.jp/column/%e3%82%a8%e3%82%b9%e3%83%86%e3%82%b5%e3%83%ad%e3%83%b3%e3%81%a7%e8%83%8c%e4%b8%ad%e3%81%ab%e5%86%85%e5%87%ba%e8%a1%80%e3%82%84%e3%81%82%e3%81%96%e3%81%8c%e3%81%a7%e3%81%8d%e3%81%a6%e3%81%97%e3%81%be/,エステサロンで背中に内出血やあざができてしま,,エステサロンで背中に内出血やあざができてしまう原因と対処法｜エステサロン GINZA BLV(ギンザブルー),「エステに行った後、背中にあざができた…」「施術後に内出血が出やすくて心配」という声を聞いたことはありませんか？この記事では、なぜ背中にあざや内出血が起こるのか、原因や理由、そして対処法まで詳しく紹介します。2025年最新の情報を...,,,コラム | 内出血やあざができるメカニズム | なぜ背中で起こりやすいのか？ | 施術時に起こる原因と注意点 | 内出血が出たときの対処法 | 予防するための方法 | 内出血と美容・健康への影響 | よくある質問（FAQ）,
ginza-blv,https://www.ginza-blv.jp/column/%e3%83%96%e3%83%a9%e3%82%a4%e3%83%80%e3%83%ab%e3%82%a8%e3%82%b9%e3%83%86%e3%81%a7%e7%b6%ba%e9%ba%97%e3%81%aa%e8%83%8c%e4%b8%ad%e3%82%92%e7%9b%ae%e6%8c%87%e3%81%99%ef%bc%81%e8%8a%b1%e5%ab%81%e5%bf%85/,ブライダルエステで綺麗な背中を目指す！花嫁必,,ブライダルエステで綺麗な背中を目指す！花嫁必見のケア方法と選び方｜エステサロン GINZA BLV(ギンザブルー),結婚式当日、ウエディングドレスや前撮りで注目されるのは顔だけではありません。後ろ姿や背中のライン、デコルテ、二の腕も意外とゲストの視線を集めます。「背中ニキビが気になる」「肩甲骨をもっと綺麗に見せたい」「ハミ肉や脂肪をどうにかしたい」…そ...,,,コラム | なぜ背中ケアが重要？花嫁の後ろ姿を左右する理由 | ブライダルエステで背中ケアをするメリット | 背中トラブルの原因と対策 | ブライダルエステの背中ケアメニュー | 施術の流れと注意点 | ブライダルエステでよくある質問（FAQ） | 背中美人を叶えるためのポイント,
ginza-blv,https://www.ginza-blv.jp/column/%e5%b0%8f%e9%a1%94%e3%81%ab%e3%81%aa%e3%82%8b%e6%96%b9%e6%b3%95-%e3%82%a8%e3%82%b9%e3%83%86%e3%82%b5%e3%83%ad%e3%83%b3%e3%81%a7%e5%8f%b6%e3%81%88%e3%82%8b%e7%90%86%e6%83%b3%e3%81%ae%e3%83%95%e3%82%a7/,小顔になる方法-エステサロンで叶える理想のフェ,,小顔になる方法 エステサロンで叶える理想のフェイスライン｜エステサロン GINZA BLV(ギンザブルー),はじめに「写真に写る自分の顔が大きく見える」「フェイスラインをもっとシャープにしたい」…そんな悩みを抱えている人はとても多いです。日本人は骨格や脂肪、むくみの影響で顔が大きく見えやすいのが特徴ですが、エステサロンでの小顔ケ...,,,コラム | はじめに | 顔が大きく見える原因は？ | 小顔になるための方法 エステサロンが優れている理由 | エステでできること | エステサロンのメリット | 医療との比較 効果は高いが「リスク、費用」も考えるべき | 小顔エステを受けるときのポイント,
ginza-blv,https://www.ginza-blv.jp/column/%e9%a1%94%e7%97%a9%e3%81%9b%e3%82%a8%e3%82%b9%e3%83%86%e3%81%a7%e7%90%86%e6%83%b3%e3%81%ae%e5%b0%8f%e9%a1%94%e3%81%b8%ef%bc%81%e5%8a%b9%e6%9e%9c%e3%83%bb%e6%96%bd%e8%a1%93%e5%86%85%e5%ae%b9%e3%83%bb/,顔痩せエステで理想の小顔へ！効果・施術内容・,,顔痩せエステで理想の小顔へ！効果・施術内容・選び方を徹底解説｜エステサロン GINZA BLV(ギンザブルー),顔のたるみやむくみ、そしてフェイスラインの崩れは、年齢や生活習慣によって誰にでも起こる悩みです。「ダイエットしても顔だけは痩せない」「あご周りがスッキリしない」などの声も多く聞かれます。そんな方におすすめなのが、顔痩せエステ。エス...,,,コラム | 顔痩せエステとは？ | 顔痩せエステの効果 | 人気の施術方法 | 顔痩せエステはどんな人におすすめ？ | 料金・体験プランと注意点 | 効果を高めるポイント | よくある質問（FAQ）,
ginza-blv,https://www.ginza-blv.jp/column/%e3%82%a8%e3%82%b9%e3%83%86%e3%82%b5%e3%83%ad%e3%83%b3%e3%81%a7%e8%83%8c%e4%b8%ad%e4%ba%8c%e3%81%ae%e8%85%95%e7%97%a9%e3%81%9b%e3%82%92%e5%8a%b9%e6%9e%9c%e7%9a%84%e3%81%ab%e3%81%99%e3%82%8b%e6%96%b9/,エステサロンで背中二の腕痩せを効果的にする方,,エステサロンで背中&二の腕痩せを効果的にする方法｜エステサロン GINZA BLV(ギンザブルー),背中＆二の腕痩せが難しい理由背中や二の腕は、ダイエットや筋トレをしても脂肪が落ちにくい部位。 特に ハミ肉、たるみ、ワキ周りの脂肪は、自己流ではなかなかスッキリしません。 原因は次の通りです：・脂肪燃焼しにくい部分・姿勢の悪さによ...,,,コラム | 背中＆二の腕痩せが難しい理由 | エステで叶う背中＆二の腕痩身のメリット | 最新マシンで脂肪撃退！ | 人気メニューと料金の目安 | よくある質問（FAQ） | まとめ,
ginza-blv,https://www.ginza-blv.jp/column/%e3%83%96%e3%83%a9%e3%82%a4%e3%83%80%e3%83%ab%e3%82%a8%e3%82%b9%e3%83%86%e3%81%a7%e6%9c%80%e9%ab%98%e3%81%ab%e6%98%a0%e3%81%88%e3%82%8b%e8%83%8c%e4%b8%ad%e3%83%bb%e8%82%a9%e7%94%b2%e9%aa%a8%e3%81%ab/,ブライダルエステで最高に映える背中・肩甲骨に,,ブライダルエステで最高に映える背中・肩甲骨になるために｜エステサロン GINZA BLV(ギンザブルー),なぜ背中・肩甲骨ケアがブライダルに重要なの？結婚式当日、ウェディングドレスを着た花嫁の後ろ姿は、ゲストやカメラマンにとっても注目ポイントです。特に背中や肩甲骨、二の腕、デコルテはドレスからしっかり見えるため、普段は気になら...,,,コラム | なぜ背中・肩甲骨ケアがブライダルに重要なの？ | ブライダルエステで受けられる背中・肩甲骨ケアのメニュー | いつから始める？効果を最大化するタイミング | ブライダルエステの料金とプラン選び | 失敗しないサロン選びのコツ | 当日までのセルフケアと注意点 | よくある質問（FAQ）,
ginza-blv,https://www.ginza-blv.jp/column/%e9%a1%94%e3%81%ae%e3%82%80%e3%81%8f%e3%81%bf%e8%a7%a3%e6%b6%88%e3%81%ae%e3%81%9f%e3%82%81%e3%81%ae%e5%ae%8c%e5%85%a8%e3%82%ac%e3%82%a4%e3%83%89/,顔のむくみ解消のための完全ガイド,,顔のむくみ解消のための完全ガイド｜エステサロン GINZA BLV(ギンザブルー),朝起きて鏡を見ると「顔がパンパン…」と感じたことはありませんか？むくみは一時的なものと思いがちですが、放っておくと顔が大きく見えるだけでなく、肌の不調や老け見えの原因にもなります。この記事では、顔のむくみの原因から、即効で解消する方法、生...,,,コラム | 顔がむくむ原因とは？ | 顔のむくみを解消する方法 | むくみを予防するためのポイント | よくある質問（FAQ） | まとめ：今日からできるむくみ対策 | さらに本格的にケアしたい方へ,
ginza-blv,https://www.ginza-blv.jp/column/%e5%b0%8f%e9%a1%94%e3%82%a8%e3%82%b9%e3%83%86%e3%81%ae%e5%8a%b9%e6%9e%9c%e3%81%a8%e3%81%af%ef%bc%9f%e5%8d%b3%e5%8a%b9%e6%80%a7%e3%83%bb%e6%8c%81%e7%b6%9a%e5%8a%9b%e3%83%bb%e9%81%b8%e3%81%b3%e6%96%b9/,小顔エステの効果とは？即効性・持続力・選び方,,小顔エステの効果とは？即効性・持続力・選び方を徹底解説！｜エステサロン GINZA BLV(ギンザブルー),「顔が大きく見える」「むくみやたるみが気になる」「フェイスラインをスッキリ整えたい」そんな悩みを抱えている方に人気なのが小顔エステです。1回の施術で効果を実感できる場合もあり、定期的に通うことで持続力もアップします。この記事では、...,,,コラム | 小顔エステの効果とは？ | 小顔エステの主な方法と特徴 | 小顔エステの施術の流れ | 小顔エステの効果を高めるポイント | よくある質問（FAQ） | まとめ,
ginza-blv,https://www.ginza-blv.jp/column/%e5%b0%8f%e9%a1%94%e3%83%bb%e3%81%9f%e3%82%8b%e3%81%bf%e5%af%be%e7%ad%96%e3%81%af%e3%82%a8%e3%82%b9%e3%83%86%e3%82%b5%e3%83%ad%e3%83%b3%e3%81%a7%ef%bc%81/,小顔・たるみ対策はエステサロンで！,,小顔・たるみ対策はエステサロンで！｜エステサロン GINZA BLV(ギンザブルー),小顔エステで「たるみ」ケアが注目される理由年齢を重ねると肌のハリや弾力が低下し、ほうれい線やシワ、フェイスラインの崩れが目立ちやすくなります。顔のたるみは、表情筋の衰えや脂肪の下垂、コラーゲン不足が原因。さらにむくみや乾燥、毛穴の...,,,コラム | 小顔エステで「たるみ」ケアが注目される理由 | 小顔エステの効果と特徴 | どんな施術がある？人気メニュー一覧 | セルフケア、エステの違い | よくある質問（FAQ） | まとめ | 安心して通うためのポイント,
ginza-blv,https://www.ginza-blv.jp/column/%e3%83%96%e3%83%a9%e3%82%a4%e3%83%80%e3%83%ab%e3%82%a8%e3%82%b9%e3%83%86%e3%81%a7%e5%8f%b6%e3%81%88%e3%82%8b%e5%b0%8f%e9%a1%94%e3%82%b1%e3%82%a2%e3%81%ae%e3%81%99%e3%81%b9%e3%81%a6/,ブライダルエステで叶える小顔ケアのすべて,,ブライダルエステで叶える小顔ケアのすべて｜エステサロン GINZA BLV(ギンザブルー),「結婚式」それは準備〜当日まで前撮り、フォトウェディング、挙式など、人生で最も写真を撮られる大切な日。そんな最良の日を「顔のラインをスッキリ整えたい」「小顔で美しくドレスを着こなしたい」方におすすめの記事です！特にこんな方は要チェ...,,,コラム | なぜ花嫁に小顔ケアが必要なの？ | ブライダルエステ小顔ケアの効果 | 人気のプラン・コース | ブライダル小顔ケアで使う施術＆マシン | 挙式までのスケジュール目安 | よくある悩みと改善ポイント | 初めてでも安心のカウンセリング,
ginza-blv,https://www.ginza-blv.jp/column/%e5%b0%8f%e9%a1%94%e3%81%ab%e5%8d%b3%e5%8a%b9%e6%80%a7%e3%81%82%e3%82%8a%ef%bc%811%e5%9b%9e%e3%81%a7%e5%8a%b9%e6%9e%9c%e3%82%92%e5%ae%9f%e6%84%9f%e3%81%a7%e3%81%8d%e3%82%8b%e3%82%a8%e3%82%b9-2/,小顔に即効性あり！1回で効果を実感できるエス-2,,小顔に即効性あり！1回で効果を実感できるエステサロンの選び方｜エステサロン GINZA BLV(ギンザブルー),「フェイスラインがぼやけて見える」「むくみやたるみが取れない」そんな悩みを即効で解消したいなら、小顔エステの即効性に注目です。コルギやリンパマッサージなどの専門的な施術で、顔のむくみや脂肪をスッキリ取り除き、リフトアップや美肌効果まで実感...,,,コラム | 小顔エステで即効性がある理由とは？ | 人気の施術メニューと効果 | 1回でどれくらい変わる？実感ポイント | 施術の流れ＆料金目安 | よくある質問（FAQ） | まとめ 理想の小顔を叶えるならプロの手を！ | 最後に,
ginza-blv,https://www.ginza-blv.jp/column/%e3%82%b9%e3%82%ad%e3%83%b3%e3%82%b1%e3%82%a2%e3%81%a7%e7%be%8e%e7%99%bd%e3%82%92%e7%9b%ae%e6%8c%87%e3%81%99%e6%96%b9%e6%b3%95/,スキンケアで美白を目指す方法,,スキンケアで美白を目指す方法｜エステサロン GINZA BLV(ギンザブルー),美白を目指すスキンケアは、年齢や季節を問わず多くの人が関心を持つテーマです。シミやそばかす、くすみなどの肌悩みを改善したい、透明感のある肌を保ちたいそんな思いを抱えるあなたに向けて、今回は 「スキンケアで美白を目指す方法」...,,,コラム | 美白とは？その基本を解説 | 美白を目指すうえで重要なポイント | 美白ケアにおすすめの成分とは？ | 美白スキンケアの正しい順番と使い方 | 美白スキンケアの選び方のコツ | 季節別、肌悩み別の美白アプローチ | 美白のために生活で気をつけたいこと,
ginza-blv,https://www.ginza-blv.jp/column/%e9%a1%94%e3%81%ae%e3%81%9f%e3%82%8b%e3%81%bf%e3%81%ab%e5%8a%b9%e3%81%8f%e3%82%a8%e3%82%b9%e3%83%86%e3%81%ae%e5%8a%b9%e6%9e%9c%e3%81%a8%e3%81%af%ef%bc%9f%e3%83%aa%e3%83%95%e3%83%88%e3%82%a2%e3%83%83/,顔のたるみに効くエステの効果とは？リフトアッ,,顔のたるみに効くエステの効果とは？リフトアップで若々しさを取り戻す方法｜エステサロン GINZA BLV(ギンザブルー),顔のたるみは、年齢を重ねるにつれて多くの人が抱える悩みです。ほうれい線やフェイスラインのゆるみ、ハリの低下など、見た目年齢に直結するサインは日々の生活や加齢による皮膚や筋肉の変化が原因です。こうしたトラブルを解消するために、エステ...,,,コラム | 顔のたるみの原因とは？ | エステで受けられる、たるみ改善施術とは？ | エステとセルフケアの違い | 施術の流れと所要時間 | 効果を長持ちさせる方法 | よくある質問（FAQ） | &nbsp;まとめ,
ginza-blv,https://www.ginza-blv.jp/column/%e5%b0%8f%e9%a1%94%e3%83%9e%e3%83%83%e3%82%b5%e3%83%bc%e3%82%b8%e3%81%a7%e3%82%b9%e3%83%83%e3%82%ad%e3%83%aa%e3%83%95%e3%82%a7%e3%82%a4%e3%82%b9%e3%83%a9%e3%82%a4%e3%83%b3%e3%82%92%e7%9b%ae%e6%8c%87/,小顔マッサージでスッキリフェイスラインを目指,,小顔マッサージでスッキリフェイスラインを目指す！効果、方法、おすすめケア徹底解説【2025年最新版】｜エステサロン GINZA BLV(ギンザブルー),「小顔になりたい」「顔のむくみを解消したい」「フェイスラインをスッキリ整えたい」そんな悩みを抱える女性は多いですよね。今回は、自宅で簡単にできる小顔マッサージの方法や、エステサロンの施術内容、さらに効果を高めるポイントまで、専門家監修のも...,,,コラム | 小顔マッサージの効果とは？ | 顔が大きく見える原因と対策 | 自宅でできる小顔マッサージのやり方 | 小顔効果を高めるコツ | エステサロンの小顔マッサージとは？ | よくある質問（FAQ） | まとめ,
ginza-blv,https://www.ginza-blv.jp/column/%e9%a1%94%e7%97%a9%e3%81%9b%e3%83%9e%e3%83%83%e3%82%b5%e3%83%bc%e3%82%b8%e3%81%a7%e5%b0%8f%e9%a1%94%e3%82%92%e7%9b%ae%e6%8c%87%e3%81%99%e6%96%b9%e6%b3%95%e3%80%902025%e5%b9%b4%e6%9c%80%e6%96%b0/,顔痩せマッサージで小顔を目指す方法【2025年最新,,顔痩せマッサージで小顔を目指す方法【2025年最新版】｜エステサロン GINZA BLV(ギンザブルー),「最近、顔が大きく見える」「むくみやたるみが気になる」そんな悩みを抱えていませんか？フェイスラインをスッキリさせるには、毎日のセルフケアやマッサージが効果的です。今回の記事では、小顔マッサージの正しいやり方とポイントを紹介します。リンパマ...,,,コラム | 顔が大きく見える原因とは？ | 顔痩せマッサージの効果とメリット | 小顔マッサージの正しいやり方【セルフケア編】 | プロの手を借りるのもおすすめ | まとめ | よくある質問（FAQ）,
ginza-blv,https://www.ginza-blv.jp/column/%e5%b0%8f%e9%a1%94%e3%83%aa%e3%83%95%e3%83%88%e3%82%a2%e3%83%83%e3%83%97%e3%81%a7%e7%90%86%e6%83%b3%e3%81%ae%e3%83%95%e3%82%a7%e3%82%a4%e3%82%b9%e3%83%a9%e3%82%a4%e3%83%b3%e3%82%92%e5%ae%9f%e7%8f%be/,小顔リフトアップで理想のフェイスラインを実現,,小顔リフトアップで理想のフェイスラインを実現！｜エステサロン GINZA BLV(ギンザブルー),小顔リフトアップとは？「小顔リフトアップ」は、顔のたるみやむくみ、ほうれい線、しわを解消し、引き締めて若々しいフェイスラインを目指す美容ケアの一つです。年齢とともに頬やあご周りがもたつき、表情筋の低下や皮膚の弾力不足によっ...,,,コラム | 小顔リフトアップとは？ | 小顔リフトアップのポイントと効果 | 自宅でできるセルフケア方法 | エステや美容クリニックでの施術 | よくある質問（FAQ） | まとめ：小顔リフトアップで自信を取り戻そう！,
ginza-blv,https://www.ginza-blv.jp/column/%e7%be%8e%e7%99%bd%e3%82%a8%e3%82%b9%e3%83%86%e3%81%ae%e5%8a%b9%e6%9e%9c%e3%81%a8%e3%81%af%ef%bc%9f%e9%80%8f%e6%98%8e%e6%84%9f%e3%81%82%e3%82%8b%e8%82%8c%e3%82%92%e6%89%8b%e3%81%ab%e5%85%a5%e3%82%8c/,美白エステの効果とは？透明感ある肌を手に入れ,,美白エステの効果とは？透明感ある肌を手に入れるために知っておきたいこと｜エステサロン GINZA BLV(ギンザブルー),肌のくすみやシミ、なんとなく顔全体が暗く見える…。そんな悩みを抱えている方にこそ試してほしいのが、美白エステです。この記事では、美白エステで得られる効果や施術内容、選び方から、日常生活で気をつけたいポイントまで徹底的に解説します。透明感の...,,,コラム | 美白エステとは？　基本のアプローチと目的 | 美白エステで期待できる効果 | 美白エステのメニューと成分例 | 施術の流れと所要時間の目安 | 美白効果を高める日常ケアのポイント | どんな人におすすめ？口コミも紹介 | まとめ　透明感ある肌を取り戻したいならプロの力を借りよう,
ginza-blv,https://www.ginza-blv.jp/column/%e8%aa%b0%e3%81%ab%e3%81%a7%e3%82%82%e3%81%a7%e3%81%8d%e3%82%8b%e8%b6%85%e7%b0%a1%e5%8d%98%e3%82%b9%e3%82%af%e3%83%af%e3%83%83%e3%83%88%e3%81%a7%e8%86%9d%e4%b8%8a%e3%81%ae%e8%82%89%e3%82%92%e3%82%b9/,誰にでもできる超簡単スクワットで膝上の肉をス,,誰にでもできる超簡単スクワットで膝上の肉をスッキリ解消！｜エステサロン GINZA BLV(ギンザブルー),みなさんダイエットは順調ですか？ダイエットを効率・効果的に行う上で気をつけなければいけないポイントに「運動」がありますが、日々の生活の中で運動するのって本当に難しいですよね？けど、運動不足を放置したり、筋肉つけないと痩せや...,,,コラム | 体を綺麗に痩せるためには筋トレが必要 | スクワットのメリット | 効率、効果的なスクワットのやり方 | 最後に,
ginza-blv,https://www.ginza-blv.jp/column/%e3%82%a8%e3%82%b9%e3%83%86%e3%82%b5%e3%83%ad%e3%83%b3%e3%81%ae%e6%b1%97%e3%81%8b%e3%81%8d%e3%81%a7%e7%be%8e%e7%99%bd%e3%81%ab%e3%81%aa%e3%82%8b%e6%96%b9%e6%b3%95/,エステサロンの汗かきで美白になる方法,,エステサロンの汗かきで美白になる方法｜エステサロン GINZA BLV(ギンザブルー),「汗をかく＝美白」と聞くと、一見矛盾しているように感じるかもしれません。でも実は、エステサロンでの“汗かき”体験が、肌のくすみを晴らし、透明感あふれる美白肌に導く重要なステップなんです。このページでは、エステや入浴剤、スキンケア商品などを...,,,コラム | なぜ「汗かき」が美白にいいのか？ | エステサロンでの「汗かき美白」コースとは？ | 自宅でできる「汗かき美白」ケア方法 | 汗かきエステ×美白を成功させるポイント | 汗かき美白を加速させる！“ひと工夫”アイディア集 | まとめ　「汗かき」は美白への近道！ | 最後に,
ginza-blv,https://www.ginza-blv.jp/column/%e3%83%96%e3%83%a9%e3%82%a4%e3%83%80%e3%83%ab%e3%82%a8%e3%82%b9%e3%83%86%e3%81%a7%e6%9c%80%e9%ab%98%e3%81%ae%e7%be%8e%e7%99%bd%e3%81%ab%e3%81%aa%e3%82%8b%e3%81%9f%e3%82%81%e3%81%ab/,ブライダルエステで最高の美白になるために,,ブライダルエステで最高の美白になるために｜エステサロン GINZA BLV(ギンザブルー),結婚式は、人生の中でも特別な1日。その大切な日を、美しく輝く肌で迎えたい…そんな花嫁様におすすめなのが「ブライダルエステ」です。中でも最近注目を集めているのが、美白に特化したブライダルケア。今回は、肌のくすみや毛穴、ニキビ...,,,コラム | 花嫁に必要な美白ケアとは？ | ブライダルエステでできる美白ケア一覧 | 挙式までのスケジュール例（いつから始める？） | ブライダルエステの選び方ポイント | 美白効果を高めるための工夫 | メンズ＆カップル向けブライダルエステも登場中 | まとめ　最高に美しい“自分”で結婚式を迎えるために,
ginza-blv,https://www.ginza-blv.jp/column/%e3%82%a8%e3%82%b9%e3%83%86%e3%82%b5%e3%83%ad%e3%83%b3%e3%81%a7%e6%af%9b%e7%a9%b4%e5%af%be%e7%ad%96%e3%80%81%e7%be%8e%e7%99%bd%e3%82%92%e7%9b%ae%e6%8c%87%e3%81%99/,エステサロンで毛穴対策、美白を目指す,,エステサロンで毛穴対策、美白を目指す｜エステサロン GINZA BLV(ギンザブルー),肌の印象は、第一印象を大きく左右します。中でも「毛穴」と「美白」は、多くの人が抱える肌の悩みですよね。自宅ケアだけではなかなか改善が難しい…そんなとき頼りになるのがエステサロンです。今回は、「毛穴対策」と「美白ケア」に特化...,,,コラム | なぜ毛穴と美白に悩む人が多いのか？ | エステサロンでできる毛穴＆美白ケアの具体例 | エステ選びのポイント7つ | 毛穴ケアと美白ケアを同時に行うメリット | 季節別・おすすめ毛穴＆美白ケア | ホームケアとサロンケアの違いと、うまく併用するコツ | サロンケアの強み,
ginza-blv,https://www.ginza-blv.jp/column/%e3%83%95%e3%82%a7%e3%82%a4%e3%82%b7%e3%83%a3%e3%83%ab%e3%83%9e%e3%83%83%e3%82%b5%e3%83%bc%e3%82%b8%e3%81%a7%e7%be%8e%e8%82%8c%e3%82%92%e6%89%8b%e3%81%ab%e5%85%a5%e3%82%8c%e3%82%8b%e6%96%b9%e6%b3%95/,フェイシャルマッサージで美肌を手に入れる方法,,フェイシャルマッサージで美肌を手に入れる方法｜エステサロン GINZA BLV(ギンザブルー),フェイシャルマッサジは、肌のケアやむくみ解消だけでなく、心身のリラクゼーションやエイジングケアにも効果が期待できる、現代女性にとって欠かせない美容法のひとつです。この記事では、フェイシャルマッサージの効果や基本的な施術の流れ、自分...,,,コラム | フェイシャルマッサージとは？ | なぜフェイシャルマッサージで効果が出るの？ | フェイシャルマッサージの流れ | セルフで行うフェイシャルマッサージのポイント | フェイシャルマッサージが向いている人のタイプ | まとめ　自分に合ったマッサージで美肌＆リフレッシュ！ | 最後に,
ginza-blv,https://www.ginza-blv.jp/column/%e3%83%95%e3%82%a7%e3%82%a4%e3%82%b7%e3%83%a3%e3%83%ab%e3%82%a8%e3%82%b9%e3%83%86%e3%81%af%e3%81%99%e3%81%a3%e3%81%b4%e3%82%93%e3%81%a7%e8%a1%8c%e3%81%8f%e3%81%b9%e3%81%8d%ef%bc%9f%e3%83%a1%e3%82%a4/,フェイシャルエステはすっぴんで行くべき？メイ,,フェイシャルエステはすっぴんで行くべき？メイク・肌トラブル対策も徹底解説｜エステサロン GINZA BLV(ギンザブルー),フェイシャルエステに初めて行くとき、「すっぴんで行った方がいいの？」「メイクを落とす時間はある？」「肌トラブルがあっても大丈夫？」といった不安を感じたことはありませんか？今回の記事では、フェイシャルエステに行くときのメイクの有無や...,,,コラム | 基本は「すっぴん」で行くのがベスト！ | 「すっぴんで外出が不安…」という人は？ | フェイシャルエステの流れと施術内容 | メイクをして行くとNGなケースも？ | 帰宅後はどうすればいい？メイクしてもOK？ | フェイシャルエステ前後の注意点まとめ | よくある質問（Q&amp;A）,
ginza-blv,https://www.ginza-blv.jp/column/%e3%83%95%e3%82%a7%e3%82%a4%e3%82%b7%e3%83%a3%e3%83%ab%e3%82%a8%e3%82%b9%e3%83%86%e3%81%a7%e7%be%8e%e7%99%bd%e3%82%92%e7%9b%ae%e6%8c%87%e3%81%99/,フェイシャルエステで美白を目指す,,フェイシャルエステで美白を目指す｜エステサロン GINZA BLV(ギンザブルー),肌の悩みは人それぞれですが、特に「美白」や「透明感のある肌」への憧れは多くの人が共通して持つテーマです。紫外線によるシミやくすみ、乾燥による肌のごわつき、毛穴の開きなど、年齢と共に気になることが増えてきます。この記事では、そんな悩みに応え...,,,コラム | フェイシャルエステとは？ | なぜフェイシャルエステで美白が目指せるのか | 人気の美白フェイシャルエステが選ばれる理由 | 施術の流れと時間の目安 | エステサロンの選び方ポイント | フェイシャルエステでよくある質問 | まとめ,
ginza-blv,https://www.ginza-blv.jp/column/%e3%82%a8%e3%82%b9%e3%83%86%e3%82%b5%e3%83%ad%e3%83%b3%e3%81%a7%e5%8a%b9%e7%8e%87%e3%83%bb%e5%8a%b9%e6%9e%9c%e7%9a%84%e3%81%ab%e3%82%b9%e3%82%ad%e3%83%b3%e3%82%b1%e3%82%a2%e3%82%92%e3%81%99%e3%82%8b/,エステサロンで効率・効果的にスキンケアをする,,エステサロンで効率・効果的にスキンケアをする方法｜エステサロン GINZA BLV(ギンザブルー),「最近、肌の調子がなんだかパッとしない…」「自分のスキンケアだけじゃ物足りない」──そんな風に感じたことはありませんか？日々のメイクや乾燥、年齢とともに増える肌悩み。しっかりケアしているはずなのに、なかなか改善されない。そんなとき...,,,コラム | なぜエステでのスキンケアが効果的なのか？ | スキンケア目的別のおすすめメニュー | サロン選びで失敗しないポイント | よくある質問（Q&amp;A） | 自分に合ったサロンを探すには？ | 効率よく通うためのコツ | まとめ　エステでのスキンケアは“自分への投資”,
ginza-blv,https://www.ginza-blv.jp/column/%e7%be%8e%e8%82%8c%e3%82%bb%e3%83%ab%e3%83%95%e3%82%b1%e3%82%a2%e3%81%ae%e3%81%99%e3%81%99%e3%82%81-%e4%bb%8a%e6%97%a5%e3%81%8b%e3%82%89%e5%a7%8b%e3%82%81%e3%82%8b%e7%b0%a1%e5%8d%98%e3%82%b9%e3%82%ad/,美肌セルフケアのすすめ-今日から始める簡単スキ,,美肌セルフケアのすすめ 今日から始める簡単スキンケア習慣ガイド｜エステサロン GINZA BLV(ギンザブルー),美肌を手に入れたい。そう思ったとき、「高い化粧品を使わなきゃ」と感じる方も多いのでは？でも実は、自宅でもできるセルフケアだけで、肌の状態は大きく変わるんです。この記事では、忙しい毎日でも「今すぐ」「簡単に」始められる美肌セ...,,,コラム | 美肌を目指すなら「毎日の積み重ね」が大切 | セルフケアで意識したい3つの基本 | 自分に合ったスキンケアを「見つける方法」 | 「肌悩み別」おすすめセルフケアアイテム一覧 | よくある質問Q&amp;A　セルフケアにまつわる疑問に答えます！ | セルフケアに役立つ「アプリ」「商品」「サービス」も活用しよう！ | まとめ　「美肌セルフケア」は誰でも、今日からできる！,
ginza-blv,https://www.ginza-blv.jp/column/%e7%97%a9%e8%ba%ab%e3%82%a8%e3%82%b9%e3%83%86%e3%82%b5%e3%83%ad%e3%83%b3%e3%81%ae%e5%89%8d%e5%be%8c%e3%81%ae%e9%a3%9f%e4%ba%8b%e3%82%92%e8%80%83%e3%81%88%e3%82%8b/,痩身エステサロンの前後の食事を考える,,痩身エステサロンの前後の食事を考える｜エステサロン GINZA BLV(ギンザブルー),エステサロンでボディの施術をすると、身体のサイズダウン、リフレッシュ、リラックスなど様々な良い効果が実感できます。ですが、施術前後の「食事」を何となく考えていると、せっかくの効果が低くなったりする場合があります。今回の記事...,,,コラム | エステの施術効果を持続させるために心がけたいこと | 最後に,
ginza-blv,https://www.ginza-blv.jp/column/%e3%83%95%e3%82%a7%e3%82%a4%e3%82%b7%e3%83%a3%e3%83%ab%e3%82%a8%e3%82%b9%e3%83%86%e3%81%ae%e6%89%8b%e9%a0%86%e3%81%a8%e3%81%af%ef%bc%9f%e5%88%9d%e5%bf%83%e8%80%85%e3%81%a7%e3%82%82%e5%ae%89%e5%bf%83/,フェイシャルエステの手順とは？初心者でも安心,,フェイシャルエステの手順とは？初心者でも安心の流れを解説！｜エステサロン GINZA BLV(ギンザブルー),肌の調子が気になるとき、「フェイシャルエステ」が気になる方も多いのではないでしょうか？毛穴の汚れ、くすみ、たるみ、乾燥、ニキビなど…肌の悩みは年齢を問わず尽きません。この記事では、フェイシャルエステの基本的な流れ・手順を、...,,,コラム | フェイシャルエステとは？ | フェイシャルエステの基本的な流れ | フェイシャルエステの効果と魅力 | 初めてでも安心！フェイシャルエステの選び方 | まとめ　フェイシャルエステで美肌習慣を | 最後に,
ginza-blv,https://www.ginza-blv.jp/column/%e3%83%95%e3%82%a7%e3%82%a4%e3%82%b7%e3%83%a3%e3%83%ab%e3%82%a8%e3%82%b9%e3%83%86%e3%81%a7%e7%be%8e%e8%82%8c%e3%81%ab%e3%81%aa%e3%82%8b%e6%96%b9%e6%b3%95/,フェイシャルエステで美肌になる方法,,フェイシャルエステで美肌になる方法｜エステサロン GINZA BLV(ギンザブルー),「最近、肌のくすみや毛穴の開きが気になる」「メイクのノリが悪くて気が滅入る」…そんなお悩みを持つ女性の方、お待たせしました！この記事では、2025年現在の最新情報をもとに、美肌を目指すためのフェイシャルエステの選び方・活用法・効果...,,,コラム | フェイシャルエステとは？基本の仕組みと期待できる効果 | ホームケアとどう違う？フェイシャルエステの強み | フェイシャルエステで効果を最大化する方法 | 年代別・フェイシャルエステのおすすめ施術 | よくある質問（Q＆A） | まとめ　自分に合ったエステで、透明感ある肌へ | 最後に,
ginza-blv,https://www.ginza-blv.jp/column/%e3%83%95%e3%82%a7%e3%82%a4%e3%82%b7%e3%83%a3%e3%83%ab%e3%82%a8%e3%82%b9%e3%83%86%e3%81%a7%e3%83%8b%e3%82%ad%e3%83%93%e3%80%81%e3%83%8b%e3%82%ad%e3%83%93%e8%b7%a1%e3%82%92%e5%af%be%e7%ad%96%e3%81%99/,フェイシャルエステでニキビ、ニキビ跡を対策す,,フェイシャルエステでニキビ、ニキビ跡を対策する方法｜エステサロン GINZA BLV(ギンザブルー),ニキビ・ニキビ跡に悩む人が増えている理由とは？「治っても跡が残る…」「スキンケアだけでは限界を感じる」そんなニキビやニキビ跡の悩み、近年は男女問わず非常に増えています。その理由は、ストレス・生活習慣の乱れ・食事バラ...,,,コラム | フェイシャルエステでできるニキビ・ニキビ跡対策とは？ | ニキビ・ニキビ跡への効果は？どんな肌質に合ってる？ | ニキビ・跡を改善するには「継続」がカギ！ | エステサロンで受けるメリットと、ホームケアの違い | サロン選びのポイント | まとめ フェイシャルエステでニキビ＆跡をケアする新常識 | 最後に,
ginza-blv,https://www.ginza-blv.jp/column/%e3%82%a8%e3%82%b9%e3%83%86%e3%82%b5%e3%83%ad%e3%83%b3%e3%81%ae%e3%82%b7%e3%83%9f%e5%8f%96%e3%82%8a%e5%8a%b9%e6%9e%9c%e3%81%ab%e3%81%a4%e3%81%84%e3%81%a6%e5%be%b9%e5%ba%95%e8%a7%a3%e8%aa%ac/,エステサロンのシミ取り効果について徹底解説,,エステサロンのシミ取り効果について徹底解説｜エステサロン GINZA BLV(ギンザブルー),増え続える「シミ」の悩みと原因シミの悩みは年齢を問わず多くの人に共通しています。特に紫外線を浴びやすい日本では、シミやくすみが肌悩みの上位に常にランクインしています。シミは紫外線によって肌内部に生成されるメラニン色...,,,コラム | 増え続える「シミ」の悩みと原因 | シミの種類と状態別の対策方法 | エステサロンで行うシミ取り施術の種類と特徴 | エステ vs 医療レーザーの違いと選び方 | シミ取り施術の流れと注意点【エステ版】 | シミを薄くするためのホームケアと生活習慣の見直し | よくある質問,
ginza-blv,https://www.ginza-blv.jp/column/%e7%90%86%e6%83%b3%e3%81%ae%e3%83%80%e3%82%a4%e3%82%a8%e3%83%83%e3%83%88%e3%81%ae%e3%81%9f%e3%82%81%e3%81%ae%e5%a5%b3%e6%80%a7%e3%81%ae%e5%a2%97%e9%87%8f%e6%9c%9f%e3%82%92%e8%80%83%e3%81%88%e3%82%8b/,理想のダイエットのための女性の増量期を考える,,理想のダイエットのための女性の増量期を考える｜エステサロン GINZA BLV(ギンザブルー),女性の皆さん、ダイエットは順調ですか？今回は「増量期」に関する記事です。一般的なダイエットではなかなか耳にしないワードで、主にパーソナルトレーニングや、ジムなどで取り入れる方法です。正しい増量期の知識を得ることで効...,,,コラム | 増量期とは？ | 増量期のメリット | 増量期の注意点 | 増量期の期間 | 増量期の食事方法 | 増量期の運動方法 | 増量をする上で心掛けたいこと,
ginza-blv,https://www.ginza-blv.jp/column/%e7%97%a9%e8%ba%ab%e3%82%a8%e3%82%b9%e3%83%86%e3%82%b5%e3%83%ad%e3%83%b3%e3%81%a7%e4%ba%ba%e6%b0%97%e3%81%ae%e3%82%ad%e3%83%a3%e3%83%93%e3%83%86%e3%83%bc%e3%82%b7%e3%83%a7%e3%83%b3%e3%81%a7%e8%84%82/,痩身エステサロンで人気のキャビテーションで脂,,痩身エステサロンで人気のキャビテーションで脂肪対策｜エステサロン GINZA BLV(ギンザブルー),皆さんは痩身エステサロンの人気施術、トリートメントと言ったら何を思い浮かべますか？ラジオ波、リンパマッサージ、超音波、ems、脂肪吸引、ハンドマッサージ、冷却など痩身エステで数あるマシンの中でも、今回は特に人気の「キャビテーション...,,,コラム | キャビテーションとは | キャビテーションのメリット | キャビテーションはこんな方にオススメ | 最後に,
ginza-blv,https://www.ginza-blv.jp/column/%e8%85%b0%e3%82%92%e7%b4%b0%e3%81%8f%e3%81%97%e3%81%9f%e3%81%84%e4%ba%ba%e5%bf%85%e8%a6%8b%ef%bc%81%e6%86%a7%e3%82%8c%e3%81%ae%e3%81%8f%e3%81%b3%e3%82%8c%e3%82%92%e6%89%8b%e3%81%ab%e3%82%8c%e3%82%8b/,腰を細くしたい人必見！憧れのくびれを手にれる,,腰を細くしたい人必見！憧れのくびれを手にれる方法｜エステサロン GINZA BLV(ギンザブルー),みなさんダイエットの調子はいかがですか？今回は「腰周りの脂肪」に関する記事です。腰周りの脂肪は一度ついてしまうと、本当に落ちにくい部位で困っている人も多いと思います。腰周りに脂肪がついてしまう原因から、すっきり解消...,,,コラム | 腰周りが太ってしまう原因 | 腰周りの脂肪を解消する方法 | 腰周りの脂肪はエステサロンでピンポイント対策するのがオススメ！ | エステサロンはこんな人にオススメ | 最後に,
ginza-blv,https://www.ginza-blv.jp/column/%e3%81%b5%e3%81%8f%e3%82%89%e3%81%af%e3%81%8e%e3%82%92%e7%b4%b0%e3%81%8f%e3%81%99%e3%82%8b%e6%96%b9%e6%b3%95%e5%a4%aa%e3%81%8f%e3%81%aa%e3%82%8b%e5%8e%9f%e5%9b%a0%e3%82%92%e5%be%b9%e5%ba%95%e5%88%86/,ふくらはぎを細くする方法太くなる原因を徹底分,,ふくらはぎを細くする方法&太くなる原因を徹底分析！｜エステサロン GINZA BLV(ギンザブルー),みなさん、ダイエット順調ですか？食べ過ぎな人は食事制限、運動不足の人は有酸素運動でウォーキング、ランニングストレッチで脂肪燃焼などエクササイズ、トレーニング、もっと意識高い人は筋トレ、その他マッサージなどを頑張っているかと思います...,,,コラム | ふくらはぎが太くなってしまう原因とは | ふくらはぎ痩せの方法 | ふくらはぎ痩せの心得 | 最後に,
ginza-blv,https://www.ginza-blv.jp/column/%e3%82%a8%e3%82%b9%e3%83%86%e3%82%b5%e3%83%ad%e3%83%b3%e3%81%a7%e7%be%8e%e8%82%8c%e3%82%92%e7%9b%ae%e6%8c%87%e3%81%99%e6%96%b9%e6%b3%95/,エステサロンで美肌を目指す方法,,エステサロンで美肌を目指す方法｜エステサロン GINZA BLV(ギンザブルー),突然ですが「お肌のお悩み」皆さん、どう対策、ケアしてますか？まさか自己流ケアで満足してないですよね？結論から言います！お肌のお悩み、美肌を目指したい人は絶対にエステサロンに通って美容のプロ、エステティシャンにフェイ...,,,コラム | フェイシャルエステはこんな人にオススメ | フェイシャルエステで期待できる効果 | フェイシャルエステはこんな肌トラブルにアプローチします | エステサロンで美肌を目指す施術 | 自己流ケアではなくフェイシャルエステに通うメリット | 最後に,
ginza-blv,https://www.ginza-blv.jp/column/%e7%9a%ae%e4%b8%8b%e8%84%82%e8%82%aa%e3%81%a7%e5%9b%b0%e3%81%a3%e3%81%a6%e3%81%84%e3%82%8b%e4%ba%ba%e5%bf%85%e8%a6%8b%e3%81%ae%e3%83%9e%e3%83%83%e3%82%b5%e3%83%bc%e3%82%b8%e3%81%a7%e3%82%b5%e3%82%a4/,皮下脂肪で困っている人必見のマッサージでサイ,,皮下脂肪で困っている人必見のマッサージでサイズダウンを目指す！｜エステサロン GINZA BLV(ギンザブルー),ダイエット中の皆さん、脂肪のお悩みをスッキリ解決したいですよね！今回の記事は脂肪の中でも特に厄介な「皮下脂肪」に注目!!自宅で簡単にできるおすすめのマッサージで蓄積した皮下脂肪効率・効果的にケアしましょう♩脂肪の種類につい...,,,コラム | 脂肪の種類について | セルライトについて | 皮下脂肪に◎ポッコリ下腹解消リンパマッサージ | 太ももの皮下脂肪にはこれ！ | マッサージする上での注意点を解説 | 最後に,
ginza-blv,https://www.ginza-blv.jp/column/%e7%b0%a1%e5%8d%98%e3%81%ab%e3%81%a7%e3%81%8d%e3%81%a6%e7%be%8e%e8%84%9a%e3%81%8c%e7%9b%ae%e6%8c%87%e3%81%9b%e3%82%8b%e5%a4%aa%e3%82%82%e3%82%82%e3%83%aa%e3%83%b3%e3%83%91%e3%83%9e%e3%83%83%e3%82%b5/,簡単にできて美脚が目指せる太ももリンパマッサ,,簡単にできて美脚が目指せる!!太ももリンパマッサージ｜エステサロン GINZA BLV(ギンザブルー),女性の皆さん、ダイエットは順調ですか？今回の記事で取り上げる内容は「美脚」が目指せるリンパマッサージです。自宅で簡単にできる方法、セルフケアのやり方を紹介しますのでキレイに下半身痩せしたい方はもちろん、セルライト、むくみなども解消...,,,コラム | 太ももが太くなってしまう原因 | 太もも痩せのために心がけたいこと | 太ももスッキリリンパマッサージのやり方 | 最後に,
ginza-blv,https://www.ginza-blv.jp/column/%e7%97%a9%e8%ba%ab%e3%82%a8%e3%82%b9%e3%83%86%e3%81%ae%e4%ba%ba%e6%b0%97%e3%83%9e%e3%82%b7%e3%83%b3%e3%80%81%e3%83%a9%e3%82%b8%e3%82%aa%e6%b3%a2%ef%bc%88rf%ef%bc%89%e3%82%92%e5%be%b9%e5%ba%95%e8%a7%a3/,痩身エステの人気マシン、ラジオ波（rf）を徹底解,,痩身エステの人気マシン、ラジオ波（RF）を徹底解剖！｜エステサロン GINZA BLV(ギンザブルー),エステサロンで使用されている人気のダイエット施術、ラジオ波。高周波が脂肪にしっかりアプローチ、痩せやすく太りにくい体質をが目指せます。今回の記事はそんなラジオ波を徹底分析します！ラジオ波とは？ラジオ波は電磁波のひと...,,,コラム | ラジオ波とは？ | ラジオ波の仕組み | ラジオ波の効果 | ラジオ波のメリット | ラジオ波はこんな女性におすすめ | 最後に,
ginza-blv,https://www.ginza-blv.jp/column/%e3%81%93%e3%82%8c%e3%82%92%e7%9f%a5%e3%81%a3%e3%81%a6%e3%81%84%e3%81%aa%e3%81%84%e3%81%a8%e3%82%84%e3%81%b0%e3%81%84%e7%97%a9%e8%ba%ab%e3%82%a8%e3%82%b9%e3%83%86%e3%82%b5%e3%83%ad%e3%83%b3%e5%be%8c/,これを知っていないとやばい痩身エステサロン後,,これを知っていないとやばい!?痩身エステサロン後の食事｜エステサロン GINZA BLV(ギンザブルー),今回の記事は知っているようで、知らなかった「エステサロン」後の食事についての記事です。まず覚えないければいけないのがコチラ痩身エステ直後の食事に気を付ける施術後の体は特別な状態です。ここで多くの栄養を摂取し...,,,コラム | 痩身エステ直後の食事に気を付ける | 痩身エステ後に摂取するべきもの | 痩身エステ後に摂取するべきでないもの | 痩身エステ後の水分補給について | 最後に,
ginza-blv,https://www.ginza-blv.jp/column/%e8%80%81%e3%81%91%e3%81%a6%e8%a6%8b%e3%81%88%e3%81%a6%e3%81%97%e3%81%be%e3%81%86%e3%80%81%e3%81%9f%e3%82%8b%e3%82%93%e3%81%a0%e4%ba%8c%e3%81%ae%e8%85%95%e3%82%92%e7%b4%b0%e3%81%8f%e3%81%97%e3%81%9f/,老けて見えてしまう、たるんだ二の腕を細くした,,老けて見えてしまう、たるんだ二の腕を細くしたいダイエット女子必見!!目指すは筋肉質のスッキリ二の腕｜エステサロン GINZA BLV(ギンザブルー),突然ですがこんなお悩みありませんか？太くて、たるんだ自分の二の腕にげんなりしている。普段から二の腕が気になって脂肪吸引でもしたい。負荷の高い筋トレ（腕立て伏せ）や有酸素運動（ウォーキング、ジョギング）してるのに何故...,,,コラム | 二の腕が太ってしまう原因とは？ | 老けて見えてしまう、たるんだ二の腕を細くするためにしたい運動 | 老けて見えてしまう、たるんだ二の腕を細くするために気をつけたい食事 | 最後に,
ginza-blv,https://www.ginza-blv.jp/column/%e7%ad%8b%e8%82%89%e8%b3%aa%e3%80%81%e7%ad%8b%e8%82%89%e5%a4%aa%e3%82%8a%e3%81%ae%e4%ba%ba%e3%82%82%e5%ae%89%e5%bf%83%e3%81%97%e3%81%a6%ef%bc%81%e3%81%8a%e3%81%99%e3%81%99%e3%82%81%e8%84%9a%e3%82%84/,筋肉質、筋肉太りの人も安心して！おすすめ脚や,,筋肉質、筋肉太りの人も安心して！おすすめ脚やせ術｜エステサロン GINZA BLV(ギンザブルー),何か私の下半身（足、太もも、ふくらはぎ）って筋肉がガチガチで他の人よりもゴツゴツして、硬くて、太いような気がする。脂肪より筋肉が多くて特に外側がパンパンに張っているから太く見えると思う。そんな「筋肉質、筋肉太り」が...,,,コラム | 筋肉質な脚になる原因とは？ | 自分の脚は筋肉質？それとも脂肪？ | 筋肉を落として脚をスッキリさせるには？ | 最後に,
ginza-blv,https://www.ginza-blv.jp/column/%e5%a4%aa%e3%82%82%e3%82%82%e4%bb%98%e3%81%91%e6%a0%b9%e3%81%ae%e3%82%80%e3%81%8f%e3%81%bf%e3%81%8c%e6%b0%97%e3%81%ab%e3%81%aa%e3%82%8b%e4%ba%ba%e5%bf%85%e8%a6%8b%ef%bc%81%e7%b0%a1%e5%8d%98%e3%81%ab/,太もも付け根のむくみが気になる人必見！簡単に,,太もも付け根のむくみが気になる人必見！簡単にできる解消法とは？｜エステサロン GINZA BLV(ギンザブルー),今回のコラムではダイエットには欠かせない「むくみ」を紹介していきます。特に悩みの部位として多くの人が困っている「太もも付け根」にフォーカスした記事になっています。むくみの原因から、予防、改善方法までをわかりやすくお...,,,コラム | むくみの原因 | むくみの放置は危ない | むくみを予防するために必要なことまとめ | むくみ解消法 | 最後に,
ginza-blv,https://www.ginza-blv.jp/column/%e7%97%a9%e8%ba%ab%e3%82%a8%e3%82%b9%e3%83%86%e3%81%a7%e4%bd%bf%e7%94%a8%e3%81%95%e3%82%8c%e3%81%a6%e3%81%84%e3%82%8b%e6%a9%9f%e5%99%a8%e3%83%bb%e7%a8%ae%e9%a1%9e%e3%82%92%e3%82%8f%e3%81%8b%e3%82%8a/,痩身エステで使用されている機器・種類をわかり,,痩身エステで使用されている機器・種類をわかりやすく解説！｜エステサロン GINZA BLV(ギンザブルー),痩身エステではより効率・効果的な施術を行うため、さまざまな業務用美容機器を導入しています。ラジオ波、キャビテーションといった脂肪にアプローチするものから、emsなど筋トレ効果のあるもの、そしてフェイシャルでは、美顔器など。...,,,コラム | 家庭用と業務用の違い | 美容機器の種類 | 業務用マシンを導入している痩身エステサロンの選び方 | 最後に,
ginza-blv,https://www.ginza-blv.jp/column/%e3%81%b5%e3%81%8f%e3%82%89%e3%81%af%e3%81%8e%e7%97%a9%e3%81%9b%e3%81%97%e3%81%9f%e3%81%84%e4%ba%ba%e6%b3%a8%e7%9b%ae%ef%bc%81%e3%81%84%e3%82%89%e3%81%aa%e3%81%84%e8%84%82%e8%82%aa%e3%81%ab%e5%be%b9/,ふくらはぎ痩せしたい人注目！いらない脂肪に徹,,ふくらはぎ痩せしたい人注目！いらない脂肪に徹底アプローチ！｜エステサロン GINZA BLV(ギンザブルー),一度脂肪がついてしまうと、とにかく落としにくい部位と、お悩みの方も多い「ふくらはぎ」。ふくらはぎが太くて困ってる、脂肪を減らしたい、燃焼したい。今回はそんな「ふくらはぎ痩せ」したい人におすすめの記事です！誰もが憧れ...,,,コラム | ふくらはぎが太る原因＆解消法 | むくみが原因の場合 | 冷えが原因の場合 | 脂肪が原因の場合 | まとめ,
ginza-blv,https://www.ginza-blv.jp/column/%e8%83%8c%e4%b8%ad%e7%be%8e%e4%ba%ba%e3%82%92%e7%9b%ae%e6%8c%87%e3%81%99%e3%81%aa%e3%82%89%e7%97%a9%e8%ba%ab%e3%82%a8%e3%82%b9%e3%83%86%e3%82%b5%e3%83%ad%e3%83%b3%e3%81%8c%e3%81%8a%e3%81%99%e3%81%99/,背中美人を目指すなら痩身エステサロンがおすす,,背中美人を目指すなら痩身エステサロンがおすすめ！｜エステサロン GINZA BLV(ギンザブルー),ハミ肉、肩甲骨が脂肪で埋もれてる、たるみが気になるなど「背中ダイエット」でお悩みの方いませんか？背中は身体の全身の中で二の腕、お腹と同じようにサイズダウンするのが難しく、脂肪が付きやすい部位です。自分で鏡で確認したり、見れない部分...,,,コラム | 背中に脂肪がついてしまう原因とは？ | 背中痩せ施術方法 | 結婚式を控えてる人はブライダルエステがオススメ | 効率的に背中するための痩身エステサロンの選び方 | 最後に,
ginza-blv,https://www.ginza-blv.jp/column/%e8%82%a9%e5%91%a8%e3%82%8a%e3%81%8c%e7%97%a9%e3%81%9b%e3%81%9f%e3%81%84%e4%ba%ba%e5%bf%85%e8%a6%8b%e7%b0%a1%e5%8d%98%e3%83%80%e3%82%a4%e3%82%a8%e3%83%83%e3%83%88%e6%96%b9%e6%b3%95%e3%82%92%e7%b4%b9/,肩周りが痩せたい人必見簡単ダイエット方法を紹,,肩周りが痩せたい人必見!簡単ダイエット方法を紹介｜エステサロン GINZA BLV(ギンザブルー),女性のみなさん、ダイエットは順調ですか？今回は上半身、特に「肩周り」に関する記事です。肩周りは人間の数ある部位の中でも一度脂肪が付いてしまうと痩せにくく、簡単に改善するのは難しいと言われています。そんな肩周りをスッ...,,,コラム | 肩に脂肪がつく原因とは？ | 肩周りに効果的なエクササイズ | 肩周りを痩せたい人へ覚えておきたいポイント | 最後に,
ginza-blv,https://www.ginza-blv.jp/column/%e8%aa%b0%e3%81%a7%e3%82%82%e7%b0%a1%e5%8d%98%e3%81%ab%e3%81%a7%e3%81%8d%e3%82%8b%ef%bc%81%e5%86%85%e3%82%82%e3%82%82%e7%97%a9%e3%81%9b%e7%ad%8b%e3%83%88%e3%83%ac%e3%81%a7%e7%be%8e%e8%84%9a%e7%be%8e/,誰でも簡単にできる！内もも痩せ筋トレで美脚美,,誰でも簡単にできる！内もも痩せ筋トレで美脚美人を目指す！｜エステサロン GINZA BLV(ギンザブルー),みなさんダイエットの調子はどうですか？今回の記事は太ももの内側の脂肪を解消したい人向けのおすすめ関連コラム記事です！太ももはなぜ痩せる？といった基礎的な知識から、太ももを引き締めるトレーニング、エクササイズ、ストレッチなど...,,,コラム | 内ももが太ってしまう原因 | 内ももやせ対策 | 最後に,
ginza-blv,https://www.ginza-blv.jp/column/%e3%82%bb%e3%83%ab%e3%83%a9%e3%82%a4%e3%83%88%e3%81%ae%e5%8e%9f%e5%9b%a0%e3%82%92%e7%9f%a5%e3%81%a3%e3%81%a6%e7%90%86%e6%83%b3%e3%81%ae%e3%83%9c%e3%83%87%e3%82%a3%e3%82%92%e7%9b%ae%e6%8c%87%e3%81%99/,セルライトの原因を知って理想のボディを目指す,,セルライトの原因を知って理想のボディを目指す！｜エステサロン GINZA BLV(ギンザブルー),突然ですがセルライトで悩んでいる方いませんか？セルライト特有の表面が凸凹な皮膚はテンション下がっちゃいますよね。太もも、お尻、お腹などにできるからどうしても目立っちゃうし。しかも、放って置いても絶対に解消せず、大き...,,,コラム | セルライトとは？ | セルライトができる流れ | セルライトができる原因 | セルライト解消法 | 最後に,
ginza-blv,https://www.ginza-blv.jp/column/%e5%a4%aa%e3%82%82%e3%82%82%e3%81%8c%e5%a4%aa%e3%81%84%e3%81%a8%e6%82%a9%e3%82%93%e3%81%a7%e3%81%84%e3%82%8b%e5%a5%b3%e6%80%a7%e5%bf%85%e8%a6%8b%ef%bc%81%e5%8e%9f%e5%9b%a0%e3%82%92%e7%9f%a5%e3%81%a3/,太ももが太いと悩んでいる女性必見！原因を知っ,,太ももが太いと悩んでいる女性必見！原因を知って効果的に痩せよう！｜エステサロン GINZA BLV(ギンザブルー),こんにちは！みなさんダイエットは順調ですか？女性の体の悩みは人によってさまざまです。体重を減らしたい、全体的にサイズダウンしたい（上半身、下半身）、そして部分的（二の腕、お腹、お尻、足、ふくらはぎ等）に痩せたいなど。...,,,コラム | 理想の太ももとは？サイズ、計算方法 | 太ももが太くなってしまう原因とは？ | 太もも痩せに最適！太ももに効くダイエットメニュー | 最後に,
ginza-blv,https://www.ginza-blv.jp/column/%e3%82%bb%e3%83%ab%e3%83%a9%e3%82%a4%e3%83%88%e3%81%af%e7%97%a9%e8%ba%ab%e5%b0%82%e9%96%80%e3%82%a8%e3%82%b9%e3%83%86%e3%81%a7%e8%a7%a3%e6%b6%88%e3%81%99%e3%82%8b%ef%bc%81/,セルライトは痩身専門エステで解消する！,,セルライトは痩身専門エステで解消する！｜エステサロン GINZA BLV(ギンザブルー),みなさんこんにちは！ダイエットの調子はいかがですか？体重、部位痩せなど、自分の体の悩みはもちろんですが、セルライトケアってどうしてますか？結果、結論から言うとセルライトを自己流で除去、解消するのは今すぐやめることを...,,,コラム | そもそもセルライトとは？ | セルライトができる原因 | セルライト解消方法 | セルライトは美容のプロエステティシャンにお任せ | 最後に,
ginza-blv,https://www.ginza-blv.jp/column/%e5%a4%aa%e3%82%82%e3%82%82%e7%97%a9%e3%81%9b%e3%81%af%e8%84%9a%e7%97%a9%e3%81%9b%e3%81%8c%e5%be%97%e6%84%8f%e3%81%aa%e7%97%a9%e8%ba%ab%e3%82%a8%e3%82%b9%e3%83%86%e3%82%b5%e3%83%ad%e3%83%b3%e3%81%8c/,太もも痩せは脚痩せが得意な痩身エステサロンが,,太もも痩せが得意な痩身エステサロンとは？｜エステサロン GINZA BLV(ギンザブルー),ダイエット順調ですか？今回の記事はダイエット中の方、超必見！ 「太もも痩せ」が得意な痩身専門のエステサロンを紹介します。脂肪スッキリ健康的にサイズダウンして、憧れの美脚目指しましょ♪自分の足タイプを知ろうま...,,,コラム | 自分の足タイプを知ろう | 脚痩せエステの施術内容 | 店舗の対応について | 太もも痩せは痩身専門エステサロンBLVで,
ginza-blv,https://www.ginza-blv.jp/column/%e7%97%a9%e8%ba%ab%e3%82%a8%e3%82%b9%e3%83%86%e3%81%a7%e4%ba%ba%e6%b0%97%e3%81%ae%e6%a9%9f%e5%99%a8%e3%83%bb%e7%a8%ae%e9%a1%9e%e3%81%ab%e3%81%a4%e3%81%84%e3%81%a6/,痩身エステで人気の機器・種類について,,痩身エステで人気の機器・種類について｜エステサロン GINZA BLV(ギンザブルー),エステサロンでボディやフェイシャルを効果・効率的に施術してもらう際、業務用美容機器は欠かせない存在です。今回はそんな痩身エステで人気のおすすめ施術マシンを紹介します！キャビテーションキャビテーションとは一般...,,,コラム | キャビテーション | ラジオ波 | ems | 遠赤外線サウナ | 最後に,
ginza-blv,https://www.ginza-blv.jp/column/%e4%ba%8c%e3%81%ae%e8%85%95%e7%97%a9%e3%81%9b%e3%81%ab%e3%82%aa%e3%82%b9%e3%82%b9%e3%83%a1%e3%81%ae%e3%82%a8%e3%82%b9%e3%83%86%e3%81%a8%e3%81%af%ef%bc%9f/,二の腕痩せにオススメのエステとは？,,二の腕痩せにオススメのエステとは？｜エステサロン GINZA BLV(ギンザブルー),突然ですが二の腕痩せって本当に大変ですよね。自己流でケアしてる人は特に難しい部位の一つだと思います。そんな方にオススメしたいのが「痩身エステ」。自分では痩せにくい部分だからこそ、痩身専門店のエステサロンで美容のプロ...,,,コラム | 二の腕痩せに特化しているエステサロンの選び方 | そもそも二の腕が痩せにくいのはなぜ？ | エステサロンで二の腕痩せができるビューティートリートメントを紹介 | 効率・効果的に二の腕痩せが期待できるエステサロンのポイント | まとめ,
ginza-blv,https://www.ginza-blv.jp/column/%e7%97%a9%e8%ba%ab%e3%82%a8%e3%82%b9%e3%83%86%e3%81%ab%e9%80%9a%e3%81%86%e9%a0%bb%e5%ba%a6%e3%83%bb%e9%96%93%e9%9a%94%e3%81%af%e3%81%a9%e3%81%ae%e3%81%8f%e3%82%89%e3%81%84%e3%81%8c%e3%81%8a%e3%81%99/,痩身エステに通う頻度・間隔はどのくらいがおす,,痩身エステに通う頻度・間隔はどのくらいがおすすめ？｜エステサロン GINZA BLV(ギンザブルー),痩身エステってどれくらいの回数で効果が出る？ 一番効果の出る頻度はどれくらい？そんなことが気になった方いませんか？今回紹介する記事では痩身エステで効果的にしっかり痩せるまでに必要な期間、時間、程度、どのくらいの頻度、間隔が...,,,コラム | 痩身エステで効果が出るまでの回数はどれくらい？ | 毎日通っても意味ある？痩身エステの頻度はどのくらいが適切？ | 痩身エステサロンに通う期間はどれくらいが適当？ | 痩身エステサロンで効果が出る回数はどれくらいが適当？ | 痩身エステを受けるために注意したいポイント | 最後に,
ginza-blv,https://www.ginza-blv.jp/column/%e3%82%bb%e3%83%ab%e3%83%a9%e3%82%a4%e3%83%88%e5%af%be%e7%ad%96%e3%81%af%e7%97%a9%e8%ba%ab%e3%82%a8%e3%82%b9%e3%83%86%e3%82%b5%e3%83%ad%e3%83%b3%e3%81%a7%e6%b1%ba%e3%81%be%e3%82%8a%ef%bc%81/,セルライト対策は痩身エステサロンで決まり！,,セルライト対策は痩身エステサロンで決まり！｜エステサロン GINZA BLV(ギンザブルー),ダイエット中の女性にとってサイズダウンはもちろん、セルライトケアも気になる一つのポイントだと思います。今回の記事はそんなセルライトのおすすめ情報をまとめました。セルライトの知識から自分でしっかりケアできる方法、またセルライ...,,,コラム | セルライトとは？ | セルライトができる原因 | 自分でできるセルライト解消法 | セルライトは痩身専門エステサロンでケアするのが一番。 | セルライトに特化したエステサロンの探し方 | 最後に,
ginza-blv,https://www.ginza-blv.jp/column/%e3%82%a6%e3%82%a8%e3%83%87%e3%82%a3%e3%83%b3%e3%82%b0%e3%83%89%e3%83%ac%e3%82%b9%e3%82%92%e3%82%82%e3%81%a3%e3%81%a8%e7%b6%ba%e9%ba%97%e3%81%ab%e7%9d%80%e3%81%9f%e3%81%84%e4%ba%ba%e5%bf%85%e8%a6%8b/,ウエディングドレスをもっと綺麗に着たい人必見,,ウエディングドレスをもっと綺麗に着たい人必見！ 背中までしっかり綺麗にしてくれるブライダルエステの選び方｜エステサロン GINZA BLV(ギンザブルー),結婚式、花嫁姿は全ての女性にとっての憧れの舞台できるだけ、いや「自分史上最高の状態で挙式を迎えたい」というのが本音だと思います。そこで、今回紹介するテーマはブライダルエステです。皆さんご存じの通り、ブライダルエステは挙式当...,,,コラム | ブライダルエステで背中をケアするメリットは？ | 背中をケアに特化したブライダルエステの種類 | ブライダルエステの選び方 | 最後に,
ginza-blv,https://www.ginza-blv.jp/column/%e3%82%a8%e3%82%b9%e3%83%86%e3%81%a7%e4%ba%8c%e3%81%ae%e8%85%95%e3%81%9f%e3%82%8b%e3%81%bf%e7%97%a9%e3%81%9b%e3%81%af%e5%8f%af%e8%83%bd-%e3%82%b5%e3%83%ad%e3%83%b3%e3%81%ae%e9%81%b8%e3%81%b3/,エステで二の腕たるみ痩せは可能-サロンの選び,,エステで二の腕たるみ痩せは可能!? サロンの選び方教えちゃいます｜エステサロン GINZA BLV(ギンザブルー),ダイエット女子の皆さん、調子はどうですか？順調ですか？しっかり目標に向けて効果、そして結果は出ていますか？とにかく贅肉を無くしたい、体重を落としたい、全身痩せたい、サイズダウンしたい、スタイル良く見せたい、上半身だけ、下半身だけ、...,,,コラム | 二の腕が太くなる理由 | 引き締まった理想の二の腕になるにはエステサロンがおすすめ | 二の腕痩せに特化したエステサロンの選び方 | 二の腕痩せに適した施術 | 最後に,
ginza-blv,https://www.ginza-blv.jp/column/%e3%81%b5%e3%81%8f%e3%82%89%e3%81%af%e3%81%8e%e3%82%92%e5%8a%b9%e6%9e%9c%e7%9a%84%e3%81%ab%e7%97%a9%e3%81%9b%e3%82%8b%e6%96%b9%e6%b3%95%e3%81%a8%e3%81%af%ef%bc%9f/,ふくらはぎを効果的に痩せる方法とは？,,ふくらはぎを効果的に痩せる方法とは？｜エステサロン GINZA BLV(ギンザブルー),下半身の中でも特に痩せにくい部位「ふくらはぎ」。脚の中でも特に人目に触れることが多いのでスリムにしたい人も多いのではないでしょうか？今回はそんなふくらはぎ痩せを効果的に成功させる方法を紹介します！ぽっこりふくらはぎが解消す...,,,コラム | ふくらはぎが太くなる原因 | ふくらはぎ痩せに効果的な方法 | セルフケアで大切なこと | ふくらはぎ痩せは痩身エステがオススメ | 最後に,
ginza-blv,https://www.ginza-blv.jp/column/%e8%84%9a%e7%97%a9%e3%81%9b%e3%81%97%e3%81%9f%e3%81%84%e4%ba%ba%e8%b6%85%e6%b3%a8%e7%9b%ae%e3%81%ae%e3%81%8a%e3%81%99%e3%81%99%e3%82%81%e3%82%a8%e3%82%b9%e3%83%86%e3%82%b5%e3%83%ad%e3%83%b3/,脚痩せしたい人超注目のおすすめエステサロン,,脚痩せしたい人超注目のおすすめエステサロン｜エステサロン GINZA BLV(ギンザブルー),美脚は女性の憧れ。でも、ダイエットをしても脚痩せや太もも痩せ、下半身やせがどうしても難しい、うまくいかないなんて方、多いのではないでしょうか？今回紹介する記事は「脚痩せにピッタリのエステサロン」です。脚痩せメニューを提供し...,,,コラム | 自分の足の太さのタイプを知ろう | 脚痩せエステの施術内容 | 脚痩せエステサロンの選び方 | 最後に,
ginza-blv,https://www.ginza-blv.jp/column/%e7%97%a9%e8%ba%ab%e3%82%a8%e3%82%b9%e3%83%86%e3%81%af%e6%9c%ac%e5%bd%93%e3%81%ab%e7%97%a9%e3%81%9b%e3%82%8b%ef%bc%9f%e6%96%bd%e8%a1%93%e3%81%ae%e7%a8%ae%e9%a1%9e%e3%82%84%e5%86%85%e5%ae%b9%e3%82%92/,痩身エステは本当に痩せる？施術の種類や内容を,,痩身エステは本当に痩せる？施術の種類や内容を徹底解説！｜エステサロン GINZA BLV(ギンザブルー),ダイエットするんだ！と考えているものの、明日から来週から、痩せる時期に入ってからなど、なかなか行動できない。ダイエットをはじめたものの、1週間ぐらいでやめてしまっていて、長続きしたことがない。しかも何度も。ガッツリ目標まで...,,,コラム | 痩身エステとは？ | 痩身エステの種類を紹介 | 痩身エステをより効果的にするため気をつけたいこと | 最後に,
ginza-blv,https://www.ginza-blv.jp/column/%e7%97%a9%e8%ba%ab%e3%82%a8%e3%82%b9%e3%83%86%e3%81%ae%e9%a0%bb%e5%ba%a6%e3%81%a8%e6%9c%9f%e9%96%93%e3%81%af%e3%81%a9%e3%81%ae%e3%81%90%e3%82%89%e3%81%84%e3%81%8c%e3%82%aa%e3%82%b9%e3%82%b9%e3%83%a1/,痩身エステの頻度と期間はどのぐらいがオススメ,,痩身エステの頻度と期間はどのぐらいがオススメ？｜エステサロン GINZA BLV(ギンザブルー),エステサロンでの施術はどのくらいの頻度で行けば効果が出るの？そんな疑問を持っている方も多いと思います。そこで今回は痩身エステの「頻度と期間」の記事です。※フェイシャル、ブライダルエステ、脱毛等は他の記事にてご紹介予定です。...,,,コラム | 痩身エステに通う頻度と期間について | オススメの痩身エステ選び | 痩身エステの回数、期間を決める上で大事にしたいこと | 最後に,
ginza-blv,https://www.ginza-blv.jp/column/%e8%84%9a%e7%97%a9%e3%81%9b%e3%81%97%e3%81%9f%e3%81%84%e4%ba%ba%e5%bf%85%e8%a6%8b%e7%97%a9%e8%ba%ab%e3%82%a8%e3%82%b9%e3%83%86%e3%81%a7%e7%be%8e%e8%84%9a%e3%82%92%e7%9b%ae%e6%8c%87%e3%81%99%ef%bc%81/,脚痩せしたい人必見痩身エステで美脚を目指す！,,脚痩せしたい人必見!痩身エステで美脚を目指す！｜エステサロン GINZA BLV(ギンザブルー),ダイエット女子にとって常に意識したいことのひとつ「脚痩せ」。とにかく脚痩せしたい！という人も多いのではないでしょうか？スラッとした脚は自分に自信が持てるし、様々なファッションも楽しめますよね。しかし、日本人女性の体型は洋ナシ型と呼ばれてい...,,,コラム | 脚が太くなる原因 | 痩身エステで脚痩せ | 良い痩身エステを選ぶ際のポイント | 脚痩せでおすすめの痩身エステメニュー | 脚痩せにオススメの痩身サロン,
ginza-blv,https://www.ginza-blv.jp/column/%e3%82%a8%e3%82%b9%e3%83%86%e3%81%a7%e6%86%a7%e3%82%8c%e3%81%ae%e8%83%8c%e4%b8%ad%e7%be%8e%e4%ba%ba%e3%82%92%e7%9b%ae%e6%8c%87%e3%81%9d%e3%81%86%ef%bc%81/,エステで憧れの背中美人を目指そう！,,エステで憧れの背中美人を目指そう！｜エステサロン GINZA BLV(ギンザブルー),突然ですが「背中のケア」ってちゃんとできてますか？そもそも背中は体の他の部位と違い、かなり特徴的です。まず、自分の目では見えない上に、自分の手では触れないということ。（見えないから気づきにくい、触れれないからケアし...,,,コラム | 背中のお悩みの原因 | 簡単にできる背中ケア | 自己流ケアのメリット・デメリット | 背中ケアは痩身エステサロンがおすすめ！,
ginza-blv,https://www.ginza-blv.jp/column/%e7%97%a9%e8%ba%ab%e3%82%a8%e3%82%b9%e3%83%86%e3%81%ae%e7%a8%ae%e9%a1%9e%e3%82%92%e5%be%b9%e5%ba%95%e5%88%86%e6%9e%90%ef%bc%81%e4%bb%8a%e6%9c%80%e3%82%82%e3%82%aa%e3%82%b9%e3%82%b9%e3%83%a1%e3%81%af/,痩身エステの種類を徹底分析！今最もオススメは,,痩身エステの種類を徹底分析！｜エステサロン GINZA BLV(ギンザブルー),ダイエット女子の皆さん、ダイエットは順調ですか？自宅でできるマッサージ、エクササイズ等の自己流ダイエットに失敗した方ジムでの筋トレがどうしてもキツくてやめてしまった方そんな「ダイエット失敗経験のある方」にオススメし...,,,コラム | 痩身エステの種類 | 初心者にオススメの痩身エステの施術は？,
ginza-blv,https://www.ginza-blv.jp/column/%e7%b5%b6%e5%af%be%e3%81%ab%e3%83%aa%e3%83%90%e3%82%a6%e3%83%b3%e3%83%89%e3%81%97%e3%81%9f%e3%81%8f%e3%81%aa%e3%81%84%e4%ba%ba%e5%bf%85%e8%a6%8b%ef%bc%81%e7%97%a9%e8%ba%ab%e3%82%a8%e3%82%b9%e3%83%86/,絶対にリバウンドしたくない人必見！痩身エステ,,絶対にリバウンドしたくない人必見！痩身エステでリバウンド対策！｜エステサロン GINZA BLV(ギンザブルー),ダイエットしている全ての女性の方、今やっているダイエットは順調ですか？効果はしっかり出てますか？理想の体に向けて脂肪は落ちてますか？無理せず痩せれそうですか？今回のテーマはダイエットをする女性にとって一番気...,,,コラム | リバウンドとは？ | リバウンドのメカニズム | リバウンドをくり返すとどうなるのか | リバウンドしやすい人の特徴とは？ | リバウンドしないために心がけたいこと | どうしても自分で管理できない人は痩身エステがオススメ,
ginza-blv,https://www.ginza-blv.jp/column/%e3%82%bb%e3%83%ab%e3%83%a9%e3%82%a4%e3%83%88%e3%82%80%e3%81%8f%e3%81%bf%e3%82%92%e4%b8%80%e6%b0%97%e3%81%ab%e8%a7%a3%e6%b6%88%e3%81%97%e3%81%9f%e3%81%84%e4%ba%ba%e3%81%af%e7%97%a9%e8%ba%ab%e3%82%a8/,セルライトむくみを一気に解消したい人は痩身エ,,セルライト&むくみを一気に解消したい人は痩身エステが断然オススメ！｜エステサロン GINZA BLV(ギンザブルー),ゴツゴツデコボコのセルライト、顔も体もパンパンのむくみ。いつの間にできてた!? なんてお悩みの方も多いはず。今回はそんな「セルライト&むくみ」のお話しです。セルライトとは？セルライトとは肥大した脂肪細胞と何らかの原...,,,コラム | セルライトとは？ | むくみとは？ | セルライト&amp;むくみを解消する方法 | セルライト&amp;むくみはエステで解消！エステサロンがおすすめな理由は？ | 最後に,
ginza-blv,https://www.ginza-blv.jp/column/%e3%82%b3%e3%83%ad%e3%83%8a%e3%83%bb%e8%87%aa%e7%b2%9b%e5%a4%aa%e3%82%8a%e8%a7%a3%e6%b6%88%e3%81%97%e3%81%9f%e3%81%84%e6%96%b9%e5%bf%85%e8%a6%8b%ef%bc%81%e3%82%aa%e3%82%b9%e3%82%b9%e3%83%a1%e7%97%a9/,コロナ・自粛太り解消したい方必見！オススメ痩,,コロナ・自粛太り解消したい方必見！オススメ痩身エステメニュー！｜エステサロン GINZA BLV(ギンザブルー),2020年から2021年、そして2022年の今もなお自粛期間が続き、いつ収束するかわからない状態が続く「新型コロナウイルス」。マスク生活、手指消毒の徹底、密を避けるなど、今でこそ当たり前になっていますが、確かに生活が激変しましたよ...,,,コラム | 自己流ダイエットはデメリットだらけ | エステのメリット | セルライト撃退コースの概要 | セルライト撃退コースはこんな方におすすめです,
ginza-blv,https://www.ginza-blv.jp/column/%e7%97%a9%e8%ba%ab%e3%82%a8%e3%82%b9%e3%83%86%e3%81%af%e6%9c%ac%e5%bd%93%e3%81%ab%e7%97%a9%e3%81%9b%e3%82%8b%e3%81%ae-%e6%96%bd%e8%a1%93%e3%81%ae%e7%a8%ae%e9%a1%9e%e3%82%84%e3%83%80%e3%82%a4/,痩身エステは本当に痩せるの-施術の種類やダイ,,痩身エステは本当に痩せるの!? 施術の種類やダイエット効果を徹底分析！｜エステサロン GINZA BLV(ギンザブルー),ダイエット女子の皆さん、調子はどうですか？体重は減ってますか？目標を確認しながらやってますか？結果に向かってリバウンドの恐怖に耐えつつ、より良い身体になるために、より良い状態を維持するために、様々な誘惑と戦ってるかと思います。と、...,,,コラム | 痩身とは？ | 痩身エステはこんな人にオススメ | 痩身エステのダイエット効果 | 瘦身エステサロンの選び方 | さまざまな種類の痩身エステメニューをご紹介 | 痩身エステに＋αしたいこと | 最後に,
ginza-blv,https://www.ginza-blv.jp/column/%e3%81%9f%e3%81%b7%e3%81%9f%e3%81%b7%e4%ba%8c%e3%81%ae%e8%85%95%e3%82%92%e7%b4%b0%e3%81%8f%e3%81%97%e3%81%9f%e3%81%84%e5%a5%b3%e6%80%a7%e5%bf%85%e8%a6%8b%ef%bc%81%e5%be%b9%e5%ba%95%e4%ba%8c%e3%81%ae/,たぷたぷ二の腕を細くしたい女性必見！徹底二の,,たぷたぷ二の腕を細くしたい女性必見！徹底二の腕痩せ講座｜エステサロン GINZA BLV(ギンザブルー),皆さん、ダイエットは順調ですか？最初のうちは食事制限もトレーニングも休まずやってるのに1回休んだら、どんどん回数が減っていき、またやらなくなり・・・。（以下ループ）そんなダイエット「あるある」にもくじけずに頑張っている方へ朗報！...,,,コラム | 二の腕が太くなる原因と理由 | 二の腕を細くするためのトレーニング&amp;マッサージ | 最後に,
ginza-blv,https://www.ginza-blv.jp/column/%e3%81%a8%e3%81%ab%e3%81%8b%e3%81%8f%e7%97%a9%e3%81%9b%e3%81%9f%e3%81%84%e3%82%a2%e3%83%a9%e3%83%95%e3%82%a9%e3%83%bc%e4%b8%96%e4%bb%a3%e6%b3%a8%e7%9b%ae%e3%81%ae%e3%83%80%e3%82%a4%e3%82%a8%e3%83%83/,とにかく痩せたいアラフォー世代注目のダイエッ,,とにかく痩せたいアラフォー世代注目のダイエット方法とは!?｜エステサロン GINZA BLV(ギンザブルー),今回の記事はアラフォー世代（ここでは30代後半から40代過ぎまでとします）のための記事になっています。若い頃は何にもしなくてもすぐ痩せたのに今じゃ、ダイエットが全然上手くいかない人や、運動する習慣がなくて困っているなど、どうしても...,,,コラム | アラフォーが痩せにくい原因とは？ | アラフォーはとにかく食事に気をつける！ | アラフォーのダイエットで取り入れると良い運動 | アラフォーがダイエットを成功させるために気をつけたいこと | 最後に,
ginza-blv,https://www.ginza-blv.jp/column/%e8%87%aa%e7%b2%9b%e5%a4%aa%e3%82%8a%e3%82%84%e3%83%86%e3%83%ac%e3%83%af%e3%83%bc%e3%82%af%e3%81%a7%e3%81%9f%e3%81%a3%e3%81%b7%e3%82%8a%e3%81%a4%e3%81%84%e3%81%9f%e3%81%8a%e8%85%b9%e3%81%ae%e8%84%82/,自粛太りやテレワークでたっぷりついたお腹の脂,,自粛太りでたっぷりついたお腹の脂肪をスッキリ撃退する方法とは？｜エステサロン GINZA BLV(ギンザブルー),はじめに 2021年現在、コロナウイルスはまだまだ全世界で猛威を振るっていて不安定な状況が続いています。日本ももちろん、連日ニュースはコロナの内容、話題ばっかりでうんざりしちゃいますよね。相次ぐ自粛で生活環境は劇変、それに伴い、...,,,コラム | はじめに | 自粛前後の自分の生活スタイルを比較してみる | 自粛で育ったポッコリお腹を解消する2つの方法,
ginza-blv,https://www.ginza-blv.jp/column/%e3%83%91%e3%83%b3%e3%83%91%e3%83%b3%e3%81%ae%e3%81%b5%e3%81%8f%e3%82%89%e3%81%af%e3%81%8e%e3%81%ae%e3%82%80%e3%81%8f%e3%81%bf%e3%82%92%e8%a7%a3%e6%b6%88%e3%81%97%e3%81%9f%e3%81%84-%e8%aa%b0/,パンパンのふくらはぎのむくみを解消したい-誰,,パンパンのふくらはぎのむくみを解消したい!! 誰でもできるマッサージ術を紹介！｜エステサロン GINZA BLV(ギンザブルー),夕方過ぎて、ふと気がついたら、ふくらはぎがだるいし、ジンジンするし、とにかくパンパンにむくんでる・・・。なんて経験、女性の皆さんであれば一度は経験したこと、あるかと思います。今回はふくらはぎのむくみ解消法として誰でもできるマッサー...,,,コラム | むくみの原因 | ふくらはぎがむくむ原因 | ふくらはぎのむくみ解消方法：食事 | ふくらはぎのむくみ解消方法：スキマ時間でふくらはぎの運動意識 | ふくらはぎのむくみ解消方法：仕事・休憩時間中でもできるふくらはぎストレッチ | ふくらはぎのむくみ解消方法：おうちで簡単にできるガッチリふくらはぎマッサージ | 最後に,
ginza-blv,https://www.ginza-blv.jp/column/%e3%81%b5%e3%81%8f%e3%82%89%e3%81%af%e3%81%8e%e3%81%ae%e3%81%bc%e3%81%93%e3%81%bc%e3%81%93%e3%82%bb%e3%83%ab%e3%83%a9%e3%82%a4%e3%83%88%e3%82%92%e3%82%b9%e3%83%83%e3%82%ad%e3%83%aa%e3%81%95%e3%81%9b/,ふくらはぎのぼこぼこセルライトをスッキリさせ,,ふくらはぎのぼこぼこセルライトをスッキリさせる方法とは!?｜エステサロン GINZA BLV(ギンザブルー),みなさん、ダイエットは順調ですか？2022年になった今でもコロナウイルスの影響で「自粛ムード」が漂っていて、世間はまだまだ不安定ですよね。2021年は特に世界中が混乱の中で生活をしなければいけない状況が続来ましたよ...,,,コラム | セルライトとは | ふくらはぎのセルライトを徹底除去する方法 | 最後に,
ginza-blv,https://www.ginza-blv.jp/column/%e8%b6%b3%e7%97%a9%e3%81%9b%e3%81%97%e3%81%9f%e3%81%84%e4%ba%ba%e5%bf%85%e8%a6%8b%ef%bc%81%e5%8a%b9%e6%9e%9c%e7%9a%84%e3%81%aa%e3%81%b5%e3%81%8f%e3%82%89%e3%81%af%e3%81%8e%e3%82%b1%e3%82%a2%e3%81%a7/,足痩せしたい人必見！効果的なふくらはぎケアで,,足痩せしたい人必見！効果的なふくらはぎケアで美脚を目指す！｜エステサロン GINZA BLV(ギンザブルー),ダイエット女子のみなさん、こんにちは！調子はどうですか？エクササイズ、トレーニング、ストレッチ、マッサージ、筋トレ、食事制限等、ダイエットは人それぞれだと思います。ここで、あえてひとつ厳しいことを言います。...,,,コラム | ふくらはぎが痩せない原因 | ダイエットするために絶対に頭にいれておきたいこと | スッキリふくらはぎを目指すための方法&amp;やり方 | 忙しくてめんどくさがりの人にオススメの方法 | 最後に,
ginza-blv,https://www.ginza-blv.jp/column/%e7%9f%ad%e6%9c%9f%e9%9b%86%e4%b8%ad%e3%83%80%e3%82%a4%e3%82%a8%e3%83%83%e3%83%88%ef%bc%81-%e3%82%8f%e3%81%9a%e3%81%8b1%e3%83%b6%e6%9c%88%e3%81%a7%e4%ba%8c%e3%81%ae%e8%85%95%e7%97%a9%e3%81%9b%e3%81%99/,短期集中ダイエット！-わずか1ヶ月で二の腕痩せす,,短期集中ダイエット！ わずか1ヶ月で二の腕痩せするためにしたいこと｜エステサロン GINZA BLV(ギンザブルー),ダイエットの調子はどうですか？お悩みありますか？理想のキレイな女性になるために意識的に毎日やってることはありますか？運動、マッサージ、ストレッチ、筋トレ、エクササイズ、各種トレーニング等など。そして...,,,コラム | 二の腕が太くなる原因 | 短期集中1ヶ月で二の腕痩せを目指す方法 | 1ヶ月間をモチベーションを落とさない方法 | 最後に,
ginza-blv,https://www.ginza-blv.jp/column/%e6%99%ae%e6%ae%b5%e8%a6%8b%e3%81%88%e3%81%aa%e3%81%84%e9%83%a8%e5%88%86%e3%81%a0%e3%81%8b%e3%82%89%e8%a6%81%e6%b3%a8%e6%84%8f-%e3%82%a2%e3%83%8a%e3%82%bf%e3%81%ae%e3%81%8a%e3%81%97%e3%82%8a/,普段見えない部分だから要注意-アナタのおしり,,普段見えない部分だから要注意!! アナタのおしりのセルライト、大丈夫ですか？｜エステサロン GINZA BLV(ギンザブルー),今回はダイエットをする女性にとって最も気になる部分のひとつ「セルライト」の記事です。セルライトは主に下半身につきやすいですよね。脚全体、特に太ももにこびりついたセルライトに対して、本当に悩んでいる人も多いと思います。...,,,コラム | セルライトとは | セルライトができる原因 | セルライトのセルフチェック | セルライトはおしりにできやすい？ | おしりのセルライト解消方法,
ginza-blv,https://www.ginza-blv.jp/column/%e3%80%90%e7%9b%ae%e6%a8%99%e3%81%af1%e3%83%b6%e6%9c%88%e3%80%91%e8%b6%85%e7%9f%ad%e6%9c%9f%e9%9b%86%e4%b8%ad-%e3%81%8a%e3%81%99%e3%81%99%e3%82%81%e3%81%8a%e8%85%b9%e7%97%a9%e3%81%9b%e3%83%80/,【目標は1ヶ月】超短期集中-おすすめお腹痩せダ,,【目標は1ヶ月】超短期集中!! おすすめお腹痩せダイエット｜エステサロン GINZA BLV(ギンザブルー),ダイエット女子の皆さん、今日もダイエットお疲れ様です。そんな皆さんに質問です。短期集中でダイエットしたことありますか？「初めてのデートが1カ月後だから絶対痩せて、最高の状態で彼氏に会いたい」「友人の...,,,コラム | そもそもぽっこり、脂肪たっぷりのお腹になる原因は？ | 短期間ダイエットをする上で必要な行動 | 短期お腹痩せダイエットでおすすめな簡単トレーニング | 短期ダイエットで注意するべきポイント | 短期ダイエット後に絶対気をつけたい習慣 | 最後に,
ginza-blv,https://www.ginza-blv.jp/column/%e3%80%90%e8%b6%85%e7%9f%ad%e6%9c%9f%e9%9b%86%e4%b8%ad%e7%97%a9%e3%81%9b%e3%80%91%e3%82%8f%e3%81%9a%e3%81%8b1%e3%83%b6%e6%9c%88%e3%81%a7%e5%a4%aa%e3%82%82%e3%82%82%e3%82%92%e5%8a%b9%e7%8e%87%e7%9a%84/,【超短期集中痩せ】わずか1ヶ月で太ももを効率的,,【超短期集中痩せ】わずか1ヶ月で太ももを効率的に痩せる方法｜エステサロン GINZA BLV(ギンザブルー),2020年の自粛が尾を引き、2021年には「コロナ太り」という言葉が当たり前に使われるようになりましたよね。そんな中、みなさん、ダイエットは順調ですか？体重減はもちろん、全身、部位（二の腕、太もも、脚、尻、ふくらは...,,,コラム | 太ももが太くなる原因とは？ | 太もも痩せに効果的な6つのこと | 1ヶ月で太ももを効率的に痩せる方法 | 1ヶ月の太もも痩せは「組み合わせ」が重要 | 今回紹介した「一ヶ月太もも痩せ」はこんな方におすすめ | まとめ,
ginza-blv,https://www.ginza-blv.jp/column/%e8%b6%b3%e7%97%a9%e3%81%9b%e3%81%97%e3%81%9f%e3%81%84%e4%ba%ba%e9%9b%86%e5%90%88%ef%bc%81-%e3%82%a8%e3%82%b9%e3%83%86%e3%82%b5%e3%83%ad%e3%83%b3%e7%b4%9a%e3%83%af%e3%83%b3%e3%83%a9%e3%83%b3%e3%82%af/,足痩せしたい人集合！-エステサロン級ワンランク,,足痩せしたい人集合！ エステサロン級ワンランク上の美脚づくり｜エステサロン GINZA BLV(ギンザブルー),ダイエットは順調ですか？効果、確認・実感できてますか？今回の記事では女性のボディやスタイルの悩みの中でも特に人気のある「足やせ・足ケア情報」を紹介します。効率・効果的なサイズダウンの方法、短時間・1回でもしっかり改...,,,コラム | なんで足が太くなる？原因をチェック | 誰でも今スグ実践できる「足痩せエステティック」 | 最後に,
ginza-blv,https://www.ginza-blv.jp/column/2021%e4%b8%8a%e5%8d%8a%e6%9c%9f%e5%a4%aa%e3%82%82%e3%82%82%e7%97%a9%e3%81%9b%e3%83%80%e3%82%a4%e3%82%a8%e3%83%83%e3%83%88%e3%81%af%e3%82%b3%e3%83%ac%e3%81%a7%e6%b1%ba%e3%81%be%e3%82%8a%ef%bc%81/,2021上半期太もも痩せダイエットはコレで決まり！,,永久保存版!! どこでも誰でも簡単にできる太もも痩せ術!!｜エステサロン GINZA BLV(ギンザブルー),2020年の「コロナ問題」で改めて気づかされた健康、美容への意識・姿勢。普段から、運動、エクササイズ、ストレッチ、トレーニングなどで引き締める意識がある人でさえも 相次ぐ自粛、テレワークなどによって  「コロナ太り」「自粛太り」に...,,,コラム | ダイエットの基本 | 太ももが太くなる原因は？ | 太もも痩せに効果的なこと | どこでも誰でも簡単にできる太もも痩せ術 | 最後に,
