timestamp,username,likes,caption,comments,url
2026-06-08T13:23:26.000Z,saiko.relax,349,"頑張り屋さんほど！やってない！？

•*¨*•.¸¸☆*･ﾟ

⁡
サロン歴18年、これまでに約1万人以上の施術経験あり！
＼  たなか さいこ ／です🙋‍♀️

🔻フォローミー​ ​​🔻
 @​𝘀𝗮𝗶𝗸𝗼.𝗿𝗲𝗹𝗮𝘅
⁡
⁡
いいね･保存もお願いします！
⁡
⁡
✰⋆｡:ﾟ･*☽:ﾟ･⋆｡✰⋆｡:ﾟ･*☽:ﾟ･⋆｡✰⋆｡:ﾟ･*☽
⁡
人生𝟭回‼️
全ては自分次第！
思いっきり楽しもう
✨*｡٩(ˊᗜˋ*)و✨*｡
⁡
✰⋆｡:ﾟ･*☽:ﾟ･⋆｡✰⋆｡:ﾟ･*☽:ﾟ･⋆｡✰⋆｡:ﾟ･*☽
⁡
⁡
​🔻フォローミー​ ​​🔻
 @​𝘀𝗮𝗶𝗸𝗼.𝗿𝗲𝗹𝗮𝘅
 
#リラクゼーションマッサージ
#ボディケアスクール
#セラピスト養成講座
#セラピスト起業
#リラクゼーションサロン
集客力アップ
集客サポート",1,https://www.instagram.com/p/DZU5AFvATsP/
2025-12-01T13:18:56.000Z,lionlifts,-1,"私の過去について、初めてお話しします。

「フィットネスの人だから、ずっと健康的だったんでしょ？」 そう思われることが多いですが、現実は真逆でした。
17歳の時にスウェーデンでモデルを始め、その後、活動の場を日本に移しました。
誰かに直接「痩せろ」と強要されたわけではありません。 ただ、周りの日本人モデルの子たちと自分の体型の「違い」に気づいてしまったんです。 「彼女たちのように細くならないと、日本では仕事がもらえない」 そう思い込み、自分で自分を追い詰めていきました。
皮肉なことに、病的に痩せていくのと比例して、大きなブランドのショーや撮影の仕事が決まるようになりました。 「これが正解なんだ」と錯覚しましたが、体は限界を超えていました。
ある日、身体機能がシャットダウンし、緊急停止。 キャリアの絶頂に見えたその時は、実は命の危険と隣り合わせでした。
そこから回復するために「食べること」を再開しましたが、待っていたのは「バランスの取れた生活」ではありませんでした。 その反動で、今度は止まらない過食（むちゃ食い）との戦いが始まりました。
毎日ジムに通い、重いウェイトを持ち上げて、外見は「健康的で強い女性」に見えていたと思います。 でも心の中は、孤独で、鬱で、自分の体型に対する嫌悪感でいっぱいでした。
そこから10年以上。 長い遠回りをしましたが、私はようやく「数字」や「見た目」の呪縛から解放されました。 ボディ・ディスモルフィア（身体醜形障害）とは今でも向き合っていますが、もうそれに支配されることはありません。
私がコーチとして活動している本当の理由。 それは、周りの女子が私と同じように10年も苦しむ必要がないからです。 体は、痛めつけるものではなく、大切にするものだから。

私がコーチとして活動している本当の理由。 それは、周りに人が私と同じように10年も苦しむ必要がないからです。 体は、痛めつけるものではなく、大切にするものだから。

この投稿を見て、もし少しでも「私だけじゃなかったんだ」と感じてもらえたら… コメント欄に「❤️」を送ってください。
言葉にする必要はありません。 スタンプ一つで、あなたの気持ちは十分伝わります。
今日はただ、孤独に戦っている誰かに 「あなたは一人じゃないよ」と伝えたくて、この動画を作りました。
届きますように。🕊️",199,https://www.instagram.com/p/DRuORytE8Dn/
2026-06-09T11:25:51.000Z,saiko.relax,64,北海道懇親会❣️,1,https://www.instagram.com/p/DZXQbHsAIgV/
2026-06-09T09:26:50.000Z,saiko.relax,338,"猫背の人！背中ばっかり揉んでへん？

•*¨*•.¸¸☆*･ﾟ

⁡
サロン歴18年、これまでに約1万人以上の施術経験あり！
＼  たなか さいこ ／です🙋‍♀️

🔻フォローミー​ ​​🔻
 @​𝘀𝗮𝗶𝗸𝗼.𝗿𝗲𝗹𝗮𝘅
⁡
公式LINEで色んな情報出してますよ〜
コチラから
⁡👇👇👇
https://lin.ee/G8E375K
⁡
⁡
いいね･保存もお願いします！
⁡
⁡
✰⋆｡:ﾟ･*☽:ﾟ･⋆｡✰⋆｡:ﾟ･*☽:ﾟ･⋆｡✰⋆｡:ﾟ･*☽
⁡
人生𝟭回‼️
全ては自分次第！
思いっきり楽しもう
✨*｡٩(ˊᗜˋ*)و✨*｡
⁡
✰⋆｡:ﾟ･*☽:ﾟ･⋆｡✰⋆｡:ﾟ･*☽:ﾟ･⋆｡✰⋆｡:ﾟ･*☽
⁡
⁡
​🔻フォローミー​ ​​🔻
 @​𝘀𝗮𝗶𝗸𝗼.𝗿𝗲𝗹𝗮𝘅
 
#リラクゼーションマッサージ
#ボディケアスクール
#セラピスト養成講座
#セラピスト起業
#リラクゼーションサロン
集客力アップ
集客サポート",2,https://www.instagram.com/p/DZXCiqNgUzu/
2026-06-08T08:11:56.000Z,lionlifts,-1,"すべての女性に🤍

最近、私の周りでボトックスやヒアルロン酸の話題がよく出るようになりました💭

それを聞いて、「私もやった方がいいのかな？」と少し考えてしまった自分がいます。特に最近、ほうれい線に気づいて、「これは隠した方がいいのかな…」と悩んだりもしました。

でも、ふと考え方が変わったんです✨

このシワは、私が最近たくさん笑って、幸せな時間を過ごしてきた証拠。そう気づいたら、このシワがとても愛おしく、美しいものに思えてきました☺️

💖

あなたは、今のままで十分に完璧です。

周りの人がどうであれ、自然に歳を重ねる体の変化が世間でどう言われようと、あなたが自分を「十分じゃない」なんて思う必要は一切ありません。

誤解しないでほしいのは、ボトックスや美容整形を否定しているわけでは全くないということ！もしそれが、心から自分を幸せにし、自信を持たせてくれるものなら、とても素敵な選択だと思います🤍

ただ、「周りがやっているから」「誰かに言われたから」というプレッシャーで、特定の見た目にならなきゃと思い込まないでほしいんです。

あなたの笑顔も、笑った時にできるそのシワも、全部があなたの美しい魅力の一部だから✨",24,https://www.instagram.com/p/DZUVUvEzPEi/
2026-03-26T09:14:04.000Z,lionlifts,-1,"すべての強く、最高な女性たちへ。

現実が自分のビジョンにひれ伏すくらい、妄想家でいるの。

自分の人生は何だって可能だと信じ切れるくらい、サイコパスに。

周りに「完全に狂ってる」と思われるくらい、執着して。

「諦める」なんて選択肢が浮かばないくらい、貪欲でいて。

最悪のシナリオでも平均以上になるくらい、全てを懸けるの。

どんなノイズも物理的に届かないくらい、集中して。

「平凡」であることが最大の悪夢になるくらい、野心的でいること。",11,https://www.instagram.com/p/DWV5wOhDGCX/
2024-01-06T13:38:25.000Z,es.esthetiquesalon,63934,"最新エステ韓国式🇰🇷3D毛穴洗浄！

特殊な技術を使い毛穴の汚れを浮かせ
優しく吸引し、毛穴汚れを丸ごとスッキリできます！

ハイドラフェイシャルなどでは取りきれないような
頑固な角栓までごっそり取り除くことができます！
　
普通の黒ずみ毛穴は一度でもキレイになります！

クレンジング
▽
クレンジングスチーム
▽
浮き出る毛穴汚れ吸引
▽
毛穴引き締め美容液

クレンジングスチームで驚くほど浮き出る毛穴汚れ

根こそぎ吸引し、肌代謝アップで毛穴レス肌に

◎韓国式3D毛穴洗浄(全顔90分)
17800円
▽
初回
半額の8900円

極上のたまご肌を体験してみて下さい🥚

#横浜 
#大倉山
#ハーブピーリング
#ピーリング
#毛穴洗浄
#毛穴 
#毛穴の開き
#韓国式3D毛穴洗浄
#黒ずみ
#黒ずみ改善
#黒ずみケア 
#いちご鼻
#いちご鼻改善
#角質毛穴
#角栓
#オイリー肌
#ニキビ
#フェイシャル 
#ハイドラフェイシャル
#エクストラクション
#毛穴のシミ 
#韓国美容課金 
#美容課金 
#韓国美容 
#blackhead 
#blackheads",221,https://www.instagram.com/p/C1wr5i-pPKK/
2026-01-01T16:31:27.000Z,ameliorer_mitaka_kokubunji,19,"🎍新年明けましておめでとうございます🎍

昨年はたくさんのお客様にご来店いただき、
心より感謝申し上げます。

2026年アメリオレの目標は
「ここに来ると安心する」
「変化を実感できる」
そんなサロンであり続けていられるよう、お一人お一人のお客様に心を込めて施術させていただきます。

また新たに新コースも模索中ですので、お客様がより一層お悩みを改善しながら楽しんで、お通いいただけるサロンであれる様、精進して参りますので、乞うご期待🍀

本年もどうぞよろしくお願いいたします✨
皆さまにとって、笑顔あふれる一年になりますように。

#新年のご挨拶
#明けましておめでとうございます
#2026年
#本年もよろしくお願いいたします
#エステサロン",0,https://www.instagram.com/p/DS-ZCKBj0yn/
2022-04-03T12:14:55.000Z,es.esthetiquesalon,146,"新メニュー！【全身KAIZEN美人】

・タイ古式ストレッチ
→現在、脚ヒップマッサージはタイ古式ではなく美容整体に変わっております！
・猫背改善
・腸セラピー
・小顔フェイシャル
・ヘッドマッサージ

の5つで全身スッキリ！

120分で9,800円です✨

ご予約はこちら▷ @es.esthetiquesalon 
お待ちしております🌸🤍

#全身ほぐし #整体 #全身矯正 #マッサージ #リンパマッサージ #ほぐし #全身マッサージ #全身マッサージ120分コース #腸もみ #猫背矯正 #小顔マッサージ #小顔 #小顔矯正 #食いしばり #ヘッドマッサージ #腸内環境 #タイ古式マッサージ #タイ古式 #タイ古式ストレッチ #猫背 #猫背改善 #姿勢改善 #骨盤矯正 #肩甲骨はがし #新横浜 #大倉山 #綱島 #菊名 #妙蓮寺 #武蔵小杉",2,https://www.instagram.com/p/Cb42wzPJ7C6/
2024-05-16T04:07:48.000Z,es.esthetiquesalon,-1,"韓国式3D毛穴洗浄についてDMでよく頂く質問をまとめました🇰🇷👃🏻

今までお断りさせていただいたお客様は1名様のみ(小鼻が乾燥によるひび割れ・あかぎれをされていた方)で、
他のフェイシャルエステ同様、基本的に皆様に受けていただける施術です。

ただ遠方からご来店下さるお客様も多いので禁忌事項も書いております🙂‍↕️

全顔を施術しますが「この部分の施術は避けて欲しい」などのご要望も可能な限り承っております。

その他のご質問はコメント、DM、LINEチャットにて受け付けております🌼",0,https://www.instagram.com/p/C7A-85QPd_7/
2026-02-15T09:18:25.000Z,ameliorer_mitaka_kokubunji,12,"大人気⭐️⭐️⭐️即完売のセルライト用サプリ💎
「ダイエットしてるのに、なんかスッキリしない…」
それ、脂肪じゃなくて“余分な水分と老廃物”かもしれません。

✔ むくみやすい
✔ 夕方脚がパンパン
✔ セルライトが気になる

そんな方におすすめなのが
ビーマックス ジンジャーエミゼリー🫚✨

余分な水分や老廃物にアプローチして、
内側からスッキリ巡りケア。
🍀セルライトケアの土台づくりに◎🍀

しかも美味しい＆持ち運び便利だから
続けやすいのも嬉しいポイント♡

疲れにくさにも活躍してくれますので、
是非試飲してみて下さい🤍

#三鷹エステ
#むくみケア 
#ダイエットサポート 
#痩身サロン
#セルライトケア",0,https://www.instagram.com/p/DUxe76vEUOF/
2025-07-13T10:59:46.000Z,hinach_workout,-1,"自分との約束を守ると
人は自分に自信がつく。
メイクも表情も変わる。
自分が幸せだなと思える選択肢を選べるようになる。
自分を大切にできるようになる。
そして人を大切にできるようになる。",362,https://www.instagram.com/p/DMC5zK4T8CB/
2026-05-29T04:17:39.000Z,saloncle_,27,".
いつもCLEをご愛顧いただきありがとうございます✨

このたび、使用商材の価格高騰ならびに、
より良い施術と空間をご提供し続けるため、
2026年7月1日よりメニュー価格を改定させていただくこととなりました。

 
CLEでは、オーナー西村が厳選した商材と技術を用い、
結果はもちろん、心からリラックスできる時間をお届けしたいと考えております。

お越しいただくお時間が、日常を少し忘れ、
自分自身を大切にする時間となるよう、
空間づくりから施術まで、一つひとつにこだわりを込めています🌿
 
　

【 2026.7.1〜 】

⚪︎ ANNON.face wax ¥15,000

⚪︎ CHRISTINA treatment
  UNSTRESS / ILLUSTRIOUS各 ¥15,000

⚪︎ LHA LA PEEL ¥15,000

⚪︎ Reluxアロマ マッサージ ¥22,000
（フットコースから全身コースへアップデートいたします）

その日のお肌状態やお悩みに合わせて、
最適な施術をご提案させていただきます。

いつも大切なお肌を任せてくださる皆さまへ、
心より感謝申し上げます。

これからも、お一人おひとりに寄り添いながら、
お肌だけでなく心まで満たされるような時間をお届けできるよう努めてまいります😌🤍
 

【 日頃よりご来店いただいているお客様へ 】

感謝の気持ちを込めて、ご優待をご用意しております🌸

・2ヶ月以内の再来店　¥1,000 off
・ホームケアご購入　¥2,000 off

今後ともCLE beautysalonをよろしくお願いいたします🙇🏻‍♀️✨",0,https://www.instagram.com/p/DY6IP32PWDC/
2026-05-07T10:09:26.000Z,saloncle_,32,".
CLE beauty salon MENU 🗒️

【 annon.facewax🍵 】

純国産“ANNON.”を使用したフェイスワックス。

日本人のデリケートなお肌にも負担が少なく、
施術後の赤みが出にくいのが特徴です。
お顔の産毛・古い角質・不要な菌を取り除き、
ターンオーバーを整えながら肌質改善へ導きます。

スキンケアの浸透力を高め、透明感のあるなめらかな肌へ。

産毛を取り除くことで
メイクノリ・密着力もUPし、崩れにくいお肌に◎

🌿 full facewax ＋ ポールシェリーマッサージ
　　　　　　　　 （頭・首肩・デコルテ・肩甲骨）

⏰ 90〜120min / ¥12,000

option 🫧
▫︎ 高濃度ビタミンCピーリング　＋¥6,000
▫︎ ポールシェリー フットマッサージ　＋¥6,000
▫︎ リラックス腸もみマッサージ +¥6,000

　┈┈┈┈┈┈┈┈┈┈┈┈┈┈┈┈┈┈┈┈
　
【 CHRISTINA 🥼UNSTRESS / ILLUSTRIOUS 】

肌状態やお悩みに合わせて
CHRISTINAシリーズを使用した肌質改善トリートメント。

乾燥・赤み・ゆらぎ・くすみ・毛穴など、
その時のお肌に必要なケアを行います。

UNSTRESSは、
ストレスによって敏感になったお肌をやさしく整え、
水分バランスを保ちながら健やかな肌へ。

ILLUSTRIOUSは、
くすみや色ムラへアプローチし、
透明感のある明るい印象のお肌へ導きます。

肌負担を抑えながら、
内側からツヤのある柔らかな肌へ。

施術後は、キメの整ったなめらかなお肌と
自然な艶感をご実感いただけます◎

🌿 クリスティーナトリートメント＋
 ポールシェリーマッサージ（頭・首肩・デコルテ・肩甲骨）

⏰ 90〜120min / ¥12,000

option 🫧
▫︎ リラックス腸もみマッサージ +¥6,000
▫︎ ポールシェリー フットマッサージ　＋¥6,000
　
　┈┈┈┈┈┈┈┈┈┈┈┈┈┈┈┈┈┈┈┈

【 LHALALA peel🍊 】

肌を満たしながら育てる
次世代ピーリング “ララピール”。

従来の剥離するピーリングとは異なり、
お肌を傷つけずに不要な角質へアプローチし、
内側からハリ・ツヤのある水光肌へ導きます。

LHA成分が肌を穏やかに整え、
毛穴・ざらつき・くすみ・ニキビ跡など
幅広いお悩みに効果的です。

ダウンタイムなく、
敏感肌の方にも受けていただきやすい施術です。

回数を重ねることで、
キメ・透明感・弾力のある艶肌へ導きます◎

🌿 LHALA peel ＋ ポールシェリーマッサージ
　　　　　　　　　（頭・首肩・デコルテ・肩甲骨）

⏰ 90〜120min / ¥12,000

option 🫧
▫︎ リラックス腸もみマッサージ +¥6,000
▫︎ ポールシェリー フットマッサージ　＋¥6,000
　
　┈┈┈┈┈┈┈┈┈┈┈┈┈┈┈┈┈┈┈┈

【  Paul Scerri treatment🪻 】

植物の力とハンドテクニックで
心と身体を深く整えるPaul Scerriマッサージ。

頭・首肩・デコルテ・脚全体まで、
滞ったリンパや筋肉を丁寧にほぐしながら
全身の巡りを整えていきます。

疲れやむくみを和らげ、
自律神経のバランスを整えながら深いrelaxationへ。

オールハンドで流すことで、
身体だけでなく心まで軽くなるような
心地よい時間をお過ごしいただけます。

施術後は、
身体の軽さ・すっきり感・巡りの良さを実感◎

日々の疲れを癒したい方、
冷え・むくみ・肩こりが気になる方にもおすすめです。

🌿 ポールシェリーマッサージ
  施術範囲 / 頭・首肩・デコルテ・肩甲骨・脚全体

⏰ 90〜120min / ¥12,000

option 🫧
▫︎ リラックス腸もみマッサージ +¥6,000

┈┈┈┈┈┈┈┈┈┈┈┈┈┈┈┈┈┈┈┈

-𝘊𝘓𝘌 𝘣𝘦𝘢𝘶𝘵𝘺𝘴𝘢𝘭𝘰𝘯-

【 福井サロン 】 ベル前駅から車で2分
【 東京・広尾サロン 】 広尾駅徒歩7分／恵比寿駅徒歩9分

詳しい住所はご予約時にお伝え致します。
1室のプライベートエステサロンです🛋️

【ご予約方法】
プロフィール @saloncle_  から
東京広尾サロン @saloncle_hiroo 
LINEお友達追加→メッセージのフォームに沿ってご連絡ください。

【お支払い方法】都度払い制
現金/PayPay/クレジットカード(タッチ決済)

【 営業時間 】
10:00～20:00 不定休
空き状況や営業日についても、LINEにてご確認いただけます。

┈┈┈┈┈┈┈┈┈┈┈┈┈┈┈┈┈┈┈┈

#アノンワックス
#フェイスワックス
#リジュゲルマスク
#福井エステ
#恵比寿エステ",0,https://www.instagram.com/p/DYCJebemuuj/
2026-06-07T02:37:33.000Z,hiitmefit,137,"“リセット、調整、癒し”✨

10年目の今回はカラダを調整するチャレンジです💫

【３つのアプローチ】
① ウォームアップ10分(５本)
② スロートレーニング1２分(５本)
③ アフターバーン(運動後に脂肪燃焼)

ウォーミングアップでこの動画のようなダイナミックストレッチを行います。そして４５秒間ずつのスローなトレーニングで優しく筋肉にアプローチをかけていきます。

＋【プラス４つのサポート】
① 毎週土曜日LIVE workout ( 30分 )
② Move with (公開マンツーマンレッスン)
③ メンバーワークアウト(朝活、夜活)
④ 限定１名完全プライベートの個人レッスン

チャレンジ期間中は毎週土曜日9:30-10:00の３０分間LIVEワークアウトを行なっていきます。平日に出来なかった方もこの週末だけのレッスンでもかなり効果を期待できると思います👍🔥❤️

参加方法はプロフィールにあるリンクから🐈💕

#40代
#健康
#エクササイズ",1,https://www.instagram.com/p/DZRJnyGyqaE/
2026-06-02T02:50:14.000Z,hiitmefit,160,"鍛えるではなく、整える。

無理な運動ではな心地よく動ける体へ。

痩せるよりも疲れにくく、体重よりもライン。

30代から40代、40代から50代、

調整することで癒される✨",1,https://www.instagram.com/p/DZET57FyeIR/
2026-06-03T23:05:41.000Z,hiitmefit,292,"おへその周りだけ⁉️頑固な脂肪が落ちない💦

大丈夫！これやってみて❣️

①足を大きくひらいて腰を下ろす
②片手を開きながら爪先を立てる
*お尻を後ろに突き出し伸びたお腹を上に持ち上げる

#お腹痩せ 
#エクササイズ",1,https://www.instagram.com/p/DZJDNVvy46F/
2026-03-03T11:22:09.000Z,saloncle_,53,".
乾燥・ザラつき知らずのウルぷる肌へ🫧
　

“UNSTRESS”の乳酸菌ピーリングは
シリーズの中でもリピート率No.1。
リラックス効果も高く、肌と心も整うトリートメント🌸
　

紫外線、花粉、乾燥などの
外的ストレスによるダメージから肌を守り、
乱れがちなバリア機能をサポート。
ゆらぎにくい、安定した肌に✨

　
ダウンタイムや痛みがほとんどないため、
ピーリングが初めての方にもおすすめです☺️

　
┈┈┈┈┈┈┈┈┈┈┈┈┈┈┈┈┈┈┈┈

-𝘣𝘦𝘢𝘶𝘵𝘺𝘴𝘢𝘭𝘰𝘯 𝘊𝘓𝘌-

【 福井サロン 】 ベル前駅から車で2分
【 東京・広尾サロン 】 広尾駅徒歩7分／恵比寿駅徒歩9分

詳しい住所はご予約時にお伝え致します。
1室のプライベートエステサロンです🛋️

【ご予約方法】
プロフィール @saloncle_  から
東京広尾サロン @saloncle_hiroo 
LINEお友達追加→メッセージのフォームに沿ってご連絡ください。

【お支払い方法】都度払い制
現金/PayPay/クレジットカード(タッチ決済)

【 営業時間 】
10:00～20:00 不定休
空き状況や営業日はLINEにございます。

┈┈┈┈┈┈┈┈┈┈┈┈┈┈┈┈┈┈┈┈

#クリスティーナ
#アンストレス
#福井エステ",0,https://www.instagram.com/p/DVa57Ruj1La/
2025-07-19T09:18:47.000Z,saori_yoga_,65,"【3日連続投稿の2日目】プロフィール
⁡
⁡
「信頼と愛をもって、
人の可能性を引き出すお手伝いをする
のがティーチャーだよ」
⁡
⁡
そう、
今は亡き恩師が教えてくれた。
⁡
⁡
けれど同時の私は、
見様見真似で精一杯💦
⁡
⁡
そこから、
自分と向き合い
深〜いところにアクセスし
⁡
⁡
変容していくプロセスが
少しずつ
自信に繋がっていった。
⁡
⁡
そんなプロセスがあるからこそ
教えること、お伝えすることが
楽しくて仕方ないのかもしれません。
⁡
⁡
あなたはどうですか？
⁡
⁡
⁡
@saori_yoga_
🍀公式LINE登録して
次回募集までお待ちください。
⁡
⁡
#パーソナルヨガ#柔軟#後屈#オンラインパーソナル#ヨガインストラクター#ヨガ講師#後屈ポーズ#ヨガ#ヨガ指導者",0,https://www.instagram.com/p/DMSLj6BTg37/
2025-07-18T09:00:00.000Z,saori_yoga_,57,"【3日間連続投稿の1日目】

10年前の私は
ヨガ講師として自分には何もない
と感じてた。
⁡
⁡
沢山資格もとったし、
1日に4本のレッスン、
試行錯誤の毎日。
⁡
⁡
⁡
けれど、実際は疲れ果てた身体、
いくら資格をとっても
活かせない。
⁡
⁡
⁡
そんな私が
💫「美芯ヨガ」で自信を持って
お伝えできるようになった。
⁡
⁡
⁡
もし今、
同じように悩んでいるのなら
💫「美芯ヨガ」を通して
一歩、踏み出しませんか？

⁡
@saori_yoga_
🍀公式LINE登録して
次回募集までお待ちください。
⁡

#パーソナルヨガ#柔軟#後屈#オンラインパーソナル#ヨガインストラクター#ヨガ講師#後屈ポーズ#ヨガ#ヨガ指導者",0,https://www.instagram.com/p/DMPkuEkTcVa/
2025-07-20T09:00:00.000Z,saori_yoga_,48,"【3日連続投稿の3日目】講座生の変化
⁡
⭐️「ヨガ講師です！」と
自信あるポーズがとれるようになった！
⁡
⁡
⭐️体感し伝えられる力がつき、
レッスンスキル向上＆お客様評価がアップ⤴️
⁡
⁡
⭐️後屈時の腰痛が解消され、
ヨガ講師として自信が持てるようになった！
⁡
⁡
⭐️「継続は力なり」で成長！
そして、寺ヨガ講師として新たな道が開けた！
⁡
⁡
⭐️「やればできる！変われる!」と
マインドも変わり心が強くなった！
⁡
⁡
一緒に自己成長を楽しんでいきましょう❣️
⁡
⁡
@saori_yoga_
🍀公式LINE登録して
次回募集までお待ちください。
⁡
⁡
#パーソナルヨガ#柔軟#後屈#オンラインパーソナル#ヨガインストラクター#ヨガ講師#後屈ポーズ#ヨガ#ヨガ指導者",2,https://www.instagram.com/p/DMUuT2pT1-W/
2026-01-03T02:38:21.000Z,yuna_kirei,8866,"今年は30歳になります✨
さらに内側からの健康美を目指したいです😌🙌

去年はインナービューティの大切さを
身をもって体感することができ、

食事、運動、睡眠を整えたことで
より一層垢抜けられたと思います🥹✨

インナービューティで感じた効果は、
特にこの2つ！！

・肌が綺麗になる
（特にトーンとツヤと透明感✨）

・浮腫みが無くなる
（体重変わらないのに身体も顔も
2〜3kg痩せたくらいスッキリして、
目鼻立ちもくっきりするから垢抜ける）

美しさは外側だけじゃなく、
内側から整えることが本当に大切だと
気付かされました🥹✨

#垢抜け #自分磨き #美容医療",115,https://www.instagram.com/p/DTCCnKnD1Hk/
2025-05-09T11:10:09.000Z,im.aim.official,278,"iM 2025 EXHIBITION & YOGA EVENT “Follow your inner moon light 🌕” 

初のiM新作EXHIBITIONと
ディレクターtsuki / ゲスト講師sakiによるヨガ・ピラティスイベントへご参加頂いた皆様、本当にありがとうございました✨

身体を動かしたり、セルフケアできたあとは
必ず心も変わり、そこから小さい選択や習慣が変わり、
いずれ人生が変わっていく💫

だからこそ忙しい日々の中でも、ほんの少しマットの上で
一人一人、内側の声を聞く
「じぶんのための時間」を過ごして欲しい。

今日のヨガやピラティスの先に、カラダやこころを変えるきっかけを見つけて欲しい✨ 

そんな想いでクラスを行いました🧘‍♀️

終わった後皆さんの笑顔が本当に素敵で、来てくれた全ての人たちからパワーを受け取った幸せな1日でした💐

「ウェア可愛いとモチベがあがる」
「またヨガとピラティス続けたい！」
「またイベント開催して欲しい！」など
嬉しいお声も頂き、またみなさんと繋がれる機会を
増やしていく予定です🙏🌸
次回のイベントお知らせは　@im.aim.official で発信していくのでフォローしておいて下さいね🕊️

最後に、ゲスト講師としてイベントを一丸となって盛り上げてくれた
@sakiyoga1206 

素敵な空間を一緒につくってくださった
@myroa_wellness 
@weleda_japan 
@drbronner.japan 

美味しいグルテンフリーのカヌレを提供してくれた
@otonakasara 

洗練された音で会場を盛り上げてくれた
@ryo_futojima 

本当にありがとうございました✨
イベントでもご紹介しましたがぜひこちらもチェックして下さいね☺️

wear @im.aim.official 
yoga mat @myroa_wellness 
gifts @weleda_japan / @drbronner.japan 

pilates @sakiyoga1206 
sweets @otonakasara 
DJ @ryo_futojima 

Special thanks : 
@maiko0409
@todorokikeikoku_shokudo 
.
.

#yogawear #activewear #iM #yoga #pilates #pilatesprincess #ヨガウェア #ピラティスウェア #サスティナブルファッション #ヨガ #ピラティス  #ヨガイベント #コミュニティ #展示会 #popup #ピラティスイベント 
#yogaevent #ワークアウト #요가 #요가복 #エシカル #フィットネスウェア",5,https://www.instagram.com/p/DJbjbnLTXWL/
2026-01-17T11:52:47.000Z,tsukiyoga,707,"【出版のご報告】フォロワーの皆様へ
いつも温かい応援、コメントやDM、クラスやイベントでも
お話ししてくださり本当にありがとうございます！

今まで関わって下さった全ての皆様のおかげで、
初の書籍　『くびれヨガ』(ダイヤモンド社) 
を出版することになりました✨🙏

————————————

発売日 : 2月18日(水) 📚
⇨🔗プロフィールのリンク / ハイライト / 
Amazon『くびれヨガ』で検索🔍 / 楽天市場/ 全国書店さん へ✨

————————————

10代最後の頃、心身はボロボロ、太りやすく
くびれもない体質だった私の人生を変えた、ヨガの習慣。
(before⇨afterの写真も初掲載🤫📸)
講師として活動する中で、当時の私と同じように悩む人に
「自分を救ってくれるこんなツールがあるよ」と伝えたい！
その想いで続けてきて13年、本という形で
幅広い人達に広がることも一つの大きな夢でした。

この『くびれヨガ』は、
私が体づくりをする上で大切にしている3ステップをベースに
短く簡単で、どこから始めても効果的、原因を根本解決するから、
一度くびれを作ったらもうリバウンドしない
ために考えたメソッドです✨
やればやるほど心地よく整った身体に変わり、
内側から強い軸ができるので自分への自信にもなります。

==============

心と身体が変わるくびれヨガ　おすすめポイント👇

✔️ まず１分でOK！ “くびれる呼吸法” 💭
✔️ くびれる 3 STEPS  をたっぷり動画で一緒にできる🎥
✔️ 自分の姿勢、お腹タイプ、呼吸セルフチェックができる✨
✔️ 壁でカンタン “神プランク” で、最短ルートのお腹痩せ🤸
✔️ 家事や仕事の合間にできる、朝・昼・夜のながらヨガ🏠
✔️ ヨガ・トレ・筋膜リリースやマッサージでトータルケア🤲

==============

体験いただいたモニターさんからは、

「体重5キロ減！」「ウェスト15~19cm減！」
「綺麗になったと言われた！」「一生物の知識になった」
「履けなくなったデニムが10年ぶりに履けた！」
「くびれができた！」「反り腰改善して腰痛がなくなった」
「自分を明るくしてくれた」　など…

見た目の変化があっただけでなく
心や習慣など内面にもたくさんの変化が…！🙏
本当に感動しています🥲

みなさんにもぜひ
くびれだけじゃない、心まで整うヨガメソッド
を体験してもらいたいと思っています🌸

今回、大切にしているメソッドはもちろん
みなさんから募集した質問に答えるQ&Aのページや
腸活レシピ🍽️・ライフスタイル☀️
くびれ習慣🛌・くびれマッサージ💆‍♀️など…
たっぷり詰め込んで

皆さんへずっと伝えたかった気持ちを
コラムやあとがきに心を込めて書かせて頂いたので
ぜひ読んでもらえたら嬉しいです☺️

携わってくださったすべての方々に、
この場をお借りして心より感謝申し上げます。
本当にありがとうございます！

⇨ご予約はプロフィールのリンク / ハイライト / 
Amazon『くびれヨガ』で検索🔍 / 全国書店さん へ✨

@diamond.sns 
企画・構成／依田則子さん 
編集担当／ダイヤモンド社　土江英明さん @tucchi2009 
ブックデザイン／鈴木大輔さん、江崎輝海さん
撮影／榊智朗さん
動画編集／メディア・ストリーム
ヘアメイク／甲斐美穂さん @_______kaimih0  日野原遥さん 
スタイリング／大槻麻衣さん @a_.im___ 
衣装協力／ iM  @im.aim.official",39,https://www.instagram.com/p/DTnF3LKksyO/
2026-05-28T10:04:00.000Z,yuna_kirei,151,"Qoo10メガ割4つ目のコラボは
「canteen9と3回目のV酵素コラボ😍✨」！！

@canteen9_jp 

私は日頃から、美容と健康のために
食生活には気を遣っていますが、
インナーケアについてもとても大切だと考えています🥹👌

その中でも「V酵素」は、
私がインナービューティーにハマる
きっかけになったサプリであり、

初めて使った日からその効果に驚かされ、
私のインナービューティーに対する概念が変わりました！

V酵素の好きなところは、
「効果の即効性」と「続けやすい美味しさ」です😳

美しくいたいけど、美味しいものを我慢するのは嫌。
そんな私のわがままを叶えてくれるのがV酵素。

V酵素のおかげでダイエットが辛いものでは無くなり、
外食や旅行、今までなるべく避けていた
麺やパンなどの小麦製品も、
我慢しすぎに楽しめるようになりました😋✨

今では私の毎日欠かせないルーティンになっています😋♪

そんな大好きなV酵素から、
新フレーバー発売のお話をいただいたタイミングで、
canteen9の担当者さんが私のせいろレシピ発信を
見てくださっていたことがきっかけとなり、
今回フレーバープロデュースのお声がけをいただきました😳✨

「自分の好き」と「普段発信していること」が
こうして繋がったことが本当に嬉しくて、
人生でこんなにワクワクしたのは
初めてかもしれないと思うくらい、
喜んでお引き受けさせていただきました😭💓✨

私がインナービューティーアイテムを選ぶ上で、
すごく大切にしているのが “美味しさ” です🥹

どれだけ身体に良くても、
美味しくなければ毎日は続けられない。

だから私の中では、「味」は効果と同じくらい、
もしかしたらそれ以上に大事なポイントかもしれません！

美味しくないサプリを飲む時間って、
正直ちょっと苦痛になってしまうけど

味が美味しいだけで、
インナーケアの時間そのものが毎日の楽しみになると思っています🤭💓

もともとのV酵素のバナナ味も本当に大好きで、
バナナクッキーのような優しい甘さと香りがお気に入りでした🍌🍪

その世界観に合う新しいフレーバーを考えた時、
真っ先に思い浮かんだのが「アールグレイ」でした🫖

実際に工場見学にも行かせていただき、
何度も試食とフィードバックを重ねながら、
細かい香りや甘さのバランスまで一緒に調整して、
ようやく納得のいくアールグレイ味が完成しました😭👏✨

口に入れた瞬間にふわっと広がるアールグレイの香りと、
まるでアールグレイクッキーのような優しい甘さ🤤🍪

食後のデザート感覚で楽しめるような、そんなフレーバーになっています😋

ぜひ、沢山の方に新しいV酵素のアールグレイ味を
楽しんでいただけたら嬉しいです🫖💓

#pr #Qoo10メガ割 #メガ割 #メガ割コラボ",9,https://www.instagram.com/p/DY4NjBdmrl9/
2026-05-31T12:44:17.000Z,hinach_workout,1113,"昔、胸が揺れるのが嫌で、
下着の上からスポブラを2枚重ねて運動していました。

その摩擦で火傷をしてしまい、
傷跡は今でも消えません😭

その経験から
「絶対に揺れないブラを作りたい」

と思い4年かけてN7が出来ました

バストのサイズは人それぞれ

もっと細かく調節できたらいいのに。
バストケアも同時にできたらいいのに。
大きいサイズでもしっかり支えられたらいいのに。

そんな私自身の「欲しかった」を詰め込んで、形にしたのがN7です。

そんなN7が6/27.28に
サイズ展開の新作POPUPをします！(大きいサイズやっとできました😭🙏)

入場無料なのでぜひ遊びにきて体感してみてください♪

胸を気にせず、
思いっきり運動を楽しめる女性が1人でも増えますように。",24,https://www.instagram.com/p/DZAORogEiGh/
2025-12-31T11:00:07.000Z,ameliorer_mitaka_kokubunji,10,"🍀毛穴＋肌悩み別メインコース紹介🍀
毛穴だけじゃない。
肌悩みに合わせて選べるメインコース✨

🪞たるみケア
→ フェイスライン・頬のもたつきに
→ ハリ感・引き締め重視

🌿ニキビ・肌荒れケア
→ 繰り返すニキビ・赤み
→ 肌環境を整えて安定肌へ

🫧ゴワつき・角質ケア
→ くすみ・ザラつき
→ 透明感のあるなめらか肌に

✨ツヤ肌・水光ケア
→ 乾燥・ツヤ不足
→ 内側から発光するようなツヤ肌へ

肌状態を見極め、
今のあなたに必要なケアだけを提案します🤍

当サロン人気No.1
毛穴エクストラクション

✔ 黒ずみ
✔ 角栓
✔ 詰まり毛穴
✔ 開き毛穴

自己流ケアでは取りきれない毛穴汚れを
肌負担を最小限に、丁寧に除去します✨

「触った瞬間ツルツル」
「ファンデのノリが全然違う」
そんなお声を多数いただいています🤍

✔ 毛穴
✔ たるみ
✔ ニキビ
✔ ゴワつき
✔ ツヤ不足

原因は人それぞれ。
だから当サロンでは
毛穴エクストラクション×肌別コースで
結果にこだわります。

#毛穴エクストラクション
#毛穴ケア
#毛穴洗浄
#黒ずみ毛穴
#角栓除去",0,https://www.instagram.com/p/DS7OUdzkbys/
2026-05-28T14:11:20.000Z,yuna_kirei,118,"ついに、私がプロデュースした
V酵素の新フレーバー「アールグレイ味」が
明日17：00〜スタートのメガ割で
販売開始となります😍💓✨

今回のメガ割では、
アールグレイ味は3000個のみのご用意となるので
数量限定で無くなり次第終了となります😭❕

みなさん、必ずゲットしてください🥺🫶🏻💓

そして今回、私のコラボセットの購入者様限定で
スペシャルなイベントを企画しました🤭💓✨

コラボセットを購入してくださった方は、
イベント参加いただくと、
抽選で豪華プレゼントが当たります🤗🎁

1等: パナソニックスチーマー
2等: ディズニーチケット
3等: canteen9サプリ詰め合わせBOX

【参加方法】
① @yuna_kirei と @canteen9_jp をフォロー
②コラボセットを購入
③この投稿に下記3点を含めてコメント📝
・購入しました！
・アールグレイフレーバーへの期待コメント
・V酵素愛用者はV酵素のレビューコメント
これでご応募完了✨

当選者様には
@canteen9_jp からご連絡させていただきます😌
※ギフトの発送はコラボセットの注文番号と紐付けて行うため、必ずコラボセットの購入が必要となります💐

@canteen9_jp のカンさんが
私の初プロデュースのお祝いと、
フォロワーのみなさんへの感謝の気持ちを込めて
このような豪華な企画を
考えてくださいました😭🎁✨

みなさま、ぜひアールグレイ味を
お試しいただけたら嬉しいです🥺💓

そしてこちらのイベントにも
ぜひご参加ください🤗🎁💓

#pr",135,https://www.instagram.com/p/DY4p2knmk_0/
2023-03-12T10:01:58.000Z,tsukiyoga,442307,"@tsukiyoga #肋骨締め て、くびれるには…(EN follows JP)
①ほぐして
②吐く呼吸で肋骨とじて
③筋肉でクセ付け✨

こんな人におすすめ
●くびれがない人(四角いお腹)
●姿勢悪い人(反り腰)
●呼吸が浅い人

他の動画で、呼吸の方法・ストレッチ・筋膜リリース・コアトレの4パターン紹介してるから
自分に合った方法で続けてみてね🕊

fix rib flare for hourglass!

★他にも4パターンのやり方紹介してます✨
other 4 pattern video of fixing rib flare

▶︎more video @tsukiyoga 

playlist【rib flare 肋骨締め】に詳しいやり方まとめてるので見てみてね✨深呼吸で動かしてコアの筋肉を鍛えます。⚠️ストッキングや手に力入れない・締めたままじゃなく開いて閉じて繰り返す

You can find detailed instructions on the guide [rib flare] ✨Take a deep breath to strengthen your core muscles.
⚠️Don't put pressure on your hands, don't keep them tight, open close and repeat.

this is breathing exercise for rib flare.
Use the hands or tights(towel) to coach the lower rib to collapse on the exhale.
If you have any tights that you no longer use, you can use it wrapped around your ribs and tighten it like a corset on the exhale.
many people have a continuous rib flare where the lower rib stick out because the obliques and intercostal muscles are not effectively collapsing the ribcage on the exhale.

いつも動画で紹介するものは、私が実際にやって効果あったもの・ヘビロテのエクササイズ☺️
リクエストや質問はコメント欄で教えてください🌱

 If you have any requests or questions, please comment✨

.
.
#selfcaretips #yogapractice #yogateacher #personaltrainer #ヨガ初心者 #ヨガインストラクター #セルフケア  #くびれ #腹筋女子 #お腹痩せ #くびれ作り #腹筋トレーニング #hourglass #absworkout #ribflare #肋骨締め #くびれトレーニング 
#肋骨 #yoga #ヨガ #요가 #痩せる方法 #反り腰改善",353,https://www.instagram.com/p/Cpr0w5VOIke/
2025-09-07T09:35:46.000Z,hinach_workout,28071,"私はこの8年間、ずっと色んなボディメイクに挑戦してきました😭
今回が自分史上No.1！！！！！！！（もちろん加工なしです✋）

ずんどうでも、ペチャパイでも。
くびれは作れるし、バストアップもできる。

ずっと「骨格のせい」にして逃げてきたけど、今回の挑戦で大きな発見がありました。

✨人には人の黄金比がある✨
つまり、誰でも変われる！！！

だから無理なダイエットは絶対しないでね😭（特に若い子たち😭😭）
脂肪は財産。しっかり体と向き合えば、今の脂肪は必ず味方になってくれるから！

バストアップもそう！！！
ただ肉をつけて大きくすればいいわけじゃない！！
バストにもその人に合った“黄金比”がある！

支える土台を整えれば、誰でも美乳になって綺麗になるってことが今回本当によくわかった！！！
そして血流もよくなって栄養が届くから、一石二鳥！（笑）
だから「胸整（胸の土台を整えること）」がいちばん大事です！！

ちなみに私が大切にしてきたこと（質問でよく聞かれる）

・ストレッチ、ほぐし、姿勢
・運動中は絶対に胸を揺らさない
・昼夜の下着！！！！
・食事はまじ大事
・睡眠もまじ大事

ざっとまとめるとこんな感じ！
また詳しく話すね💌

ちょっと長くなっちゃったけど、、、
意識を変えるだけで、体は見違えるほど変わる！
この経験をもっと共有して、
ダイエットで苦しんでる子や、バストに悩んでる子たちに
「自分磨きってほんとはむちゃくちゃ楽しい！」
って伝えたい😭😭😭😭🫶🏻

キラキラ最強説だよ！！！
笑顔、絶対忘れずにね！約束！",167,https://www.instagram.com/p/DOS68fJADz_/
2026-05-31T09:51:25.000Z,aya.t_pilates,18,"Reformer Pilates / Thigh Stretch & Arm Series 🔥

リフォーマーのストラップを使い、二の腕・体幹・もも周りとお尻を同時に引き締めるレベル別3ステップ。
正しい姿勢をキープしながら、流れるように動くコントロール力を高めましょう✨

◽️ Level 1（お尻をついた状態）
ボックス（またはキャリッジ）にお尻をつけた状態で、肘を胸の前で曲げ伸ばし。
ストラップの抵抗に負けないように背筋を伸ばし、二の腕と背中、そしてお腹の奥にスイッチを入れます！

◽️ Level 2（膝立ちキープ）
ここから強度アップ！膝立ちの姿勢（ハイニーリング）をキープしたまま、同じように肘の曲げ伸ばしを行います。
不安定な状態で体を真っ直ぐ保つため、お腹とお尻、太ももの前側（大腿四頭筋）のキープ力が必要です！

◽️ Level 3（上下の運動🔥）
ラストは一番ハード！お尻をつけた状態から、腕の動きと連動させてグッと膝立ちの姿勢へ。戻るときもコントロールしながらゆっくりお尻を下ろします。
体幹をフル稼働させながら全身を連動させるため、一気に強度が上がります！

💡 大切なポイント
膝立ちになるときに、腰が反ってお腹が前に突き出たり、背中が丸まったりするのはNGです🙅‍♀️
頭のてっぺんから膝までが常に一直線に伸びる（エロンゲーション）イメージを意識してみましょう！

スタジオのレッスンでもぜひチャレンジしてみてくださいね。
やり方を見返せるように【保存】がおすすめです！

#ピラティス #リフォーマーピラティス #ピラティスインストラクター #lululemon #ピラティス",0,https://www.instagram.com/p/DY_6S2bRE51/
2026-05-31T21:37:38.000Z,aya.t_pilates,21,"Reformer Pilates / Advanced Plank Series 🔥

ロングボックスとフットバーを組み合わせた、本気でお腹を追い込むプランクバリエーション。
肘つき（エルボー）姿勢で行うことで、お腹のインナーマッスルへさらに強烈にアプローチします✨

◽️ Level 1（まずはここから！）
ボックスに肘を置き、四つん這いの姿勢から膝をキャリッジから少し浮かせて下ろすコントロール。
一番強度は低めですが、これだけでも下腹の奥がじわじわと熱くなります！

◽️ Level 2（慣れてきたら挑戦）
足をキャリッジに置いたまま、エルボープランクの姿勢で膝の曲げ伸ばしを繰り返します。
キャリッジが前後に動いても、頭から踵までを一直線にキープし続ける強い体幹が必要です！

◽️ Level 3（最高強度にチャレンジ！🔥）
ラストは一番ハード！足をフットバーの上に引っ掛けた状態でのエルボープランク。
足元が高くなり傾斜がつく中で膝の曲げ伸ばしを行うため、体重がしっかりとお腹にのり、体幹への負荷が最大級に高まります！

💡 大切なポイント
強度が上がるほど、お腹が抜けて腰が反ってしまったり、肩に寄りかかって首がすくんでしまいがちです🙅‍♀️
肘でしっかりボックスを押し返し、おへそを限界まで背骨に引き込み続けましょう！

この最強のプランク、あなたはどこまでキープできそうですか？
やり方を見返せるように【保存】してスタジオで試してみてくださいね✨

#ピラティス #リフォーマーピラティス #ピラティスインストラクター #ブランク #体幹",0,https://www.instagram.com/p/DZBLQktTM-s/
2023-07-30T17:29:55.000Z,yui87_tonecompany,153,"Sri Lanka🇱🇰📍Bentota
Lunuganga

ジェフリー・バワが、
自らの理想の住まいを追い求める中で辿り着いた場所

38歳で建築の道へ入り、
半世紀をかけてつくり続けた“最初であり、終焉の地”

その過程が、すべてこの空間に詰まっている

実際に足を踏み入れてみて、
言葉にできないほど多くの感覚が動いた

なぜ彼は、ここまで建築に没入したのか。

そのヒントを拾い集めるように、
この場所を静かに歩いた。

特に印象に残っているのは、
光と影のうつろい。

その移り変わりを受け取るための“余白”が
至るところに存在していたこと。

【ここからは、と〜っても主観的な話】

同性愛者として生涯独身を貫いた彼は、
常に""対となるエネルギー""と共に生きていたのではないかと思う

陰と陽
内と外
潜在と顕在

その揺らぎやバランスに対する探究が、
空間として現れているように感じた。

大地の流れに抗わず、
ただ寄り添うように在る建築

そこに宿る力強さに、
深い納得とリスペクトを憶えた

セクシュアリティという枠組みは、
時に人を守るための言葉になる

けれどそれと同時に、
言葉にしきれない葛藤や違和感も生み出す

社会とのズレや内なる葛藤。
そのエネルギーを、

光と影、
そして自然との調和として表現し、
“空間”という手段で昇華したのではないか。

そんなふうに感じた。

人の内側にある揺らぎは、
自然界のうつろいと同じもの。

その感覚を受け取れる場所が、
ここには点在している。

Lunugangaは、きっと彼の精神性そのもの。

本当に強い人ほど、
どんな局面でも逃げずに向き合い、
悩み、苦しみ、もがき続ける

その過程からしか生まれない、
儚さや尊さがある。

.....

きっと彼は、
「ちゃんと傷ついてきた人」だった。

だからこそ、
光も闇の美しさや奥深さを理解している。

その精神性は、
驚くほどしなやかで柔らかい。

だからこそ、
東南アジアの相貌を変えるほどの建築を
生み出せたのではないかと思う。

わたしは彼のファンというわけではない

けれど、
「なぜそれを創ったのか」
「どんな過程を辿ったのか」

その背景に、強く惹かれる。

人を惹きつける作品には、
必ず“生きた軌跡”が宿っている。

完璧ではなく、
不完全であるからこそ、
物語は深くなる。

弱さや脆さを、
建築というアートに変換し、

自分の人生に向き合った証として
残したのではないか。

そして最近、
ある人の死と重なって感じたこと。

わたしたちはもっと、
自分の信念にまっすぐに生きていい。

効率や利益や生産性を求める社会の中で
やり方ばかりが溢れてる。
在り方も、生き方も。
もっと有機的で貪欲でいい。

誰かに見せるためでも、
承認されるためでもなく、

ただ、自分として存在するために。

個の尊厳と信念を持ち、
この世界の美しさを信じて
共に生きていけたらいい。

自然と人が調和する建築は、
相互補完的な関係の中で成り立つ。

それを違和感なく形にするまでに、
どれほどの試行錯誤があったのだろう。

そのすべてが、
時を超えて愛される建築として
この地に根付いている。

当時は言語化できなかった感覚も、
時間を経て、ふと繋がる瞬間がある。

解釈はいつだって変わり続ける。

それでも、
新しい時代の視点で想像し、
見えない魅力を受け取っていくことに
意味があるのだと思う。

これまでの人生で、
何度も転び、傷つき、向き合い続けてきた。

その過程の延長線上で、
この場所に来られたこと。

それが、大きな力になった。

目を閉じて、
自然を感じる時間を持つ。

そこには、揺るがない安心がある。

焦りさえも抱きしめながら、
大きな海のように、
自分を静かに見守っていく

ただそんな旅を続けていきたい",5,https://www.instagram.com/p/CvVHbG_yLcB/
2024-09-16T12:10:31.000Z,yui_beauty3,-1,"リポストにて失礼します🙇‍♀️

アシックス様NAGINO（凪乃）
新コレクションのモデルをさせていただきました

体のラインが綺麗に引き締まって見えるだけでなく
レギンスにポケットが付いていたりと
デザインも機能性もとても優れたウェアです

運動の秋🍂
お気に入りのウェアを見つけて
自分らしく心地良く運動を楽しんでください✨

アシックス様ありがとうございました☺️

#Repost @asics_japan with @use.repost
・・・
.
【NAGINO Collection】

NAGINO（凪乃）。
それは女性が穏やかな気持ちになれるよう女性のためにデザインされたコレクション。

・フレックスブラ
・フレックスヘザーノースリーブシャツ
・フレックスタイツ

トレーニングやヨガにもおすすめのウエアを
自由に自分らしく。

#ASICS #アシックス
#NAGINOCollection
#SoundMindSoundBody
#ストレッチ #ヨガ #トレーニング",15,https://www.instagram.com/p/C_-j-Bzz0Ai/
2026-06-05T22:04:22.000Z,pt_kettyo,26,"【6月〜8月のPHIピラティス養成コース開催情報】
@pt_kettyo

こんにちは！
ピラティススタジオluluto代表の戸田です😊

PHIピラティスマスタートレーナーとして
開催している養成コースの日程情報です！

・ピラティスの資格取得をご検討の方
・再受講をご希望の方　　など

お申し込み、お待ちしております👍

⚠️申し込み方法は
プロフィールのリンク下部「PHIピラティス養成コースはこちら」をタップ！
PHIピラティスのホームページよりお願いいたします🙇‍♂️

上記、養成コースに関しての問い合わせは
お気軽にDMください✉️
@pt_kettyo

＝＝＝＝＝＝＝＝＝＝＝＝＝
ピラティススタジオluluto 代表
戸田　圭哉

大学卒業後、理学療法士として東京の病院で勤務
その後「ピラティス」に出会い人生が変わる

パーソナルトレーナーを経て、2022年3月に「ピラティススタジオluluto」をOPEN！
2025年12月には国内外100店舗も展開するチェーン店へ拡大させる
@luluto_pilates

今はスタジオ運営と同時に
ピラティスで体も心も健康に！をテーマに
PHIピラティスマスタートレーナーとして
「ピラティスインストラクター養成コース」も開講中

🔻養成コースが気になる方はこちらへDMを📩
@pt_kettyo

＝＝＝＝＝＝＝＝＝＝＝＝＝
#ピラティススタジオルルト #ピラティス養成コース #ピラティス養成 #ｐｈｉピラティス",0,https://www.instagram.com/p/DZOGWFPE74V/
2026-03-01T04:54:51.000Z,pt_kettyo,68,"ピラティスインストラクター募集中
@pt_kettyo

こんにちは！

ピラティススタジオlulutoを経営している戸田です😊

弊社では2023年4月より
「正社員」と「業務委託」の2つの働き方ができる
ピラティススタジオとなりました✨

例えば、
・しっかりと安定して働きたい
・キャリアアップを目指したい

という方は正社員を！

・週2日だけスタジオ勤務をしたい
・ダブルワークをしたい
という方は業務委託を！

あなたが叶えたいライフスタイルに合わせた
働き方を選んでいただけます😊

ぜひ、少しでもご興味が沸いた方は
プロフィールの「採用情報」をクリック👇
@pt_kettyo

詳しい採用条件・募集要項をお知らせしています🔥

＝＝＝＝＝＝＝＝＝＝＝＝＝
ピラティススタジオluluto 代表
戸田　圭哉

大学卒業後、理学療法士として東京の病院で勤務
その後「ピラティス」に出会い人生が変わる

パーソナルトレーナーを経て、2022年3月に「ピラティススタジオluluto」をOPEN！
2026年2月には国内外94店舗も展開するチェーン店へ拡大させる
@luluto_pilates

今はスタジオ運営と同時に
ピラティスで体も心も健康に！をテーマに
PHIピラティスマスタートレーナーとして
「ピラティスインストラクター養成コース」も開講中

🔻養成コースが気になる方はこちらへDMを📩
@pt_kettyo

＝＝＝＝＝＝＝＝＝＝＝＝＝",0,https://www.instagram.com/p/DVVENv4kirY/
2024-03-24T16:23:41.000Z,yui87_tonecompany,215,".
.
いつの間に時が流れSri Lanka滞在から
まもなく一年を迎えようとしています🕊️
.
.
この旅を皮切りに９ヶ月間で9回日本を飛び出しました。
.
.
日々のルーティンや肩書き、生活拠点に縛られない
ニュートラルな自分のままで
各国の文化や環境、価値観に触れる度に
内在するリズム(感性や感覚)と向き合うのが
それはそれは、心地よくて...

.
旅は新なるアイデンティティを確立する為の
大黒柱となることを実感しました。

.
.
わたしにとってのIdentifyとは
今までになかった範疇を超えて起きたことについて
言葉に体温を乗せて語れるくらい
思考と感覚を巡らせ事態や状況を咀嚼することや、　
.
.
操ることのできない他者や状況を受け入れられるように
既存の概念を手放し、インプットしたものを
新たに統合して精神性を再構築していくこと
.
.
これらが揃って、おそらく自己を認識する（挑戦する意味）なのだと思います。
.
.
皆さんの幸せの定義はなんですか？

わたしは『自分として生きていることを実感すること』
以上の幸せはないのではないかなと考えています。
.
.
.
.
挑戦することで得られる成功や失敗や
うつろう感情たち
その過程には""わたしのカケラ""が沢山で
.
.
.
宝物を探すように手探りで集めてきた毎日は
そこにどんな苦しみや葛藤が乗っかっていたとしても
それが今の自分を創造してくれた美しい時間だったなと...

 
.
.
いつしか振り返ると穏やかに思える過去に
感謝している自分が居たりします。

あの出来事がなかったら
この人格に形成されてないのかーって思うと
今のわたし""だからこそ""
大好きな人たちにも出逢えているのだよなーって。
.
.
. 
といいながらも
.
.
.
まだまだ半人前のわたしは
未だ""偉いぞ。よく頑張ってるぞ""と唱えなければ
二本足で立っていられないこともありますし
.
.
得たいものや理想の状態が明確な時ほど
肩に力が入ってしまったり、
空回りすることも多いです。

あぁ。人間してるねーってしみじみ思います笑
.
.
誤魔化していた時期もたくさんあったけれど
今は、落ち込んだり、失敗した時
沈んで冷え切ってしまった心が
人肌くらいに温まるのを待ってあげられるようになり
.
.
.
その時期に何か判断したり、考え込みすぎず
辛いことは辛いし、悲しいことは悲しいのだと
認めてあげて、無理に引き上げようとしない。

.
.
太陽は沈んでもまた必ず顔を出しますから
いい意味で自然の摂理に委ねてみるの
.
.
.
その後、環境や相手ではなく
わたしがみている視点をどう変えたら良いのか？
また外的要因でしかないことはなんだろう？と
物事の輪郭を把握して、
それらと自分との関係性をどう築いていくのかを考える。
.
.
.
例えば、何かを得たり欲しいものやタイトルを
手に入れることで一時的な快楽を感じるけれども
その欲求は延々に尽きることがなく
また、それらを失った時の心の傷は計り知れない
.
.
一体、何にしがみついているのだろうか....って
執着心から行動を起こしてないか見直す。
何を手放してどう区切りをつけられるのかって。
思考のバイアスと向き合う
.
.
俯瞰する。
.
.

要因が見えて必要であれば自ら手を放す
あるいはそこから一度距離を置くことで
スーーっと、身も心も軽くなり
夢から醒めたような感覚が持てるかもしれない。
.

.
こうやって行ったり来たりしている様で
ちゃんと消化と浄化と昇華を繰り返し
らせん階段登るように今日も人生の厚みを増している
耐えがたい感情を伴った経験さえも
人生の大切なピースに🧩なってるんだーってね。

.
.
.

生産性や効率ばかりに囚われ生き急ごうとせずに
今日より明日、明日より明後日って
より佳い自分で居られたらいいな🌏🫂
.
.
別れや手放しを決断することが多いこの季節
わたしも含めて大切なあなたが
この世でたった1人の自分に
ちゃんと正直で生きて居られますように....💐✨
.
.
.

.
.
.
#🪴 
#srilankadaily 
#ayurvedalifestyle 
#ayurvedahealing 
#geoffreybawa 
#bentotabeach 
#infinitypool 
#統一体観 
#overflowing",12,https://www.instagram.com/p/C451CUYyE9c/
2026-06-07T10:26:51.000Z,aya.t_pilates,21,"＼HOME MAT PILATES 🌿／

「起き上がれない…」を卒業するロールアップ3ステップ。

ピラティスで誰もが一度は苦戦するロールアップ。
「力任せに起き上がろうとして首が痛くなる」
「背中がガチガチで床から離れない」
そんな方は、アウターの筋肉ではなく、まず首のインナーマッスルから順番にスイッチを入れてあげるのが正解です。

お家での骨格メイクにはもちろん、リフォーマーやキャデラックなどのマシンピラティスのエクササイズ前に【プレピラティス】として行うのもおすすめ！
事前にスイッチを入れておくことで、マシンの効果が何倍も変わります。
ぜひ保存して見返しながら動いてみてください。

✦ 3ステップの流れ

Step.1：Nodding & Head-Lift
頭をほんの1〜2mmだけ浮かす繊細な動きで、首のインナーマッスルである**「頸部深層屈筋群（頭長筋・頭前直筋）」**を刺激します。あごを軽く引き、首の後ろを長く伸ばすイメージで、奥の筋肉にじわっとスイッチを入れます。

Step.2：Head Roll-Up
Step.1の意識を保ったまま、みぞおちをマットに沈めるようにして頭と肩甲骨を床から浮かせます。首だけで上がろうとせず、胸の裏側をしなやかに丸めて。

Step.3：Full Roll-Up
インナーのスイッチが入ることで、力みが抜け、滑らかなCカーブ（C-Curve）を作りながらスムーズに起き上がれるようになります。

マットでもマシンでも、ピラティスの動きをより深く、効果的に。
まずは今夜のベッドの上や、次回のスタジオレッスンの前に、Step.1の「1mmの意識」から始めてみませんか？

#ピラティス #マットピラティス #マシンピラティス #lululemon #pilates",0,https://www.instagram.com/p/DZR_7D8xEHB/
2026-06-02T09:58:05.000Z,g.tail_wellness,42,"「宅トレしなきゃ！でも動画も見たい…」そんなアラフォー女性に授ける【ながら宅トレ〜座り編〜】です。

今回は、
40代以降が最も気になる部位TOP3
「二の腕のたるみ」「脇下のはみ肉」「腰回りの浮き輪肉」

これらに特化した5種目を、
座ったまま完結できるように構成しました

好きな動画を見ながらサクッとマネできるように、
右側の【保存マーク】を押して
リストに入れておいてください！

～ー～ー～ー～ー～ー～ー～ー～

【座りながら完結！気になる部位TOP3撃退トレ】

① ラテラルスプレッド（with 500mlペット）
推奨回数：20回
丸まった胸をガバッと開くように、地面と平行になるまで両手を広げます。肩甲骨を下げて、かつ寄せる意識で！

② ダブルニー・チェスト 
推奨回数：20回
両手を大きく開いて構えを安定させます。肋骨と骨盤が1ミリも開かないように行い、腹筋の使用感があればバッチリです。

③ リバース・プッシュアップ
推奨回数：30回
脇を締めてお尻を浮かし、肘の曲げ伸ばしを繰り返します。二の腕が熱くなるのを感じれば上手くできている証拠！

④ ツイスト・ニーチェスト
推奨回数：10往復
②の応用編。極力大きく骨盤を捻り、ウエストのサイドのラインをしっかり刺激していきましょう。

⑤ フレンチプレス（with 500mlペット）
推奨回数：30回
「肘が外に突っ張らない」「腰を反らない」「肩を下げる」の3点に注意。※ペットボトル無しの場合は＋10回でOK！

～ー～ー～ー～ー～ー～ー～ー～

■ 今日のアクションプラン

まずは今日、
座ってスマホを見る時間に試してみてください

前回の【寝ながら編】には
下半身の種目も盛り込んでますので、
合わせてご活用くださいな！

【🚨頑張る「宅トレ」が報われないアラフォー女性へ】

自宅で筋トレやストレッチを続けているのに、
なかなか体型が変わらない…。

そんなあなたの宅トレの成果を
一気に「爆増」させるノウハウが、
私が提唱する『G-Method』です

回数をこなす気合や根性に頼る前に、
まずは身体の根本的なシステムを
書き換える必要があります

一生崩れない機能美の土台を作り上げる
【無料3ステップ講義】は、
プロフィールのリンクから今すぐ受け取ってください
👇
@g.tail_wellness
（※自動でSTEP.0の動画をお届けします）

#宅トレ #ながらトレーニング #二の腕痩せ #40代ダイエット #機能美",0,https://www.instagram.com/p/DZFEtb9CvQG/
2026-06-05T11:25:04.000Z,g.tail_wellness,48,"ジムで重りを持ち上げているアラフォー女性へ。「筋肉を鍛え上げる」という発想は、今すぐ手放してください。

せっかくジムに通って頑張っているのに、
なぜか体がゴツくなったり、
硬くなったりしていませんか？

それはあなたの努力不足ではなく、
身体が「過緊張」という
システムエラーを起こしているサインです

■ なぜマシントレでゴツくなるのか？

重りを持ち上げるマシントレは、
特定の外側の筋肉（アウターマッスル）を
「孤立」させて太くする機械的作業です

大人の女性がこれをやると、
しなやかさとは無縁の、
分厚く張った体つきになってしまいます

大人の女性が本当に手に入れるべきなのは、
パーツごとの肥大ではなく
「全身が連動したしなやかな動き」です

■ 努力を逆効果にしないための「2つの鉄則」

① 
自分の体重だけを扱う「自重トレ」に切り替えること

②
筋肉を大きくするのではなく、身体の「コントロール力」を磨くこと

自分の体重を正しくコントロールすることで初めて、
深い位置にあるインナーマッスルが目覚めます

アウター優位の過緊張から、
インナー優位のしなやかさへ書き換えることが、
一生崩れない機能美ボディの絶対条件です

■ ただし、1つだけ注意点があります

自重トレは、
ただ回数をこなすだけでは
結局アウターマッスルを
無駄に力ませて終わってしまいます

間違った努力で
自分の身体をすり減らしたくない方は、
今すぐフォローしてこれからの発信を
絶対に見逃さないでください！
👇
@g.tail_wellness

【🚨頑張る「宅トレ」が報われないアラフォー女性へ】

自宅で筋トレやストレッチを続けているのに、
なかなか体型が変わらない…。

そんなあなたの宅トレの成果を
一気に「爆増」させるノウハウが、
私が提唱する『G-Method』です

回数をこなす気合や根性に頼る前に、
まずは身体の根本的なシステム（姿勢と呼吸）を
書き換える必要があります

一生崩れない機能美の土台を作り上げる
【無料3ステップ講義】は、
プロフィールのリンクから今すぐ受け取ってくださいな
👇
@g.tail_wellness
（※自動でSTEP.0の動画をお届けします）

#自重トレーニング #40代ダイエット #脱根性論 #機能美",4,https://www.instagram.com/p/DZM9B12Cyki/
2025-03-07T12:37:08.000Z,yui_beauty3,-1,"＼大人百花 Spring issue📖／
皆さま、大人百花春号🌸は
Checkしていただけましたか？🥰

私は
『私がリードする秘密のエスコートデート』
の企画に掲載いただいています🩷

スポーツ観戦⚾️ということで
作ることなくかなりナチュラルです🤣🍻笑

カジュアルだけど大人の女性らしい
そんなコーデを心掛けましたがいかがでしょう？🙈🩶

tops: @anuans.official 
shirt: @barbourjapan 
pants: @anuans.official 
belt: @hermes 
pumps: @vivaia.japan 
bag: @dior 

hair make: @eif_aibakiyoshi 
movie: @__yurastagram__ 
Thank you♡♡♡
———-
#大人百花#大人百花マドンナ
#大人女子コーデ 
#野球観戦#野球観戦コーデ",38,https://www.instagram.com/p/DG5ftjhTe47/
2024-12-11T14:06:29.000Z,__maipilates__,62,"<private pilates lesson >
English lesson is available🫶

It's a hidden beautiful studio near by Shibuya, Shinjuku area. You can enjoy the private time for yourself.
You are always welcome with your little one👶🧡
Yomogi aloma steam is also available at the studio🌿

If you have any question, let me know by DM anytime:)

<マシーンレッスン／プライベート>

月曜日🌼
都内でレッスンをしています！

オススメの方
-忙しく毎日が過ぎていく
-仕事や趣味のパフォーマンスをあげたい
-産前産後
-小さいお子様と日々を過ごしている
-呼吸しずらい

からだのケア、姿勢改善はもちろん
足を踏み入れた瞬間に非日常を感じられる
氣の良いスタジオでお待ちしてます😌

詳細ご希望の方はオフィシャルラインまたは
DMからご連絡下さい！

<リフォーマーグループレッスン>

火曜日🌼

東雲にて少人数のマシーンレッスンを行っています😌
ドロップインも出来ます🙆‍♀️
4名MAXなのでしっかり目が行き届いてオススメです！

<オンラインレッスン>

パーソナルのオンラインレッスンも募集してます😌
カナダからも可能なのでお時間ご相談ください♡",2,https://www.instagram.com/p/DDcNmpnSoLS/
2026-03-09T12:10:23.000Z,yui_beauty3,-1,"＼My profile🤍／
近頃よく見かけるプロフィール✍️✨

最近、動画投稿についても悩んでいるのと
この季節になるとなんとなく
受験のことを思い出すこともあり😌🌸

せっかくなので…
私も書いてみました🥰

フォローしてくださってる皆様と
何か共通点が見つかると良いなあ🥺❤️

こんな私ですが、
これからもよろしくお願いいたします🥺
—-
#myprofile 
#プロフィール
#プラチナチケット",62,https://www.instagram.com/p/DVqcatyk6YP/
2024-09-06T15:49:35.000Z,holistic_remedialtherapy,385,"⁡日本は自然療法が進んでる諸外国に比べて
20年ほど遅れてると言われていて、完全に鎖国状態です。

エステやマッサージセラピストの教育機関も
国に定められた基準がないので、あいまい。

私たちセラピストが、世界基準で学べる教育機関は
かなり希少価値が高い状態です。

私はもともと、エステティシャンからスタートして

【マッサージ向いてないんじゃない？】
【他の仕事探した方がいいよ。】
⁡
⁡
施術が下手すぎて、周りから何度も
言われ続けていました。
⁡
⁡
そんな私がセラピストとして
開花したのは、オーストラリアの
リメディアルセラピーとの出会いでした。
⁡

医療グレードのセラピストとしての教育を
必死で学び、豪州認定資格を取得後

それでも、まだ納得いくレベルに到達できず
帰国後もさらに、猛勉強を続けました。
⁡

そして、
⁡
機械、商材一切使わずに
【技術一本】で、世界中のクライアントから
絶賛され支持をしていただけるようになれたのは

セラピストになってから
10年後の話です。

高額コンサルも受けたことないし
広告費に、お金を使うことなく
⁡

サロン個人売り上げ
月200万円達成し

その後、法人設立4期目で
年商8000万円到達。

私は、包み隠さず
⁡ノウハウ、技術、考え方の全てを教えています。

私みたいに、わざわざ海外留学いったり
10年もかけなくても

最短で、一生つかえる本物のテクニックを伝授します。

それは、日本のセラピストのレベルの底上げをして
予防医療に貢献したいから。

自分の限界を感じるセラピストに
学んでいただき、本質的なセラピストに
育って欲しいから。

西洋医学から見捨てられた
診断がつかない、慢性的な、症状を持った
クライアントのサポートができるセラピストが
増えて欲しいから。

次世代に、確かなホリスティックな自然療法の
知識と技術を

繋ぎ渡して行きたいから。です。

美容業界みたいに
キラキラしていないかもしれません。

そもそも私は
流行りに興味がありません。

最先端の機械も、最新の美容液のことも
私は全く知りません。

流行りはいつか、過ぎ去ります。
ずっと追いかけなければ、古くなって廃ります。

でも、知識、経験、技術は
時間が経てば経つほど、成熟し育つのです。

流行りは、終わりが来るけど

本物は、ずっと生き残ります。

もう、流行りや、世間の流れを
追いかけることは、やめませんか？

追いかけるのではなく

立ち止まり、日々、鍛錬し
自分の手の感覚を、育てましょう。

技術は、一生物で
誰も真似できない、最強の武器となるでしょう。

⁡
「IHRAホリスティックリメディアル上級コース」
⁡
100以上の筋骨格系の基礎解剖学の
手厚いオンラインセミナー
横向きや足のセミナー
全身の運動連鎖からアナトミートレインの理解
医療グレードの評価を学びます。
⁡
副腎疲労
不安症、自律神経失調症まで
病理と栄養もテストがあります。
⁡
⁡
国際基準の、人体の解剖学、正しい触診法
そして、評価の仕方を習得しませんか？（＾ω＾）
⁡
セラピスト人生を、１８０度変える分岐点が
ここにありあります。
⁡

個人説明会の
ご予約は、HPから。
⁡

⁡
⁡
　　　世界基準の機能解剖❌栄養学に基づいた
　　　　　　日本で唯一の医療グレードの
⁡
　　オーダーメイドセラピーを学べる
　　　　　　　　　唯一無二のアカデミー
⁡
⁡
「ずっと学んでみたかった！！」が沢山詰まった
専門的な“人体の知識”を1からしっかり学べる授業内容！！
⁡
⁡
🌼東京校2024年満了🌼
⁡
2025年のご予約はお早めに。
⁡
⁡
オンラインサロンの申し込みは
詳しくは、HPをご覧ください。
⁡
こちらをクリック
↓
@holistic_remedialtherapy
⁡
⁡
⁡
⁡
⁡
^_^
⁡
　　　　　　　

#リメディアルセラピー 
#リメディアルセラピスト
#リメディアルマッサージ
#マッサージスクール
#エステスクール 
#セラピストと繋がりたい 
#セラピストになりたい 
#セラピストスクール 
#セラピスト養成講座 
#リラクゼーションサロン 
#リラクゼーション 
#リラクゼーションマッサージ 
#リラクゼーション整体 
#リラクゼーションエステ",0,https://www.instagram.com/p/C_lNFvHSmcC/
2026-05-30T10:34:10.000Z,g.tail_wellness,52,"どんなアラフォー女性でも「宅トレ」を楽に継続できる最終奥義。

スマホで好きな動画を見ながらゴロゴロ…
その時間、
そのまま美ボディ作りに変えちゃいましょう！

自重トレ指導のプロが、横になったまま完結できる
【寝ながら宅トレ5種目】を特別に厳選しました

「ながら」だからこそ、
無駄なエネルギー消費を嫌う生存本能を
スルッと回避できる奥の手です

今すぐ動画を見ながら一緒にマネできるように、
右側の【保存マーク】を押して
リストに入れておいてください！

～ー～ー～ー～ー～ー～ー～ー～

【寝ながら完結！しなやか美ボディ5種目】

① クラムシェル
推奨回数：左右20回
下ろす時はゆっくり。腰を捻らず、お尻の筋肉が「焦げ付くような」使用感があればOK！

② アダクター・レイズ（3秒キープ）
推奨回数：左右15回
伸ばした脚を真上に浮かし、3秒キープして下ろす。サボりがちな内ももをしっかり引き締めます。

③ サイドプランク（3秒キープのリセット方式）
推奨回数：左右15回
骨盤を高く持ち上げ3秒キープ。1回ごとに脱力するリセット方式で、ウエストと脇の下を発火させます。

④ サイド・レッグレイズ
推奨回数：左右20回
つま先は天井方向へ。ゆっくりとした動作で、もういっちょお尻（ケツ筋）に刺激を入れます。

⑤ サイドブリッジ・プル
推奨回数：左右20回
左右の肩甲骨をグッと下げた状態を確実に維持。ウエストに加え、背中周りにもしっかり仕事をさせて締めくくり！

～ー～ー～ー～ー～ー～ー～ー～

■ 今日のアクションプラン

まずは今日、横になってスマホを見る時間に
1種目だけでも試してみてください

次回は【座りながら編】を伝授するので、
見逃さないように今のうちにフォローをしといてね

【🚨頑張る「宅トレ」が報われないアラフォー女性へ】

自宅で筋トレやストレッチを続けているのに、
なかなか体型が変わらない…

そんなあなたの宅トレの成果を
一気に「爆増」させるノウハウが、
私が提唱する『G-Method』です

回数をこなす気合や根性に頼る前に、
まずは身体の根本的なシステム（姿勢と呼吸）を
書き換える必要があります

一生崩れない機能美の土台を作り上げる
【無料3ステップ講義】は、
プロフィールのリンクから今すぐ受け取ってくださいな
👇
@g.tail_wellness
（※自動でSTEP.0の動画をお届けします）

#宅トレ #ながらトレーニング #40代ダイエット #脱根性論 #機能美",0,https://www.instagram.com/p/DY9aeQAisRj/
2026-01-20T00:01:21.000Z,takemari1219,18230,"チリツモあるのみ！
よく寝てよく食べてよく動く！🔥

#マリネス",64,https://www.instagram.com/p/DTtipO4kq6H/
2024-05-01T12:55:54.000Z,takemari1219,103201,"チリツモを続けた結果、妊娠前より痩せました🥹👏

今までで1番楽しいダイエットだったし
1番結果が出たダイエットだったと思います🥹

ハイライトにラスト100日の生活をまとめているので
良かったら見てね!!

今後もたくさんこの経験を発信していくから
フォローして待っててねー!!!

#宅トレ
#マリネス
#産後ダイエット
#ダイエット
#mariness",584,https://www.instagram.com/p/C6bS9dpvrO9/
2024-09-07T09:48:51.000Z,holistic_remedialtherapy,595,"リメディアルセラピーとは、治療の（Remedial）マッサージという意味で、自然療法先進国オーストラリアではオーストラリア政府認定の資格です。オーストラリアでは治療行為として「マッサージ療法」が確立しているため、民間医療保険の適用が認められています。
⁡
リメディアルセラピストは、
広範な身体評価技術やマッサージ技術を用いて
⁡
　『 筋骨格系の不具合を解消するマッサージ 』
⁡
⁡
としてクライアントの体に合わせてオーダーメイドでマッサージを提供します。
⁡
専門的な解剖学的知識により、
クライアントの身体の状態を
⁡
「目で観ること・触れること・聴くこと」により判断し
必要なテクニックを使い分けるのがリメディアルセラピーです。
⁡
⁡
リメディアルセラピーの起源は、紀元前まで遡り、特に、スウェディッシュマッサージからの影響を受けていることが、様々な文献の中からわかっています。 
⁡
これらのマッサージの歴史と、現代のフィジオセラピー（理学療法）が融合し、 科学的および治療的実践のもと改良され、リメディアルセラピーとしてオーストラリアで確立され、2001年オーストラリア政府によって国家資格に認定されました。 
⁡
⁡
日本でリメディアルセラピーができる豪州認定セラピストの数はまだ少なく、学べる教育機関も希少価値が高いのが現状です。
⁡
⁡
⁡
⁡
【夢を形に。アナタの技術を世界基準へ進化させる】
⁡
⁡
当スクールは、誰もが「夢と希望」を持てる世の中になるために。
『夢を形に。アナタの技術を世界基準へ進化させる』をテーマに掲げています。
⁡
日本では予防医療先進国オーストラリアのように、
セラピストに国家資格制度がなく、
⁡
「人間の体の基礎となる、医療レベルの解剖学の知識やテクニック学ぶ環境」が与えられていないのが現状です。
⁡
⁡
わざわざ海外に留学して、高額な学費を投資なくても日本で
⁡
「世界基準のセラピーを学ぶことができる」 
⁡
オリジナルの教育プログラムが2020年8月に完成し、「ホリスティックリメディアルセラピー協会」が設立されました。
⁡
⁡
⁡
現代は「個」の時代です。どんな環境、バックグラウンドの女性でも 何歳からでもチャレンジでき「自分な好きなことだけで仕事ができる」環境を実現させるため、当スクールは
⁡
⁡
“女性の自立型人材の発掘とサポート”を
積極的に取り組んでおります。
⁡
また、世界基準のホリスティックケアセラピスト＝自然療法の専門家が日本に増えることによって、1人でも多くのお客様の“未病”と呼ばれる状態（体の不調や痛み）を根本的に解決し、 IHRAセラピストが「お客様の人生を大きく変えられる」きっかけになっていただければと願います。
⁡
⁡
その結果、「日本の予防医療の発展への貢献」に繋がると信じて、スクール事業を行っております。
⁡
⁡
　　　　　　
　　　
⁡
⁡
⁡
⁡
⁡
💐💐💐💐💐💐💐💐💐💐💐💐💐💐💐💐
⁡
代表理事　マキロヒルオマ　理沙
講師引退まで残り
14年4ヶ月。
⁡
５０歳になったら、講師は引退します！
⁡
継承者を育てて、次世代のために
全てを繋ぎ渡します。
⁡
⁡
💐💐💐💐💐💐💐💐💐💐💐💐💐💐💐💐
⁡
⁡
あなたの技術を世界基準のセラピーへ進化させる
⁡
機能解剖学にもとづいた
ホリスティック機能解剖学オンラインアカデミー
⁡
全国海外　700名の
素晴らしいエネルギーが集まった
特別なオンラインサロン♡
⁡
会員様募集開始！
現在ご入会できます！！
⁡
「ずっと学んでみたかった！！」が沢山詰まった
専門的な“人体の知識”を1からしっかり
学べる授業内容！！
⁡
⁡
オンラインサロンの申し込みは
詳しくは、HPをご覧ください。
⁡
こちらをクリック
↓
@holistic_remedialtherapy
⁡
⁡
⁡
⁡
#リメディアルセラピー 
#リメディアルセラピスト
#リメディアルマッサージ
#マッサージスクール
#エステスクール 
#セラピストと繋がりたい 
#セラピストになりたい 
#セラピストスクール 
#セラピスト養成講座 
#リラクゼーションサロン 
#リラクゼーション 
#リラクゼーションマッサージ 
#リラクゼーション整体 
#リラクゼーションエステ",0,https://www.instagram.com/p/C_nImjtSPFE/
2025-10-02T12:19:44.000Z,juntakeda.bf,26120,"🔻【神ストレッチ欲しい方】

私の年齢をコメントしてください←前の投稿に出てるわよ❤️

《DM➡︎神ストレッチ》のステップ！
⁡
－－－－－－－－－－－－
⁡
【保存】していつでも動画を見返せるようにしましょう！
⁡
床バレエを一緒に行ってみたらコメントで教えてください！
⁡
月1募集の『おうち床バレエ教室』の詳細は
プロフィールのURLから
ゲットできます
↓↓↓↓↓↓
@juntakeda.bf
⁡
－－－－－－－－－－－－
⁡
[Save] and stretch together later!
① If you want to workout together please comment !→ »🔥 »
⁡
－－－－－－－－－－－－
⁡
YouTube もやっているので
【床バレエ竹田純】で
チェックしてみて🔥
⁡
－－－－－－－－－－－－
⁡
いきなり動くと
体の痛みの原因となりますので
少しずつできる範囲からでOKなので
ゆっくりとお願いします🙇‍♂️
⁡
本日も少しでもできたら素晴らしいです〜👏
⁡
－－－－－－－－－－－－
⁡
🔥現在の活動と話題の床バレエとは？🔥
⁡
私は
フランスで90年間大人気の
床×バレエの専門家です。
⁡
バレリーナ筋肉で…
・痩せたい
・整体したい
・つけたくない筋肉ばかりついてしまい怪我しやすいので別人に変わりたい　
の方にはオススメの床バレエです！
⁡
床バレエとバレエの違いは？
・飛ばなくていい
・柔らかくなくていい
・つま先で立たなくていい
・回転しなくていい
ので
床バレエは
【寝たまま開脚なしに誰でもバレリーナ筋肉をつけれるバレエ】です。
⁡
ジュン先生の床バレエはどこで受けれるの？
・おうち床バレエ教室 
のみです。
 詳細は、プロフィールのリンクからお願いします🙇‍♂️ 
－－－－－－－－－－－－
⁡
#肩こり 
#肩こり改善 
#肩こり解消 
#肩凝り 
#美ボディ女子
#美尻王子
#床バレエ
#痩せる
#training
#trainingday 
#workout
#exercise 
#diet
#stretch 
#ダイエット
#bellyfatburner",12257,https://www.instagram.com/p/DPTneeeATA-/
2025-07-26T07:47:27.000Z,takemari1219,12032,"5時起きで朝ごはん食べるまで！

最近最高に目覚め良い🥹

飲んでるプロテインと青汁は @mariness_official",95,https://www.instagram.com/p/DMkCmZvO_lm/
2024-07-05T12:14:17.000Z,juntakeda.bf,23793,"🔻《月1限定募集中》

おうち床バレエ教室のご案内&勉強会へ参加されたい方は

【床バレエ教室】

とコメントください☺️

🔻隠れポイントはコメント欄💬見てください！
⁡
⁡
＊＊＊＊＊＊＊
【保存】して後で一緒にストレッチしましょう！
⁡
✴︎一緒にやってみる方は　
→ 「✋」
⁡
✴︎2セットはできなかったけどやった✨方は
→「🔥」
⁡
✴︎2セットやりきった✨方は
→ 「🔥🔥🔥」
⁡
✴︎2セット以上できた✨方は
→「❤️❤️❤️」
⁡
コメントお待ちしてます‼️
⁡
－－－－－－－－－－－－
⁡
みなさんのフォローが励みになります！
@juntakeda.bf
一緒に頑張りましょう🔥
⁡
－－－－－－－－－－－－
⁡
YouTube もやっているので
【床バレエ竹田純】で
チェックしてみて🔥
⁡
－－－－－－－－－－－－
⁡
おうち床バレエ教室にご興味ある方は
プロフィールのリンクにある
HPからLINE登録してみて🔥
@juntakeda.bf
⁡
＊＊＊＊＊＊＊ 
⁡
[Save] and stretch together later!
① If you want to workout together please comment !→”🔥”
⁡
いきなり動くと
体の痛みの原因となりますので
少しずつできる範囲からでOKなので
ゆっくりとお願いします🙇‍♂️
⁡
本日も少しでもできたら素晴らしいです〜👏
⁡
－－－－－－－－－－－－
⁡
🔥現在の活動と話題の床バレエとは？🔥
⁡
私は
フランスで90年間大人気の
床×バレエの専門家です。
⁡
バレリーナ筋肉で…
・痩せたい
・整体したい
・つけたくない筋肉ばかりついてしまい怪我しやすいので別人に変わりたい　
の方にはオススメの床バレエです！
⁡
床バレエとバレエの違いは？
・誰でも簡単にできる
・柔らかくなくていい
・競い合わなくていい
・リハビリとして行っていい
ので
床バレエは
【寝たまま開脚なしに誰でもバレリーナ筋肉をつけれるバレエ】です。
⁡
ジュン先生の床バレエはどこで受けれるの？
・おうち床バレエ教室 
のみです。
⁡
現在、
床バレエを指導しながら
竹田純マスタークラスという
床バレエ資格取得x運営術のクラス活動も
フランスからしています。
 詳細は、プロフィールのリンクからお願いします🙇‍♂️ 
－－－－－－－－－－－－
⁡
気になる事がありましたら
気軽にコメントやDM下さいね😊
⁡
－－－－－－－－－－－－
⁡
私と旦那( @mr.krishome)の
YouTube【ジュンとクリス】チャンネル！
ぜひご登録お願いします🙇‍♂️
⁡
⁡
⁡
#お腹痩せ 
#くびれ
#ボディメイク
#美ボディメイク
#美ボディ女子
#美尻王子
#床バレエ
#beforeafter
#beforeafterweightloss 
#beforeandafter 
#workout
#exercise 
#ダイエット
#上品痩せ",423,https://www.instagram.com/p/C9CmKF5SnvY/
2024-02-12T13:19:44.000Z,juntakeda.bf,1460,"🔻【WEBセミナーのご案内】
⁡
受け取りを希望する方は…
⁡
❤️ か 💛 をコメントしてください。

《DM➡︎LINE登録➡︎セミナー予約》のステップです。

－－－－－－－－－－－－

🔥現在の活動と話題の床バレエとは？🔥

私は
フランスで90年間大人気の
床×バレエの専門家です。

バレリーナ筋肉で…
・痩せたい
・整体したい
・つけたくない筋肉ばかりついてしまい怪我しやすいので別人に変わりたい　
の方にはオススメの床バレエです！

床バレエとバレエの違いは？
・誰でも簡単にできる
・柔らかくなくていい
・競い合わなくていい
・リハビリとして行っていい
ので
床バレエは
【寝たまま開脚なしに誰でもバレリーナ筋肉をつけれるバレエ】です。

ジュン先生の床バレエはどこで受けれるの？
・おうち床バレエ教室 
のみです。

現在、
床バレエを指導しながら
竹田純マスタークラスという
床バレエ資格取得x運営術のクラス活動も
フランスからしています。
 詳細は、プロフィールのリンクからお願いします🙇‍♂️ 
－－－－－－－－－－－－

気になる事がありましたら
気軽にコメントやDM下さいね😊

－－－－－－－－－－－－

私と旦那( @mr.krishome)の
YouTube【ジュンとクリス】チャンネル！
ぜひご登録お願いします🙇‍♂️

#床バレエ協会 
#床バレエマスタークラス 
#美尻王子
#床バレエ
#beforeafter
#workout
#ダイエット
#上品痩せ 
#資格取得",435,https://www.instagram.com/p/C3P7ZKSvKFv/
2026-06-09T10:00:13.000Z,pt_kettyo,85,"手足を上げると腰が反る原因
@pt_kettyo

こんにちは！
ピラティススタジオlulutoの戸田です☺️

よくあるこのエクササイズ…
多くの方は「高く上げよう！」
と頑張るのですが、

そうすると
・腰椎が過剰に反る
・肋骨が落ちる
・首に力が入る
といった代償が起こりやすくなります。

今回のポイント
・頭頂と尾骨を遠くへ伸ばす
 ・手足も遠くへ伸ばす
・高さより長さを意識する

保存してぜひ試してみてください！

詳しい動きは
動画を保存してチェックしてみてください☺️

他の投稿はここから
🔻
@pt_kettyo
※本アカウント内の投稿内容は
あくまで個人の見解です。

＝＝＝＝＝＝＝＝＝＝＝＝＝
ピラティススタジオluluto 代表
戸田　圭哉

大学卒業後、理学療法士として東京の病院で勤務
その後「ピラティス」に出会い人生が変わる

パーソナルトレーナーを経て、
2022年3月に「ピラティススタジオluluto」をOPEN！

2026年2月には国内外98店舗も展開するチェーン店へ拡大させる

🔻ルルトのインストラクター採用に興味がある方はこちらのアカウントもチェック
@luluto_recruit

今はスタジオ運営と同時にピラティスで
体も心も健康に！をテーマにPHIピラティスマスタートレーナーとして
「ピラティスインストラクター養成コース」も開講中

🔻養成コースが気になる方はこちらへDMを
📩@pt_kettyo
＝＝＝＝＝＝＝＝＝＝＝＝＝",0,https://www.instagram.com/p/DZXGs4ETnV1/
2023-06-07T06:34:52.000Z,shinkyu_refine,477,"食いしばりは舌の正しい位置によって改善します！

唇は閉じて舌先は
前歯裏の付け根から
上顎にぴったりと沿うように
意識しましょう。
 
前歯は押しません、当たりません。
 舌の正しい姿勢あるべき位置を
クセづけにしていきましょう。",2,https://www.instagram.com/p/CtLeU-Kp-Je/
2026-03-04T05:57:14.000Z,shinkyu_refine,83,"リールや投稿を頑張っても、予約が増えない整体院へ。

施術動画×専門性で予約につなぎInstagramで
「選ばれる理由」を作る

食いしばり専門×小顔整体 集客プログラム

フォロワー4万人・100万再生の施術動画から生まれた
食いしばり専門×小顔整体のInstagram集客プログラム

【BITELESS】

BITELESSの価値（なぜ食いしばり専門か）

食いしばり×小顔という専門分野を軸に、
　　・食いしばりで悩んでる方が多い
	•その人に向けてどんな施術動画を撮るか
	•何を伝えれば「この人にお願いしたい」と思われるか
	•見られるInstagramから予約に繋がるInstagramへ

この一連を、
1人サロンでも再現できるテンプレートに落とし込み、
少人数で伴走します。

1人サロンでも新規30人/月を作るSNS集客

※広告に頼らず、1人サロンでも再現できた事例です。

Instagramフォロワー4万人
リール100万再生の施術動画実績
開業半年で新規40人/月を達成

“施術動画で集客できる仕組み”をあなたの院に導入します。
まずは無料診断で導入可否を確認してください。

#BITELESS
#小顔整体
#スクール
#食いしばり",1,https://www.instagram.com/p/DVc15aNEQXV/
2026-01-02T11:44:18.000Z,holistic_remedialtherapy,219,"あけましておめでとうございます😘
本年度もどうぞ、よろしくお願い申し上げます。🎍

　　日本にいながら、海外留学するレベルで
　　　　　　とことん学べる【神オンラインサロン】
⁡
⁡
　　世界基準の機能解剖、テクニック
　　　　　　　　　　根拠のある国際レベルの
　　解剖学に基づいた肩甲骨調整を学ぶ
　　　　　　　　　　　　　4ヶ月のプログラム
⁡
　いよいよ、1月5日0時〜（月曜日）
　　　　　　　　　　　　新規募集開始です‼️
　　（２０２6年1月5日受付スタート　締め切り16日）
⁡
＼🌺フォロワーさん、公式ライン登録者様限定！
　　　　　100名様限定　無料セミナーご招待/
⁡
⁡
⁡
⁡
【お年玉🧧大特典😘
無料で受けれる3つのセミナー⬇️⬇️】
⁡
⏰2026年1月5日21時ー22時半
人体基礎セミナー
⁡
⏰ 1月6日10時半ー11時半
肩甲骨調整と評価の基礎
⁡
⏰1月13日10時半ー11時半（最大12時）
肩甲骨のお絵描き解剖学
⁡
⁡
本来7700円✖️3つ
23100円のセミナーが、限定100名で
無料🆓でご招待！！！
⁡
　
⚠️人数集まり次第、キャンペーンは
終了となります。
⁡
⁡
⁡
⁡
世界基準の
ホリスティックリメディアルセラピーの世界を
ぜひ、体験してみてください♡
⁡
⁡
⚠️セミナー参加には
サブスク登録が必要となります。
中級コース8800円に無料で1週間
無料🆓ご招待をさせていただきます！
⁡

⚠️申し込み期限1月16日まで
継続されない場合は、いつでも解約可能です🉑
⁡
⁡
⁡
⁡
お待たせしました♡
ホリスティック解剖学アカデミー
NextStage
⁡
⁡
来年から大幅リニューアルして
認定資格コースを導入しました。
（上級コースのみ）
⁡
🌟オンライン問題集付きで
自宅でテストが受けれる。
⁡
🌟臨床における（ケーススタディ）を通して
どのように解剖学を扱っていくか？の部分まで
しっかりとお伝えしていく
⁡
新しいセミナーが上級コースに
追加されます♡
⁡
⁡
⁡
✅アーカイブみて、解剖学が
わかった気になってしまってる。。
✅結局、現場に学んだことを生かしきれてない。
⁡
✅予算と押さえて、国際レベルの解剖学を
日本語で習得したい。
⁡
⁡
⁡
そんな方向けに、設立したホリアカ。
現在700名を超える会員様に
ご愛用いただき、全国的に士気が高まっています。
⁡
⁡
みんなで、日本のセラピストのレベル底上げをしましょう。
⁡
ぜひ、活用してください♡
⁡
⁡
⁡
募集は、2026年1月5日（月曜日）
⁡
⁡
3つのセミナーに無料🆓参加できる
特別招待も100名様のみ
承っておりますので、ぜひご参加くださいね❤️
⁡
⁡
🤩詳細と申し込みは、プロフィールから

@holistic_remedialtherapy 
⁡
⁡
⁡
🌺🌺🌺🌺 🌺🌺🌺🌺 🌺🌺🌺🌺 🌺🌺
⁡
世界基準の機能解剖❌栄養学に基づいた
　　　　　　日本で唯一の医療グレードの
⁡
　　オーダーメイドセラピーを学べる
　　　　　　　　　唯一無二のアカデミー
⁡
⁡
「ずっと学んでみたかった！！」が沢山詰まった
専門的な“人体の知識”を1からしっかり学べる授業内容！！
⁡
⁡
ケータイさえあれば
いつでもどこでも学べる
オンラインサロンも大人気です💖
⁡
⁡
現在会員様　制限中🚫
次の募集は1月5日です♡

⁡ 🤩申し込みは、プロフィールから

@holistic_remedialtherapy",0,https://www.instagram.com/p/DTAc98iktD7/
2025-03-06T02:13:12.000Z,__maipilates__,68,"""妊婦さんの腰の痛み""

腰痛に悩んでる方多いと思います🥺🎈

通常時に4.5kgのものを持った時に腰にかかる負担は""29.5kg""
それに比べて、妊娠後期に4.5kgのものを持った場合の腰への負担は""68kg""と約2.5倍です😢

腰痛に悩む人が多いのも納得🤔

骨盤ベルトでお腹を支えるように
自身の筋肉でも積極的にお腹を支えて
腰椎や骨盤の安定を促すことが大切です😌

お腹を体にすっぽりはまるようにしてあげると
腰痛以外にもマイナートラブルと呼ばれる
肩こり、恥骨痛、仙骨痛などなどにも
良い効果が見られます❣️

また体を動かし、呼吸を深めることで
血液循環を起こしむくみ解消、
快眠、ストレス軽減、不安感の解消などの
効果も期待できます🫶

--------------------
<マシーンレッスン>
都内でレッスンをしています♡
平日になりますが、ご希望の方はご連絡下さい😌

オススメの方
-忙しく毎日が過ぎていく
-仕事や趣味のパフォーマンスをあげたい
-産前産後
-小さいお子様と日々を過ごしている

からだのケア、姿勢改善はもちろん
足を踏み入れた瞬間に非日常を感じられる
氣の良いスタジオでお待ちしてます😌

詳細ご希望の方はオフィシャルラインまたは
DMからご連絡下さい！

<オンラインレッスン>

パーソナルのオンラインレッスンも募集してます😌
カナダからも可能なのでお時間ご相談ください♡",1,https://www.instagram.com/p/DG1ziwEyI1h/
2025-09-18T01:09:18.000Z,shinkyu_refine,184,"小顔整体の効果としては食いしばりから来るエラ張りや、顎関節症、顎が重だるい、偏頭痛、顔の左右差、しつこい浮腫み等、様々な身体の不調に対してアプローチしていきます。

⚠️特にエラ張りは関しては長年の癖等で蓄積されて出来たものなので1回の施術では改善しません。
『継続施術』が必要です。  #食いしばり
#エラ張り
#小顔整体
#小顔矯正
#都島",0,https://www.instagram.com/p/DOuYCPGkt8m/
2025-03-27T11:08:38.000Z,__maipilates__,56,"<側弯症ピラティス>

からだのポテンシャルってすごいんだ😌
諦めなくて大丈夫😌いつでも一緒に伴走していきたい🦋♡

そして呼吸がとにかく大事💡

地味ワーク沢山だけど、
地味ワークこそからだを変える近道😌

--------------------
<マシーンレッスン>
都内でレッスンをしています♡
平日になりますが、ご希望の方はご連絡下さい😌

オススメの方
-忙しく毎日が過ぎていく
-仕事や趣味のパフォーマンスをあげたい
-産前産後
-小さいお子様と日々を過ごしている

からだのケア、姿勢改善はもちろん
足を踏み入れた瞬間に非日常を感じられる
氣の良いスタジオでお待ちしてます😌

詳細ご希望の方はオフィシャルラインまたは
DMからご連絡下さい！

<オンラインレッスン>

パーソナルのオンラインレッスンも募集してます😌
カナダからも可能なのでお時間ご相談ください♡",2,https://www.instagram.com/p/DHs1gyKTFHO/
2026-06-02T08:48:10.000Z,tone_tokyo1015,51,".
.
.
.
.
人生には、
言葉にならない移ろいがあります

季節が巡るように
光の色が変わるように

カラダも心もいつも同じ場所には留まっていません

軽やかな日もあれば、
立ち止まりたくなる日もある。

揺蕩うように揺らぐ日々の中で
わたしたちはその瞬間、瞬間を生きています

toneという店舗名には
人生の移り変わる色調を優しく見つめながら寄り添い
意識を中心へ還していく

そんな想いを込めました。

何者かになるためではなく、
今ここにいる自分を感じるために...

この場所は、
心身を整えるためだけの場所ではありません。

慌ただしい日常の中で、
置き去りにしてしまった感覚を思い出し、
忘れかけていた感情を立ち上げていく。

呼吸に耳を澄ませ、
身体の声に触れ、
静かに自分へ還っていく場所。

光の入り方
草木の質感や手触り
風の通り道
人の手のぬくもり

目には見えないものこそ
わたしたちを深く整え
次第に輪郭を取り戻してくれるのだと思います。

この空間で過ごす時間が、
心の中にある桃源郷を思い出す時間となり
それぞれの人生に小さな余白をもたらしますように。

そしてこれから少しずつ、
toneの思想や世界観を
言葉と写真に残していこうと思います

ようこそ、tonetokyo へ

#tonetokyo
#中庸 
#余白のある暮らし
#感性を磨く
#子宮の叡智",1,https://www.instagram.com/p/DZE6e9UyrGH/
2026-03-06T12:30:43.000Z,taichi_flexible.body,5112,"縦開脚とコメントで
正しく180度開く解説動画を送ります！

開くたびに
前足のもも裏ばかり伸びる人。

それ、実は
後ろ足が使えていないのが原因です。

このポイントを意識するだけで
縦開脚はかなり180度に近づきます。

さらに

・腰痛予防
・股関節のバランス改善
・しなやかな体づくり

にも繋がります。

柔軟性は
「伸ばす」だけでは変わりません。
「正しく使う」こと。

これができると
体は驚くほど変わります。

知りたい方は
コメントに「縦開脚」と入力してください🧘‍♀️
解説動画をお送りします！

@taichi_flexible.body
しなやかで強い身体を作る
Flexible Bodymake

－－－－－－－－－－－－－－－－－－－－－
#縦開脚 #開脚ストレッチ #ハヌマーン #股関節ストレッチ #柔軟性アップ #ヨガ",5317,https://www.instagram.com/p/DViwUTaEbHR/
2026-05-09T10:01:07.000Z,kana_diet_recipe,196,"ダイエット中なのに、甘いものやめられない人これ見て🫶✨
食事だけで13kg痩せた私がハマってる、豆腐きな粉アイス🍨

使ってるのは無添加のピープロテイン💚
☑︎植物性でカラダにやさしい
☑︎乳酸菌入りで腸内環境サポート
☑︎美肌ケア成分も配合

甘いもの欲満たせるのに内側から整うのがほんとに嬉しい🥹💓

私も昔は我慢ばっかりでリバウンドしてたけど、
しっかり栄養を摂るようにしてから
体も肌もどっちも変わった。

我慢しなくてもキレイでいられる自分に🫶
甘いもの食べながらでも罪悪感ゼロで続けられるから、ダイエットが一気にラクになる✨

🔍楽天市場で
「BIKONA ピープロテイン」で検索してみて！

無理に減らすんじゃなくて、“選び方”を変えて理想の体をつくろう〜✨

▼詳しいレシピはこちら
✄˗˗˗˗˗˗˗˗˗˗˗˗˗˗˗˗˗˗˗˗˗˗˗˗˗˗˗˗˗˗˗˗˗˗˗˗˗˗˗˗˗˗˗˗˗˗˗˗˗˗˗˗˗˗˗˗˗˗˗˗˗
《材料》
・絹豆腐…150g
・完熟バナナ…1本
・BIKONAプロテイン…大さじ2
・ラカント… 大さじ1

◎トッピング
・黒みつ… お好みで
・きな粉… お好みで
・ナッツ…お好みで

《作り方》
① ジップロックに豆腐とバナナを入れてよく揉み潰す
②①に残りの材料を入れてよく揉む
③②を冷凍庫で3時間以上冷やす
④器に盛りつけ、お好みでトッピングしたら完成✨

✄˗˗˗˗˗˗˗˗˗˗˗˗˗˗˗˗˗˗˗˗˗˗˗˗˗˗˗˗˗˗˗˗˗˗˗˗˗˗˗˗˗˗˗˗˗˗˗˗˗˗˗˗˗˗˗˗˗˗˗˗˗

最後まで読んでくれてありがとうございます☺︎

このアカウントでは、
食改善で−13kg痩せたダイエットレシピを発信中👩‍🍳🥣

☑︎ 運動が続かない…
☑︎ 食べたいのに痩せたい…
☑︎ 忙しくてもできるレシピが知りたい…

そんな方はぜひフォローしてくれたら嬉しいです🕊️✨ ▷@kana_diet_recipe

✄˗˗˗˗˗˗˗˗˗˗˗˗˗˗˗˗˗˗˗˗˗˗˗˗˗˗˗˗˗˗˗˗˗˗˗˗˗˗˗˗˗˗˗˗˗˗˗˗˗˗˗˗˗˗˗˗˗˗˗˗˗
 #PR #BIKONA #プロテイン#豆腐アイス",8,https://www.instagram.com/p/DYHR7iJPJMF/
2026-05-03T13:01:57.000Z,taichi_flexible.body,7255,"プランク姿勢は「手のひらの重心位置」を意識することで、肩甲骨が下制し、体幹が使える！
つまり、“筋肉を正しく使う”ことで柔らかさだけでなく姿勢のコントロール力も同時に手に入る。

ただ柔らかくするのではなく、
効かせながらプランクや四つん這いをおこなう。
これが、しなやかで強い身体をつくるコツです✨

@taichi_flexible.body
しなやかで強い身体をつくる Flexible Bodymake

－－－－－－－－－－－－－－－－－－－－－

#プランク #ストレッチ #開脚 #ヨガ #体幹",84,https://www.instagram.com/p/DX4J4fFTiI_/
2026-05-08T10:29:01.000Z,kana_diet_recipe,431,"13キロ痩せたレシピはこちら▷@kana_diet_recipe
いつでも見返せるように保存&フォローおすすめです🫶

こんばんは、カナです🌿
今日のレシピは”濃厚アボカドユッケ🥑”

ダイエット中って
こってり系食べたくなるよね…？

でもこれなら
✔︎ 良質な脂質たっぷりで満足感◎
✔︎ トマトでさっぱり
✔︎ タレ混ぜるだけで超簡単

濃厚なのに後味軽くて
無限に食べたくなるやつ🤦‍♀️💓

お腹いっぱい食べても罪悪感なしで
ちゃんと満たされるのが嬉しい🥺
保存して作ってみてね🫶

▼詳しいレシピはこちら
✄˗˗˗˗˗˗˗˗˗˗˗˗˗˗˗˗˗˗˗˗˗˗˗˗˗˗˗˗˗˗˗˗˗˗˗˗˗˗˗˗˗˗˗˗˗˗˗˗˗˗˗˗˗˗˗˗˗˗˗˗˗
《材料》
・アボカド…1個
・トマト…1個
・オクラ…お好きなだけ
・ツナ…1缶

★コチュジャン…大さじ1
★マヨネーズ…小さじ1
★しょうゆ…大さじ1/2
★ごま油…大さじ1/2

◎トッピング
・いりごま…適量
・卵黄…1個

《作り方》
①アボカド、トマトは食べやすい大きさに切る
②ボウルに★を入れて混ぜる
③②にトッピング以外の材料を入れて混ぜる
④③にいりごま、卵黄をトッピングしたら完成✨

感想や質問など、どんなことでもコメントいただけると嬉しいです☺️

✄˗˗˗˗˗˗˗˗˗˗˗˗˗˗˗˗˗˗˗˗˗˗˗˗˗˗˗˗˗˗˗˗˗˗˗˗˗˗˗˗˗˗˗˗˗˗˗˗˗˗˗˗˗˗˗˗˗˗˗˗˗

最後まで読んでくれてありがとうございます☺︎

このアカウントでは、
食改善で−13kg痩せたダイエットレシピを発信中👩‍🍳🥣

☑︎ 運動が続かない…
☑︎ 食べたいのに痩せたい…
☑︎ 忙しくてもできるレシピが知りたい…

そんな方はぜひフォローしてくれたら嬉しいです🕊️✨ ▷@kana_diet_recipe

✄˗˗˗˗˗˗˗˗˗˗˗˗˗˗˗˗˗˗˗˗˗˗˗˗˗˗˗˗˗˗˗˗˗˗˗˗˗˗˗˗˗˗˗˗˗˗˗˗˗˗˗˗˗˗˗˗˗˗˗˗˗
 #ヘルシーレシピ#ダイエットレシピ#アボカド#ユッケ",18,https://www.instagram.com/p/DYEwXFqPb5T/
2026-05-11T13:37:31.000Z,taichi_flexible.body,11562,"開脚は「骨盤の位置次第」で、足の付け根の詰まり感が大きく変わります。

特に、骨盤を前傾しようとした時に詰まりを感じる方は、【大腿筋膜張筋】の硬さが原因のひとつ。
先にここをほぐすことで、股関節がスムーズに動きやすくなり、開脚の可動域も一段と広がります✨

つまり、“正しくほぐす”ことで
柔らかさだけでなく、動きをコントロールする力まで同時に手に入る。

ただ柔らかくするのではなく、
「効かせながら開脚を行う」。

これが、しなやかで強い身体をつくるコツです🧘‍♂️🔥

@taichi_flexible.body
しなやかで強い身体をつくる Flexible Bodymake

－－－－－－－－－－－－－－－－－－－－－

#横開脚 #開脚 #ストレッチ #股関節 #ヨガ 柔軟性 ボディメイク",41,https://www.instagram.com/p/DYM0WntTqLr/
2026-01-21T08:37:25.000Z,taki_diet_recipe,25910,"\バズってたアレ🤫太らない生クッキー/ 
詳しいレシピは⤵︎

投稿見てくれてありがとうございます🥰

小さい頃、クッキー生地って
なんかすごく魅力的だったのはわたしだけ？🤔笑
あのざらざらジャリジャリ感が無性に美味しそうで気になってた！🤣

大人になった今、あのざらざらクッキー生地を
生で食べられるとは思わなかった🥹✨

しかもめっちゃ低糖質だしカロリー低いから
罪悪感なく食べられちゃう♡

背徳感感じられるし簡単で美味しいので
見返せるように『保存』して
ぜひぜひ作ってみてね🤤

【材料】
・パルテノ  無糖 1個（100g）
・無調整豆乳  大さじ1
・ココアパウダー  大さじ1 強
・ラカント  大さじ1と1/2
・おからパウダー  大さじ2 

トッピング
お好きなチョコチップや砕いたチョコなどお好みで🙆‍♀️

【作り方】
① 材料全て入れて混ぜたら
チョコチップなどお好きなものをトッピングして完成！✨

＊焼く場合
170度に予熱したオーブンで20分ほど焼いてね☺️
ちなみにわたしは生が断然おすすめ！✨

#ダイエット #ヘルシースイーツ #生クッキー #簡単レシピ #グルテンフリー",972,https://www.instagram.com/p/DTxChAKEbAu/
2026-06-10T02:14:39.000Z,teppei__hair,30,"🌟この色は僕にしか作れません♡.

ご予約はプロフィールのURLもしくはDMにて受け付けています◎
.
❌の場合はDMにてお問い合わせください！
.
. 
🌟他のサロンでは再現不可な
#くすみカラー　が大人気
.
🌟投稿の画像はブリーチありorなしダブルカラーのため、【ダブルカラー】クーポンを選択して下さい。
.
.
🌟ブリーチなしカラーに限らずカラー全般得意です◎
.
⭐️地毛を5トーンとしての表記になっています！
ブリーチなしのカラーは基本少し暗めな設定になっています！より明るくしたい方はブリーチがおすすめです！
.
.
.
#ブリーチなしグレージュ #ブリーチなしダブルカラー",39,https://www.instagram.com/p/DZY2HiOJ7NB/
2026-01-31T08:23:37.000Z,taki_diet_recipe,12728,"詳しいレシピや他のヘルシーレシピは→@taki_diet_recipe

投稿見てくれてありがとうございます🥰

 \全部食べても太らない🌱白玉プリン4選/ 

いつも人気の白玉プリン🍮
今回は4つの味を揃えてみたよ♡

＊ココア
＊抹茶
＊紅茶
＊黒ごま

どれもとっても美味しくておすすめ🤤✨

レシピまとめたから、気になる人はフォローして
『好きな味』をコメントで教えてね☺️

レシピをDMで送ります♡

#ダイエット #ヘルシースイーツ #簡単レシピ #食べ痩せ #豆乳プリン",10201,https://www.instagram.com/p/DUKw0FIke2c/
2024-03-30T09:44:15.000Z,rinodiet11,6881,"@rinodiet11 ←体型ビフォアフ＆レシピ
【71日目】100日ダイエット-7キロ目指す記録📝
169cm 58キロスタート
-＊-＊-＊-＊-＊-＊-＊-＊-

どうも、りのです！
今回は、きのこたっぷり使った高タンパクな筋肉弁当の作り方！

最近フォロワーさんから作り置き弁当がとても好評で、娘さんや旦那さんと一緒に食べてくれてる人が多いみたいです泣
ありがとうございます！

味付けもしっかりしてて本当に美味しいです🥰
きのこたっぷりでダイエットにもおすすめ。

ぜひ作ってみてね！

きのこの高タンパク弁当
▼材料
・鶏もも肉（皮なし）　700g
・しめじ　1株
・えのき　1株
・エリンギ　1パック
・片栗粉　大さじ2
・ピュアセレクトマヨ　大さじ3
・塩コショウ　適量
⭐︎ポン酢　大さじ3
⭐︎しょうゆ　大さじ1
⭐︎ニンニクチューブ　適量

▼作り方
①きのこを適当に切る。
②もも肉の皮をとって、一口サイズに切ったらアイラップにぶち込んで片栗粉を入れてまぶしておく。
③中火のフライパンにマヨネーズ入れてもも肉を焼き、片面返すタイミングできのこ類をいれる。
④蓋をして5分中火（少し弱め）で放置→⭐︎の調味料入れたらできあがり。

▼メモ
冷凍する場合は必ず冷めてから蓋をしてください。

冷凍保存→2週間ほど
冷蔵→2.3日

冷凍解凍→500w5.6分
冷蔵解凍→500w3分

蓋をずらして温めましょう！

-＊-＊-＊-＊-＊-＊-＊-＊-

初めまして、りのです。
妊娠中＋18キロ太ってしまって…。
最大76キロ→54キロまで痩せた2児ママです🥰
リバウンドなどを繰り返して58キロまで増えちゃいました🥹

ただいま100日ダイエット企画中！
真似するだけでスルスル痩せていくおかず、スイーツなど発信していきます✨
応援してくれると嬉しいです😍

-＊-＊-＊-＊-＊-＊-＊-＊

#ダイエット弁当 #ヘルシー弁当 #筋肉弁当 #脂質オフ #脂質制限 #ローファット #冷凍弁当 #高タンパク #もも肉 #きのこレシピ #ダイエットおかず #太らない #太らない食事 #ダイエット #ダイエットご飯 #ロカボ #低糖質ダイエット #食べて痩せる #食べて痩せるダイエット #料理 #痩せる食事",37,https://www.instagram.com/p/C5IkDhCyjh_/
2024-02-24T08:08:50.000Z,rinodiet11,6933,"@rinodiet11 ←体型ビフォアフ＆レシピ
【41日目】100日ダイエット-7キロ目指す記録📝
169cm 58キロスタート
-＊-＊-＊-＊-＊-＊-＊-＊-

どうも、りのです！
今回は、生理前の甘いもの欲が止まらないって人向けに、今私が実際食べているもの3つご紹介🥰
ご飯しっかり食べてるのに止まらなくて困ってるって人はぜひ作ってみて♡

【1】抹茶プロテイン
▼材料
・抹茶ピュア　プロテイン
・アーモンドミルク

ソイプロテインなんやけど、めっちゃ腹持ち良くて美味しい✨宇治の抹茶使用してるから割と本格的。ホットでも飲める珍しいタイプ。ホット好きな人はぜひおすすめしたい（真顔）

【2】卵なしフォンダンショコラ
▼材料
・おからパウダー　大さじ1
・きな粉　大さじ1
・ココアパウダー　大さじ1
・ハチミツ　大さじ1（15cc）
・ベーキングパウダー　小さじ1/2
・水　40〜45cc
・高カカオ　1枚

▼作り方
①入れ物におからパウダー、きな粉、ココアパウダー、ハチミツ、水入れてしっかり混ぜる。
②ベーキングパウダー入れてよく混ぜ、真ん中にチョコいれたら600w1分〜1分20秒加熱してできあがり。

▼メモ📝
・材料混ぜてる時にとろみが少なければ、水を5cc追加して混ぜて下さい。
・ベーキングパウダーは必ず最後に入れて、しっかり混ぜましょう。
・プロテイン余ってる人はココアパウダーの代わりに入れましょう！おすすめは抹茶プロテインやココアプロテイン🙌

【3】トースターでオールドファッションドーナツ
▼材料
・卵　1個
・ラカント（砂糖）大さじ2
・おからパウダー　大さじ4
・アーモンドパウダー　大さじ2
・ココアパウダー　大さじ2
・アーモンドミルク　大さじ3
・ベーキングパウダー　小さじ1
・高カカオチョコ　2〜4枚

▼作り方
①卵を溶いて、粉物を全て入れて混ぜ合わせる。
②アーモンドミルク入れてよく混ぜ、固まってきたらドーナツ型に形成する。
③チョコを溶かしてドーナツにかけ、トースター600〜800w10分前後焼いたら出来上がり。

▼メモ
お使いのトースターによって加熱時間異なります。焦げがきになるようでしたらアルミを被せて様子見してください。

-＊-＊-＊-＊-＊-＊-＊-＊-

初めまして、りのです。
妊娠中＋18キロ太ってしまって…。
最大76キロ→54キロまで痩せた2児ママです🥰
リバウンドなどを繰り返して58キロまで増えちゃいました🥹

ただいま100日ダイエット企画中！
真似するだけでスルスル痩せていくおかず、スイーツなど発信していきます✨
応援してくれると嬉しいです😍

-＊-＊-＊-＊-＊-＊-＊-＊

#生理前の食欲 #ダイエットおやつ #ダイエットスイーツ #低脂質おやつ #低糖質おやつ #太らない #太らないおやつ #チョコレシピ #フォンダンショコラ手作り #フォンダンショコラ #チョコドーナツ #おからパウダーレシピ #卵なし #小麦粉不使用 #グルテンフリーおやつ #低糖質レシピ #低脂質レシピ #脂質制限 #糖質制限ダイエット #簡単おやつ #ヘルシーおやつ #ダイエットレシピ #簡単スイーツ",8,https://www.instagram.com/p/C3uRTKeSBsk/
2026-06-09T01:17:12.000Z,teppei__hair,42,"🌟この色は僕にしか作れません♡.

ご予約はプロフィールのURLもしくはDMにて受け付けています◎
.
❌の場合はDMにてお問い合わせください！
.
. 
🌟他のサロンでは再現不可な
#くすみカラー　が大人気
.
🌟投稿の画像はブリーチありorなしダブルカラーのため、【ダブルカラー】クーポンを選択して下さい。
※髪質抜け具合によりブリーチプラスで必要な場合もございます
.
.
🌟ブリーチなしカラーに限らずカラー全般得意です◎
.
⭐️地毛を5トーンとしての表記になっています！
ブリーチなしのカラーは基本少し暗めな設定になっています！より明るくしたい方はブリーチがおすすめです！
.
.
.
#ブリーチなしグレージュ #ブリーチなしダブルカラー",62,https://www.instagram.com/p/DZWKzKbgepS/
2026-06-08T14:11:14.000Z,lesi.fit,18114,"STRONG GIRL ERA challenge is live 👀
Join today 👉🏻 LINK IN BIO

#homeworkout #gymworkout #workouttips",113,https://www.instagram.com/p/DZU-TuctWhg/
2025-12-02T11:10:12.000Z,kana_diet_recipe,8729,"13キロ痩せたレシピはこちら▷@kana_diet_recipe
いつでも見返せるように保存&フォローおすすめです🫶

こんばんは、カナです🌿

今日のレシピは”豆腐マルゲリータ🍕”

ピザって美味しくて大好きだけど、
高カロリー・高脂質で
ちょっと罪悪感あるよね🥺

でもこれはお豆腐入りでカロリーオフしつつ、
タンパク質はプラスできちゃう✨
グルテンフリーで作れるのも嬉しいポイント☺️

発酵なし&レンチンで作れるのに
びっくりするほど美味しいから
ぜひ試してみてください〜🫶✨

▼詳しいレシピはこちら
✄˗˗˗˗˗˗˗˗˗˗˗˗˗˗˗˗˗˗˗˗˗˗˗˗˗˗˗˗˗˗˗˗˗˗˗˗˗˗˗˗˗˗˗˗˗˗˗˗˗˗˗˗˗˗˗˗˗˗˗˗˗
《材料》
★米粉…100g(波里の米粉を使用しています)
★豆腐…150g
★ベーキングパウダー…小さじ1(4g)
★塩…ひとつまみ
・トマト…お好みの量
・チーズ…30g

◎ピザソース
・ケチャップ…大さじ3
・にんにくチューブ…1cm
・クレイジーソルトや塩…小さじ1/2
・乾燥バジル…適量(無くてもOK)

◎トッピング
・バジル…5枚
・ブラックペッパー…適量
・オリーブオイル…小さじ1

《作り方》
①ボウルに★の材料を入れてよく混ぜる
②まとまったら丸くピザの形に成形して、500W5分レンチン(手に水をつけると成形しやすいです)
③ピザソースの材料を混ぜて、②に塗り広げ、チーズ・トマトをのせたらトースターやオーブンで焼き目をつける
④お好みでバジル・ブラックペッパー・オリーブオイルをかけたら完成✨

💡使用する米粉の種類によって水分吸収量が変わってくるので、耳たぶくらいの柔らかさになるまで米粉の量は調整してください！

💡焼き目をつける際、今回は180度に予熱したオーブンで5分焼いています！

感想や質問など、どんなことでもコメントいただけると嬉しいです☺️

✄˗˗˗˗˗˗˗˗˗˗˗˗˗˗˗˗˗˗˗˗˗˗˗˗˗˗˗˗˗˗˗˗˗˗˗˗˗˗˗˗˗˗˗˗˗˗˗˗˗˗˗˗˗˗˗˗˗˗˗˗˗

最後まで読んでくれてありがとうございます☺︎

このアカウントでは、
食改善で−13kg痩せたダイエットレシピを発信中👩‍🍳🥣

☑︎ 運動が続かない…
☑︎ 食べたいのに痩せたい…
☑︎ 忙しくてもできるレシピが知りたい…

そんな方はぜひフォローしてくれたら嬉しいです🕊️✨ ▷@kana_diet_recipe

✄˗˗˗˗˗˗˗˗˗˗˗˗˗˗˗˗˗˗˗˗˗˗˗˗˗˗˗˗˗˗˗˗˗˗˗˗˗˗˗˗˗˗˗˗˗˗˗˗˗˗˗˗˗˗˗˗˗˗˗˗˗
 #ヘルシーレシピ#ダイエットレシピ#レンチンレシピ#豆腐ピザ#米粉ピザ#マルゲリータ#グルテンフリー",81,https://www.instagram.com/p/DRwkTNiD0_8/
2026-06-09T10:53:04.000Z,teppei__hair,31,"🌟この色は僕にしか作れません♡.

ご予約はプロフィールのURLもしくはDMにて受け付けています◎
.
❌の場合はDMにてお問い合わせください！
.
. 
🌟他のサロンでは再現不可な
#くすみカラー　が大人気
.
🌟投稿の画像はブリーチありorなしダブルカラーのため、【ダブルカラー】クーポンを選択して下さい。
※髪質抜け具合によりブリーチプラスで必要な場合もございます
.
.
🌟ブリーチなしカラーに限らずカラー全般得意です◎
.
⭐️地毛を5トーンとしての表記になっています！
ブリーチなしのカラーは基本少し暗めな設定になっています！より明るくしたい方はブリーチがおすすめです！
.
.
.
#ブリーチなしグレージュ #ブリーチなしダブルカラー",59,https://www.instagram.com/p/DZXMSYsBj6F/
2026-06-07T13:34:47.000Z,lesi.fit,-1,Which one hits your glutes the best? 👇🏻🔥,18,https://www.instagram.com/p/DZSVVoBtia-/
2025-11-24T09:13:11.000Z,taki_diet_recipe,7855,"taki_diet_recipe \太らないチョコチップクッキー🍪/ 
詳しいレシピは⤵︎

ダイエット中にチョコチップクッキーは罪悪感が…
そう思ってもこれならノンオイルだし罪悪感なく食べられる✨

ぼりぼり噛みごたえあるから満足感もばっちり🤤

材料混ぜてレンチンで完成するし
ボウルも洗わなくていいから
ズボラなわたしでも作れるレシピ👏🏻

【材料】
米粉  80g
はちみつ  大さじ1（21g）
卵  1個
チョコチップ  10g

【作り方】
①料理用ポリ袋に材料を全部入れて混ぜる
②クッキングシートで生地を挟み、薄く伸ばす（3mmくらい）
③好きな大きさに包丁で切れ目を入れ、電子レンジで600w4分半加熱
④冷めたら手でパキッと割る
＊焦げやすいので様子を見ながら加熱！

美味しいからぜひ作ってみてね☺️

#ダイエット#ヘルシー #ヘルシースイーツ #簡単レシピ #食べ痩せ #チョコチップクッキー #電子レンジ #グルテンフリー",48,https://www.instagram.com/p/DRbwgvikcWf/
2026-06-08T19:39:57.000Z,fitonomyapp,1644,"Support your lymphatic system naturally with simple, nutrient-rich foods. 🍋🌿
Lemon, ginger, leafy greens, berries, and garlic provide antioxidants and nutrients that support hydration, digestion, immune health, and the body’s natural waste-removal processes.
Save this list for your next grocery trip.
#lymphaticsystem #lymphsupport #detoxfoods #immunesupport #healthyfoods",6,https://www.instagram.com/p/DZVkM-IFj2N/
2026-06-09T09:20:09.000Z,fitonomyapp,4482,"Lower abs not showing?

If your lower abs lack shape, the issue is usually poor pelvic control and too much reliance on momentum.

Stop guessing. Follow a real plan with @fitonomyapp

#abs #lowerabs #core #fitonomy #abworkout",11,https://www.instagram.com/p/DZXCJIgRt0E/
2026-06-09T14:47:38.000Z,lesi.fit,3054,"Designed for Pilates, styled for life @bettermestore 🤍

code: LESIFIT✨

#fashion #lookoftheday #grwm #outfit #style",83,https://www.instagram.com/p/DZXnbaXNwr2/
2024-04-01T07:52:36.000Z,rinodiet11,20451,"@rinodiet11 ←体型ビフォアフ＆レシピ
【73日目】100日ダイエット-7キロ目指す記録📝
169cm 58キロスタート
-＊-＊-＊-＊-＊-＊-＊-＊-

どうも、りのです！
今回は、即作れる生チョコクリームの作り方！
チョコレートや生クリーム一切使ってないのにめちゃくちゃ美味しいこのレシピ🥹

オイコスよりも酸味が少ないからすんごい食べやすいよ♡
混ぜるだけで簡単に作れるから、パルテノある人はぜひ作ってみて！

脂質はもちろんオフ。罪悪感なく食べられるおやつだよ🥰

脂質オフ！パルテノの生チョコクリーム
▼材料
・パルテノ無糖　1つ
・ハチミツ　大さじ1
・ピュアココア　大さじ2.5

▼作り方
①パルテノを軽く混ぜてココアを3回に分けて入れてよく混ぜる。
②ダマ感なくなったらハチミツ入れてとろみが出るまで混ぜたらココアパウダーかけてできあがり。

※小さいお子さんにはハチミツは避けてください。
液体シロップでしたらなんでも代用可能です。

-＊-＊-＊-＊-＊-＊-＊-＊-

初めまして、りのです。
妊娠中＋18キロ太ってしまって…。
最大76キロ→54キロまで痩せた2児ママです🥰
リバウンドなどを繰り返して58キロまで増えちゃいました🥹

ただいま100日ダイエット企画中！
真似するだけでスルスル痩せていくおかず、スイーツなど発信していきます✨
応援してくれると嬉しいです😍

-＊-＊-＊-＊-＊-＊-＊-＊

#太らない #太らないおやつ #生チョコクリーム #生チョコ #脂質オフ #低脂質おやつ #低脂質スイーツ #脂質制限 #パルテノ #ダイエットおやつ #チョコレシピ #ダイエットスイーツ #低糖質おやつ #低糖質スイーツ #ヘルシーおやつ #ヘルシースイーツ #グルテンフリー #ダイエット #痩せたい #ロカボ #簡単おやつ #食べて痩せる #食べて痩せるダイエット",47,https://www.instagram.com/p/C5Ng33ryhbM/
2026-06-03T12:06:31.000Z,rii_chokatsu_sweets,709,"コーヒーバスクチーズケーキのレシピはここ☕️👇

••••••••••••••••••••••••••••••••••••••

@rii_chokatsu_sweets

このアカウントは、
絶対ふけたくないアラフォー3児ママが
罪悪感０のグルテンフリースイーツを発信🫧

••••••••••••••••••••••••••••••••••••••

こんばんは🌙
りいです🫰🏻

コーヒー好きさん、これ危険です☕️🧀🤎
私は毎日コーヒー飲みたくなるんだけど
（ブラックは飲めません🤣w）

最近、

☑ 甘いものは食べたい
☑ でも重たいスイーツはしんどい
☑ 食べながらキレイも諦めたくない

そんなことない？🥹

このコーヒーバスクチーズケーキは

✔ 小麦粉なし
✔ バターなし
✔ グルテンフリー

なのに、とろけるほど濃厚✨

しかもギリシャヨーグルト入りだから、
たんぱく質も摂れて後味はさっぱり🤍

コーヒーのほろ苦さと
チーズケーキのなめらかさが相性抜群で

気づいたらもう一口…
ってなるやつです🥹☕️

我慢するんじゃなくて、
材料を選びながら楽しむ🤎

そんなアラフォーママのおやつ時間に
ぜひ作ってみてね✨

「作ってみたい♡」と思ったら
保存しておいてね📌

━━

健康と美容につながる
腸活スイーツを発信中🤍

次回は【紅茶パンナコッタ】☕️✨

⸻

材料・レシピはコメント欄へ👇

⸻

@rii_chokatsu_sweets

このアカウントは、
絶対ふけたくないアラフォー3児ママが
罪悪感０のグルテンフリースイーツを発信🫧

#グルテンフリー 
#簡単おやつ 
#ヘルシーおやつレシピ 
#米粉チーズケーキ",19,https://www.instagram.com/p/DZH4IXmzEA6/
2026-06-04T10:43:25.000Z,rii_chokatsu_sweets,45,"【楽天スーパーSALE】
いよいよこの後、20:00スタート🛒✨

毎回楽しみにしているスパセ🤍

今回は

✔ 腸活
✔ グルテンフリー
✔ たんぱく質補給
✔ 美容習慣

に役立つ愛用品をまとめました🥰

特に人気商品は
開始直後に売り切れたり
クーポン終了になることもあるので

気になるものは
事前にお気に入り登録がおすすめ🙆‍♀️✨

私自身、

✔ 甘いものが好き
✔ できれば我慢したくない
✔ でも健康も美容も諦めたくない

そんな気持ちで選んでいるものばかりです🤍

今回まとめたのは

🥥ココナッツオイル
🥜ピーナッツバター
🍊サジーワン
🥤KINSビネガープロテイン
🍵Tea flex
🍞ZENBブレッド
🥣ZENBスープ

どれも実際にリピートしている愛用品✨

楽天ROOMに載せているので
気になるものがあればチェックしてね☺️
参考になれば嬉しいです🫧

プロフィールの
@rii_chokatsu_sweets からチェックしてね🌱

#PR
#楽天スーパーセール　
#楽天購入品",0,https://www.instagram.com/p/DZKTn3UE4P1/
2026-06-07T19:30:14.000Z,fitzzapp,563,"Glute Kickback Variations ☑️ by @fitzzapp 
.
FITZZ – Your All-in-One Fitness Companion
.
Available on Google play and App Store 
.
#fitness #bodybuilding #homeworkout #gym #legworkout",0,https://www.instagram.com/p/DZS-KysObG9/
2026-06-06T19:24:10.000Z,fitzzapp,982,"Legs vs Glutes ☑️ by @fitzzapp 
.
FITZZ – Your All-in-One Fitness Companion
.
Available on Google play and App Store 
.
#fitness #bodybuilding #homeworkout #gym #legworkout",3,https://www.instagram.com/p/DZQYzr7DtIt/
2026-06-09T18:53:44.000Z,fitzzapp,756,"No Shape in the Lower Glutes? ☑️ by @fitzzapp 
.
FITZZ – Your All-in-One Fitness Companion
.
Available on Google play and App Store 
.
#fitness #bodybuilding #homeworkout #gym #gluteworkout",3,https://www.instagram.com/p/DZYDtdJjqmk/
2026-03-24T14:25:00.000Z,fitonomyapp,3857,"Fix your form, track your workouts, and see real progress.
 
👉 Download @fitonomyapp and start today

#fitonomyapp #workouttracker #gymprogress #fatlosstips #app",116,https://www.instagram.com/p/DWRTwD8RW1W/
2026-06-07T13:09:53.000Z,rii_chokatsu_sweets,1021,"紅茶パンナコッタのレシピ👇

••••••••••••••••••••••••••••••••••••••

@rii_chokatsu_sweets

このアカウントは、
絶対ふけたくないアラフォー3児ママが
罪悪感０のグルテンフリースイーツを発信🫧

••••••••••••••••••••••••••••••••••••••

こんばんは🌙
りいです🫰🏻

紅茶好きさん、これ危険です☕️🤎

混ぜて冷やすだけで作れる
【紅茶パンナコッタ】🥹

しかもレンチン2分✨

忙しい毎日でも作れるから
「甘いもの食べたい…🥹」
って日にぴったり🤍

今回のポイントは
アールグレイの香りとトロふわ食感☕️

ひと口食べると
紅茶の香りがふわっと広がって
まるでカフェスイーツみたい🥰

しかも豆乳を使うから
脂質を抑えられる✨

濃厚なのに重たすぎないから
アラフォーママにもおすすめです🤎

甘いものを我慢するより
材料を選んで楽しむ☺️

そんなおやつ時間があってもいいよね🫶

「作ってみたい♡」と思ったら
保存しておいてね📌

━━━━━━━━━━━━━━━

こんな人におすすめ🤍

☑ 紅茶スイーツが好き
☑ パンナコッタが好き
☑ ヘルシースイーツを探している
☑ 豆乳スイーツが好き
☑ 腸活を意識している
☑ 簡単おやつを作りたい

━━━━━━━━━━━━━━━

健康と美容につながる
腸活スイーツを発信中🤍

次回は【米粉ブルッキー】🍪🍫
フォローして待っててね✨

⸻

材料・レシピはコメント欄へ👇

⸻

@rii_chokatsu_sweets

このアカウントは、
絶対ふけたくないアラフォー3児ママが
罪悪感０のグルテンフリースイーツを発信🫧

#グルテンフリー 
#簡単おやつ 
#ヘルシーおやつレシピ 
#腸活スイーツ 
#パンナコッタ作り",13,https://www.instagram.com/p/DZSSrsSz2vp/
2025-09-20T09:42:52.000Z,mito_diet_recipe,23562,"レシピ詳細はココをタップ👇

フォロー、いいね、コメント喜びます🐶♡
.................................................................
このアカウントは、
産後半年で-16kgした2児ママの
ゆるダイエットレシピを発信🍽️🌿

→ @mito_diet_recipe
....................................................................

こんばんは、みとです🕊️

今日は""🎃かぼちゃケーキ🍽️🌿

これ、生地の半分以上がかぼちゃなの🎃
野菜だから罪悪感ゼロで食べられる✨

砂糖も小麦粉もバターも使わないから
ダイエット中でも安心で、
子どももママも、さらにはパパにも
大好評な味だったよ🙆‍♀️💓

🎃 かぼちゃケーキ

【材料】（16cm型)
かぼちゃ … 約260g（皮なし)
卵 … 1個
はちみつ … 20g
豆乳(牛乳) … 110g
米油 … 小さじ1/2
米粉 … 15g
ナッツ ... お好み

【作り方】
① かぼちゃを小さめにカットする
② 耐熱ボウルに入れてラップをかけ、電子レンジ600Wで約5分加熱する
③ 皮をむき、他の材料をすべて加えてブレンダーなどでペーストにする
④ 型に流し入れ、お好みでナッツやかぼちゃのタネなどを飾り、180℃に予熱したオーブンで25分焼いたら完成👏

「食べたい」と「痩せたい」、どっちも叶うレシピ

最後まで読んでくれてありがとう🥹

__________________________________
#ダイエットレシピ #ヘルシーレシピ #グルテンフリー #米粉 #かぼちゃ",164,https://www.instagram.com/p/DO0bjPHEV8k/
2026-06-09T15:52:02.000Z,mito_diet_recipe,146,"楽天スーパーセール実施最終日🐟

こんばんは、みとです🕊️

今回は話題の無塩・骨取り鮭を使った
簡単レシピ3選をまとめました🤍

鮭って焼くだけになりがちだけど…

✔︎ ワンパン鮭パスタ
✔︎ レンチンアクアパッツァ
✔︎ 混ぜるだけ鮭おにぎり

どれも忙しい日でも作りやすいレシピ☺️

鮭はたんぱく質も摂れて
普段のごはんに取り入れやすいのも嬉しいポイント🐟

今回使った鮭は
無塩・骨取りタイプ✨

骨を取る手間がないので
子どもにも出しやすくて本当なや助かってる🥹♡

無塩だから
和風にも洋風にも使いやすくて

パスタ、おにぎり、炊き込みご飯、ムニエルなど
いろいろなアレンジができるのもお気に入り🤍

この鮭は5月に発売されたばかりなんだけど
楽天でも人気で一度売り切れに💦

今は再販中だけど
また売り切れる可能性もあるので
気になっていた方は早めのチェックがおすすめ🌷

スーパーSALEも実質今日が最終日✨
（6/11 1:59まで）

紹介した鮭は
@mito_diet_recipe の楽天ROOMに載せています🛒

楽天ROOMで
"" 鮭 ""と検索🔍してね🕊️

ストーリー、ハイライトでも紹介してるから
ぜひチェックしてもらえたら嬉しいな🤍

#PR
#楽天スーパーセール
#楽天購入品
#鮭レシピ
#時短レシピ",1,https://www.instagram.com/p/DZXu6mpD3TD/
2025-07-27T14:10:13.000Z,mito_diet_recipe,42030,"レシピ詳細はココをタップ👇

作ってみたいと思ったら【❤️】てコメントしてね♡

フォロー、いいね、コメント喜びます🐶♡

.................................................................
このアカウントは、
産後半年で-16kgした2児ママの
ゆるダイエットレシピを発信🍽️🌿

→ @mito_diet_recipe
....................................................................

こんばんは、みとです🕊️

今日は”豆腐米粉パン”🍽️🌿

朝、子どもと一緒に菓子パン食べて後悔…
でも朝ごはんをコレにしたら罪悪感もなくなった🍞

✔︎ 混ぜてレンチン3分
✔︎ 冷凍できるから休日作り置きできる
✔︎ 米粉だから小麦より消化しやすくて体に優しい
✔︎ 豆腐とチーズでたんぱく質も◎🧀
✔︎ 上に野菜をのせたら野菜もとれる🫑🍠🥕

冷凍しておけば、朝はレンチン2分✨
ママのダイエットと子どもの朝ごはん、
どっちも叶う神パン🤍

レシピはコメント欄に📝

次回は「トマトそうめん🍅」

最後まで読んでくれてありがとう🥹

__________________________________
#ダイエットレシピ #豆腐パン #米粉 #グルテンフリー #ヘルシー",8109,https://www.instagram.com/p/DMnTMmwySQu/
2025-12-31T15:20:02.000Z,kyokamommy,96,"１ヶ月の投稿ができなかったから、1.２ヶ月まとめて❣️

たくさん癒された２ヶ月😌

でもやっぱり毎日家に篭ることは私には向いてなくて、
時々、漠然と不安になったり、
自信無くしたりすることもあって、

ちょっとのことで涙も流れたり。

でも今年、私が大きく変わったことは、

夫との関わり方。

次男が生まれて１ヶ月の産休を取ってくれました。

おかげで、新生児のうちは
私がキッチンに立つことなく、
小1の長男の朝の準備、宿題を見てくれて、
私が起きたら洗濯ものが干し終わっていて、
いろんな書類関連の提出に動いてくれて、

これからの事を想像して
毎日毎日たくさん話した！

あとはインスタやスレッズで赤ちゃん情報調べてたり
可愛い赤ちゃんの動画見せて来たり
うんちが出なかった時チャットGPTに相談してたり笑笑

赤ちゃんに興味関心あり過ぎて
発見欄が赤ちゃん増えてる👶🏻笑

　
性格は全然違うし、
不満もぶつかる事も全然あるけど
夫の生き方に憧れと尊敬があるから

来年も一緒に楽しみたい！！

今まで、全部自分でやらないと、
お母さんとしてこうでないとと、
勝手に1人で背負い過ぎてた気もするから

これから今まで以上にたくさん頼らせてもらって
私も肩の力を抜いて、
いろんなことに挑戦したいと思います💪🏼

#マンスリーフォト#monthlyphoto#生後1ヶ月#生後2ヶ月",1,https://www.instagram.com/p/DS7sEKJgRfa/
2026-04-28T12:26:20.000Z,kyokamommy,20,"とんでもない親ばかカレンダーできた😮‍💨♡

明日で6ヶ月になるの早いなぁ〜
成長を見返しながら夢中で作った🥹

でもこれ、センス抜群なデンプレートに
我が子を追加しただけで簡単にできました🤦🏼‍♀️♡

デンプレートは
@o______hina さんから頂きました！🌼

めちゃくちゃオシャレなママさんで
Tシャツとかも可愛いデザインで作ってたり！👀❤️
凄すぎて真似させてもらいたい🥹

カレンダー作ってみたい方は、 
@o______hina さんの投稿にコメントしてみてください🙇‍♀️

(感動して勝手にご紹介させて頂きました🥹)

子供のくりぬき方は、
①iPhoneのアルバムからくりぬきたい写真を選ぶ
②切り取りたい部分を長押し
③共有をタップして画像を保存
④キャンバでカメラロールからくり抜いた写真を追加

あとは好きな位置にレイアウトすればできます♪

ぜひ作ってみて欲しい〜！♡

素敵なデンプレありがとうございました😭🌼

#カレンダー#生後6ヶ月#6ヶ月ベビー#ハーフバースデー",1,https://www.instagram.com/p/DXrNjeIgdD1/
2022-12-20T13:24:54.000Z,kyokamommy,468,"『髪飾りどこで買えますか？』

と、良くご質問頂くのでまとめてみました📔♡

参考になったら【いいね♡】していただけると嬉しいです😌

他にもわからないことがあればご予約のお客様に限らず、コメント欄からなんでもご質問ください♪

成人式、卒業式のご予約まだ受け付けています🌼
ご予約はdmからお待ちしております✨

特別な日のヘアセットは是非@kyokamommyにお任せください🤍

_______________________________

卒業式料金🌿
ヘアセットのみ　¥7500
着付とヘアセット　¥16500

成人式料金🌿
ヘアセットのみ　¥7500
着付とヘアセット　¥22000

早朝料金　¥550/30分

時間🌿
基本的には10:00〜ですが、
それより前のご来店も可能です♪
30分ごとに¥550の早朝料金がかかりますのでご了承くださいませ。
_______________________________

#袴ヘア#ヘアアレンジ#成人式ヘアアレンジ#成人式ヘア#前撮りヘア#前撮りヘアアレンジ#結婚式ヘア#結婚式ヘアアレンジ#結婚式ヘアメイク#卒業式ヘアアレンジ#卒業式ヘア#袴ヘアアレンジ#振袖ヘアアレンジ#池袋美容室#ボブアレンジ#ボブヘアセット#編みおろしアレンジ#池袋ヘアセット#池袋ヘアアレンジ#hairarrange",4,https://www.instagram.com/p/CmZC6Xxvllr/
2026-06-10T00:48:22.000Z,daiki_core_trainer.27,240,"@daiki_core_trainer.27 動ける体づくりの発信
田中大輝です！
姿勢・体型（ダイエット）
パフォーマンスアップ
全てにおいて解決できます。
そして他では聞けない
レベルまで深掘り解説してます！
※コメント全て返信します👍
ーーーーーーーーーーーーーーーーー
前回のクロスキャッチに慣れてきたら、
今回は中腰スタート。
前回よりも地面に近い姿勢から始めることで、
股関節・膝・足首で体を支えながら、
体幹を安定させる必要があります。
さらにワンバウンドした球を
逆手でキャッチすることで、
目で見て、判断して、反応する力も鍛えられる
低い姿勢でブレずに動ける体は、
切り返し・守備・スポーツ中の反応に繋がります。
ーーーーーーーーーーーーーーーーー
店舗はトレーニング未経験や
運動が苦手な人でも安心してできます。
□姿勢＆体幹LAB ReSET
岡山県岡山市北区今保199-3レンタルスタジオMei
予約・問い合わせはDMからお願いします。",0,https://www.instagram.com/p/DZYsKJLz5G-/
2026-06-06T23:54:04.000Z,daiki_core_trainer.27,670,"@daiki_core_trainer.27 動ける体づくりの発信
田中大輝です！
姿勢・体型（ダイエット）
パフォーマンスアップ
全てにおいて解決できます。
そして他では聞けない
レベルまで深掘り解説してます！
※コメント全て返信します👍
ーーーーーーーーーーーーーーーーー
前ももばかり張る人、
脚を細くしたいなら鍛える場所が逆です。
狙うのは、前ももではなく
腿裏とお尻の境目。
前ももで頑張ると脚は太く見えます。
でも、腿裏が使えると脚に奥行きが出て、
ヒップラインも上がります。
腰を反らずに、
お尻の付け根から脚を伸ばします。
前ももで耐える脚から、
腿裏で支える脚へ変えていこう！
ーーーーーーーーーーーーーーーーー
店舗はトレーニング未経験や
運動が苦手な人でも安心してできます。
□姿勢＆体幹LAB ReSET
岡山県岡山市北区今保199-3レンタルスタジオMei
予約・問い合わせはDMからお願いします。",6,https://www.instagram.com/p/DZQ3ZlvTOEU/
2026-06-08T10:36:02.000Z,bamli.tokyo,-1,"縮毛したレベルで髪質綺麗になるアイテムまとめたよ💓💓

#髪質#髪質改善#ヘアケアアイテム
#リファ#ケープ",0,https://www.instagram.com/p/DZUl9SdkpqF/
2026-03-12T10:53:18.000Z,bamli.tokyo,3990,"これは香水級💓

香水普段つけない人でも
これは使いやすい👍👍

#香水級#匂いケア#ボディケア
#shiro#コスメデコルテ",2,https://www.instagram.com/p/DVyB-qmkiGq/
2023-11-17T11:25:46.000Z,qpu_kokura,204,"マッサージやってみるよ！って方は🔥とコメント！

いつでも思い出して忘れないように保存もしときましょう！

#小顔矯正 #小顔マッサージ #小顔矯正小倉 #小顔矯正北九州 #小倉カフェ #小倉グルメ #小倉エステ",1,https://www.instagram.com/p/CzvtI9aLaUF/
2024-06-23T09:44:01.000Z,qpu_kokura,126,"マッサージやってみる！
って言う方はこの投稿に
コメントに""🔥""マークを！
やってみたよ！って方は👏を！

保存しとくといつでも見返してケアできますよ！
(保存欄にセルフケアとフォルダ作っとくと習慣にしやすいのでオススメ！)

#小顔矯正 #小顔マッサージ #ヘッドマッサージ #福岡小顔矯正 #小顔矯正福岡 #北九州 #北九州小顔 #北九州市 #小倉北区 #小倉小顔 #紺屋町 #후쿠오카 #후쿠오카에스테 #후쿠오카여행 #페이스마사지 #페이스오일 #massage #facemassage #workout #excercise #beautytips #faceyoga #二重顎 #二重顎解消 #二重顎改善 #二重顎撃退",5,https://www.instagram.com/p/C8jbotevkd1/
2026-06-09T11:39:01.000Z,demicstory,13916,❌ Landmine Row Mistakes You Must Avoid,18,https://www.instagram.com/p/DZXR1MilKcz/
2026-06-09T23:22:24.000Z,demicstory,9408,"🔥 The Right Way to Do Chest Fly’s

Chest Fly’s aren’t about lifting heavy weight — they’re about control and tension.
Slow down the movement, keep a slight bend in your elbows, and focus on squeezing the chest at the top.
If you feel this exercise more in your shoulders than your chest, your form needs fixing.

Sets & Reps:
• 3–4 sets
• 10–15 controlled reps

Per Week:
• 2–3 times per week
• Total: 10–14 effective sets per week for chest

Save this and come back stronger. 💪",3,https://www.instagram.com/p/DZYiVclDeSd/
2026-01-17T10:12:37.000Z,bust_up_coach,6,"「いっぱい食べてるのに太れない」
それ、やり方がズレてるだけかもしれません。

ガリガリ女性が体を壊さずに
増量するための考え方・食べ方・整え方を
6大特典に全部詰め込みました！

遠回りしたくない人はぜひ
コチラを受け取って実践してみて下さいね！",0,https://www.instagram.com/p/DTm6ZeJiakz/
2026-06-09T19:47:15.000Z,demicstory,11479,🔥 Key Points for Perfect Seated Cable Rows,8,https://www.instagram.com/p/DZYJvfkgpJ2/
2023-04-11T11:59:53.000Z,qpu_kokura,218,"【事前にご確認ください！🏁】

小倉駅〜小倉店までの行き方🚶‍♂️🚶‍♀️

⚠️注意⚠️
小倉駅からお越しの際、手前にも左手にファミリーマート、右手にセブンイレブンがあるところがありますがそこではありません😣

ガソリンスタンドを通過し、左手にファミリーマート、右手にセブンイレブンです！！

お間違えのないよう、よろしくお願いいたします( ˙ᵕ˙ 🙏)

場所が分からない場合、お問い合わせは
DM、電話、メールにてご連絡下さいませ！
(道に迷われた際お電話頂いても、施術中はお電話に出られませんので、必ず事前に場所のご確認をお願いいたします！)

〒802-0081 
北九州市小倉北区紺屋町１１−２３
ザ・ヒルズ小倉 803号室

※入口扉が少しかたいです！
出入りされる際は強めに押し引きしてください！

メールアドレス📨 qpu.kitakyusyu@gmail.com

電話番号☎ 093-482-4771",2,https://www.instagram.com/p/Cq5SNsES4tl/
2026-01-17T10:11:44.000Z,bust_up_coach,2,"食べても太れないのは
あなたの努力不足じゃない。

体質・吸収・腸・自律神経…
原因はちゃんとあります。

ガリガリでも健康的に
体重を増やすために実践したことを

【6大特典】にまとめました！
「今年こそは健康的に太りたい人」ぜひ受け取ってください！",0,https://www.instagram.com/p/DTm6TDFiaRM/
2026-01-17T10:13:35.000Z,bust_up_coach,4,"✔ 疲れやすい
✔ 冷えやすい
✔ 体重が何年も増えない

この状態から抜け出すための
「ガリガリ女性専用・健康的に太るロードマップ」を
6大特典として用意しました！
体型だけじゃなく、体調も変えたい人は
ぜひコチラを受け取ってみて下さいね！",0,https://www.instagram.com/p/DTm6gmdCRuu/
2026-06-05T10:43:38.000Z,bodymakefumie,330,"こういうトレ
ただただ
見よう見まねでやると
何の効果もない！

むしろ腰痛めたり
前もも太くしたり💦

リール内での説明のように
丁寧にやってみて！
　
　
・・・・・　
　

下半身痩せにとって必須の
足裏アーチ。 

『足裏アーチ復活3日間チャレンジ』
をLINEから配信しています！
プロフィール欄のリンクから
LINEに登録していただくと
動画配信されます！　

こちらから
↓
@bodymakefumie",0,https://www.instagram.com/p/DZM4H_6TxS6/
2026-06-03T12:37:21.000Z,bodymakefumie,474,"大転子引っ込めたい！

なら
歩く時、そこに乗らない
です！
　
体幹を安定させて
股関節に乗れるように
なっていこう！
　
　
・・・・・　
　

下半身痩せにとって必須の
足裏アーチ。 

『足裏アーチ復活3日間チャレンジ』
をLINEから配信しています！
プロフィール欄のリンクから
LINEに登録していただくと
動画配信されます！　

こちらから
↓
@bodymakefumie",11,https://www.instagram.com/p/DZH7vbJz6iI/
2026-06-08T12:17:06.000Z,bodymakefumie,286,"希望持ったり
凹んだり

その繰り返しですよ。

でも、それでいいんです。

それでも、諦めないで
取り組んだ先に
変化はきますよ！
　
　
・・・・・　
　

下半身痩せにとって必須の
足裏アーチ。 

『足裏アーチ復活3日間チャレンジ』
をLINEから配信しています！
プロフィール欄のリンクから
LINEに登録していただくと
動画配信されます！　

こちらから
↓
@bodymakefumie",16,https://www.instagram.com/p/DZUxa8rTkR_/
2026-02-17T11:06:34.000Z,bamli.tokyo,1520,"髪質はこれで変わる✨✨

#ヘアケア#髪質#美髪
#リファ#ミルボン",1,https://www.instagram.com/p/DU21NyektbN/
2024-10-29T07:20:36.000Z,hana.cosme33,1560,"昨日はリールで投稿した神ハイライト🥹
3,300円で買えるデパコス界のプチプラ✨　

夕方の鏡見て、自分の疲れ顔にびっくりすることが増えたhanaですが、これのおかげでどうにか保たれている💎

朝のメイク時ももちろん使えるけど、メイク直しの時に足して行くと顔が生き返る🥳

ほんのりピンクがかってるから、艶だけじゃなくて血色も足してくれてバランス最高なやつ🙆‍♀️

プレゼントにも絶対良き🎁
まじで全人類におすすめしたい〜‼︎

#スリークフェイス#エレガンス#スリークフェイスn#ツヤ肌#ツヤ感#ハイライト",1,https://www.instagram.com/p/DBsw-PLzANH/
2025-03-09T10:34:14.000Z,hana.cosme33,1066,"最近ベージュリップばっかり使いたくなるのは私だけかしら💄

今季の新色メインで、よく使うシャレ見えベージュリップ集めてみた🙌

皆さまのおすすめも教えてください〜♡♡

#ベージュリップ#ベージュメイク#唇が足りない#顔が足りない",2,https://www.instagram.com/p/DG-bRH1zYDb/
2025-04-07T11:07:45.000Z,hana.cosme33,1727,"ストックないと不安すぎる🫨

---------------------------
CANMAKE
クリーミータッチライナー
09ダージリンピンク 
税込715円
---------------------------

税込715円のクオリティと思えない滑らかな描き心地と艶のある仕上がり🥹
そして09は色も超可愛いぃぃぃ❤️

しかもね、普通にちゃんと落ちにくい🙌
超スーパーウルトラ落ちにくいわけではないけど、落ちて困ったことは一度もない←

一つだけ難点はいきなり無くなるから、ストックがないと不安になること…（分かってくれる人きっといる）

特にお気に入りは09やけど、他の色もよく使ってる🙌

#キャンメイク#クリーミータッチライナー #ダージリンピンク#canmake",1,https://www.instagram.com/p/DIJKJ7CTYlr/
2026-06-09T10:45:27.000Z,daiki_core_trainer.27,455,"@daiki_core_trainer.27 動ける体づくりの発信
田中大輝です！
姿勢・体型（ダイエット）
パフォーマンスアップ
全てにおいて解決できます。
そして他では聞けない
レベルまで深掘り解説してます！
※コメント全て返信します👍
ーーーーーーーーーーーーーーーーー
Tシャツを着た時に肋骨が
ボコっと浮き上がる人は、
肋骨が開いて
体幹がうまく働いていないサイン。
腕を上げる、脚を上げるだけで
腰が反って肋骨が前に出る人は、
腹筋を頑張る前に
「肋骨が開かない体の使い方」を
覚えることが大切。
ローラーに背骨を当てて、
腕を天井に伸ばしてパッチン。 そのまま片脚ずつ上げることで、
手足を動かしても肋骨と骨盤を
安定させる練習になります。
肋骨が閉じると、呼吸が深くなり、
下腹部も使いやすくなって、
姿勢やウエストラインも変わりやすくなる。
ーーーーーーーーーーーーーーーーー
店舗はトレーニング未経験や
運動が苦手な人でも安心してできます。
□姿勢＆体幹LAB ReSET
岡山県岡山市北区今保199-3レンタルスタジオMei
予約・問い合わせはDMからお願いします。",4,https://www.instagram.com/p/DZXLhV3TB2C/
2026-06-06T11:47:31.000Z,tun_diet_mama,231,"▶︎▶︎他の痩せトレはこちら(@tun_diet_mama)
効果抜群！厳選エクササイズアップしていくよ😊
フォローして参考にしてね！

＼ダイエットは1日にしてならず／
自分のモチベーションに合わせて
毎日楽しくがんばろう🌱　

今回のエクササイズ『全身痩せ』
１日50秒！チャレンジしてみてね✨✨

#エクササイズ
#ダイエット#ぽっこりお腹解消 
#自律神経#何やっても痩せない",4,https://www.instagram.com/p/DZPkdxiSftK/
2026-05-30T14:08:40.000Z,tun_diet_mama,489,"▶︎▶︎他の痩せトレはこちら(@tun_diet_mama)
効果抜群！厳選エクササイズアップしていくよ😊
フォローして参考にしてね！

＼ダイエットは1日にしてならず／
自分のモチベーションに合わせて
毎日楽しくがんばろう🌱　

今回のエクササイズ『大転子すっきり』
正直ほっそりした脚なんて
生まれてこの方見た事ない、、
そんなママに朗報✨
私が２週間大転子トレやって
引っ込んだよ！！✨
1日30回ずつ
是非続けてやってみてね✨

#産後ダイエット#エクササイズ
#大転子 #痩せたい",2,https://www.instagram.com/p/DY9zCoTSgSj/
2026-05-27T12:03:47.000Z,tun_diet_mama,184,"▶︎▶︎他の痩せトレはこちら(@tun_diet_mama)
効果抜群！厳選エクササイズアップしていくよ😊
フォローして参考にしてね！

＼ダイエットは1日にしてならず／
自分のモチベーションに合わせて
毎日楽しくがんばろう🌱　

今回のエクササイズ『全身燃焼』
ちょっときついけど効果絶大❤️‍🔥
１日30秒！チャレンジしてみてね✨✨

#エクササイズ
#ダイエット#ぽっこりお腹解消 
#浮き輪肉撃退#何やっても痩せない",1,https://www.instagram.com/p/DY12WX7yKQy/
2026-05-04T09:00:56.000Z,dietgohan_kame,9277,お米は100gでも太る…,14756,https://www.instagram.com/p/DX6TKZ3psxx/
2026-03-08T09:00:00.000Z,dietgohan_kame,336,"「アンパンマン」と言われたアラサー女が
あるダイエット🌿に挑戦した結果。",4,https://www.instagram.com/p/DVnh2tRvJ7a/
2025-08-14T09:12:21.000Z,dietgohan_kame,19953,"他の投稿�@dietgohan_kame 

春雨の上に乗っけるだけでヘルシー＆栄養バランスも良いダイエットレシピꉂꉂ��

続けられる簡単なことが大切だと改めて思うから簡単で続けやすい腸活ダイエットレシピを考えてるよ‪⸜‪‪‪‪‪︎�‪‪︎⸝‬‬‬‬‬‬‬‬

痩せてキレイになりたい︎�老けたくない人はこれ作ってみてね�

ーーーーーーーーー
【材料】 
★春雨(乾麺)⋯80g
★きゅうり⋯1本
★ キムチ⋯適量
★ノンオイルツナ⋯1缶
★卵⋯１個
★ごま⋯適量

☆━━調味料━━☆
コチュジャン⋯小さじ1
しょうゆ⋯大さじ1
アルロース(甘味料)⋯小さじ1
お酢⋯小さじ2
えごま油⋯小さじ1

【作り方】
①春雨を耐熱容器に入れて、水を適当にいれてラップをして600wレンチン3分！
②きゅうりを細く切る
③春雨の水をしっかり切って、きゅうり、キムチ、ノンオイルツナを入れる
④調味料を入れてよく混ぜる
⑤最後にお好みでゴマと卵を乗せて完成�

ーーーーーーーーー

超ズボラで面倒くさがりな私が
13kg痩せられたズボラ腸活ダイエットレシピ
を発信しています�
一緒に痩せてキレイになりましょう�

@dietgohan_kame 

#ダイエットレシピ #ダイエット #ヘルシーレシピ #インナービューティー #春雨",53,https://www.instagram.com/p/DNVHfldpIsv/
2026-06-09T23:04:29.000Z,shingo.39.39,272,"病気にならない生き方
― マロスタシスから抜け出す科学 ―

はじめに
現代医学は病気を治療する技術を大きく発展させてきた。

しかし近年では、
「どう治すか」
だけではなく、
「どう病気にならないか」
という未病（Prevention）の考え方が注目されている。　

その背景には、
慢性疾患の多くが感染症ではなく、
長期間にわたるストレスや生活習慣によって生じることがわかってきたからである。

本稿では、
アロスタシス理論を中心に、
なぜ人は病気になるのか、
そして病気にならないために何が重要なのかを整理する。

1. 病気は突然起こるわけではない
高血圧
糖尿病
うつ病
心血管疾患
自己免疫疾患
認知症

これらの病気は、
ある日突然発症するわけではない。
発症の何年も前から
身体の内部では変化が起きている。

疲労
睡眠障害
慢性的な緊張
集中力低下
イライラ
不安
こうした小さなサインは、
身体からの重要なメッセージである。

2. ホメオスタシスとは何か
生体にはホメオスタシス（Homeostasis）
という仕組みが存在する。
これは
体温
血圧
血糖
免疫
ホルモン
などを一定範囲に保つ働きである。　
健康とは、
ホメオスタシスが適切に機能している状態と言える。

3. アロスタシスとは何か
しかし人間は、
変化する環境の中で生きている。
暑い
寒い
忙しい
人間関係
仕事
育児
環境変化に適応するため、
身体は常に状態を変化させている。
これを
アロスタシス（Allostasis）
という。
McEwenは
「変化によって安定を維持する仕組み」
と定義した。

4. 問題は慢性ストレスである
アロスタシス自体は悪くない。
むしろ生存に必要である。
しかし、ストレス状態が長期化すると問題が起きる。
交感神経優位
コルチゾール分泌
炎症反応
血糖上昇
血圧上昇
これらが慢性的に続くようになる。

5. アロスタティック負荷
McEwenはこの適応コストをAllostatic Load （アロスタティック負荷）と呼んだ。
簡単に言えば、
「頑張り続けた身体の疲労蓄積」
である。

6. マロスタシスという状態
PCSでいうマロスタシス
とは、このアロスタティック負荷が慢性化し、
病的な状態が
「新しい正常」
になってしまった状態と考えられる。　

つまり、
疲れていることに慣れてしまう。
不安が当たり前になる。
浅い呼吸が普通になる。
その結果、
身体は病気へ向かう。

7. 現代人はマロスタシスに陥りやすい
スマートフォン
SNS
情報過多
長時間労働
睡眠不足
人間関係ストレス
現代社会は、
進化的に想定されていなかった刺激に満ちている。　
脳は常に
「危険」
を予測し続けている。

8. 脳は身体を見ている
近年の予測符号化理論では、
脳は外界だけでなく、
身体内部の情報も予測している。
心拍
呼吸
腸
筋緊張
内臓状態
これらの情報を統合しているのが
島皮質である。

9. 内受容感覚の低下
慢性ストレス状態では、
内受容感覚が鈍くなることが報告されている。
身体の異常に気づきにくくなる。
その結果、無理を続ける。
そしてさらに負荷が蓄積する。

10. 呼吸は最も身近な介入法
呼吸は、
自律神経へ意識的にアクセスできる数少ない方法である。
特に
5〜6回／分程度のゆっくりした呼吸は
迷走神経活動を高めることが知られている。

11. 呼吸とアロスタシス
呼吸が整うと、
心拍変動（HRV）が改善する。
副交感神経が働く。
炎症が抑制される。
ストレス反応が低下する。
つまり、
アロスタシスが健全な方向へ戻り始める。

12. 呼吸と内受容感覚
ゆっくりした呼吸は
島皮質
前帯状皮質
前頭前野
の活動を変化させる。
これにより、
身体の声を感じる力
すなわち
内受容感覚が高まる。

13. 病気にならない人の共通点
病気にならない人は、
特別な能力を持っているわけではない。
多くの場合、
身体のサインに早く気づく。
休む。
整える。
方向修正する。
この能力が高い。

14. 人生の目的との関係
興味深いことに、
人生の目的（Purpose in Life）が高い人ほど
死亡率が低いことが報告されている。
人生の目的は、
単なる精神論ではなく、
健康因子でもある。

15. 本音を感じる力
目的は頭で作るものではない。
身体状態が整った時に
感じ取れることが多い。
内受容感覚が高まることで、
本音へのアクセスが容易になる。

16. PCS理論との接続
PCSでは、
身体
↓
脳状態
↓
意識状態
↓
思考
の順番で変化すると考える。
病気にならないためには、
まず身体を整える必要がある。

17. 病気にならない生き方
病気にならない生き方とは、
健康法を増やすことではない。
身体の声を聞くこと。
呼吸を整えること。
ストレスに気づくこと。
本音に戻ること。
である。

#ウェルビーイング #ウェルネス #呼吸法 #自分軸 
#本音 #予防 #未病 #レジリエンス #気づき 
#身体づくり #予防医学 #自然治癒力 #免疫 
#ホメオスタシス #回復力 #リカバリー #生き方",4,https://www.instagram.com/p/DZYgZ8Ek-ki/
2026-06-01T23:14:16.000Z,shingo.39.39,2028,"本音で生きる自分軸とは何か？
― 思い・言葉・行動を一致させる神経科学 ―

「自分軸で生きる」という言葉をよく耳にする。
しかし、自分軸とは何だろうか。
現代では、自分軸という言葉が、
「好きなことだけをする」 「感情のまま生きる」 「他人を気にしない」
という意味で使われることも少なくない。

しかし心理学や神経科学の視点から見ると、本来の自分軸とは少し異なる。

心理学者カール・ロジャーズは、人間の成長において「自己一致（Congruence）」が重要であると述べた。

自己一致とは、
思っていること 語っていること 行動していること
が一致している状態である。

逆に、この3つがズレると、人は慢性的なストレスを感じる。

例えば、
本当はやりたくない仕事をしている。 本当は反対なのに賛成している。 本当は苦しいのに平気なふりをしている。

この状態では、自分自身の内側で矛盾が生まれる。
神経科学的には、この矛盾を検出する脳領域が存在する。
前帯状皮質（ACC）は、エラーや葛藤を検出する領域として知られている。

「言っていることとやっていることが違う」
という状態は、脳にとって認知的不協和として処理される。

また、島皮質（Insula）は身体内部の状態を感知する内受容感覚（Interoception）の中枢である。

私たちが感じる、
違和感 モヤモヤ 落ち着かなさ
は、単なる気分ではなく、身体が発しているシグナルである可能性がある。

さらに前頭前皮質は、
自分を客観視する 衝動を抑制する 長期的視点で判断する
という働きを担う。

つまり脳には、
「自分を観察する仕組み」
が備わっているのである。

だから人は他人を騙すことができても、自分自身を完全に騙し続けることは難しい。

近年の研究では、内受容感覚が高い人ほど自己理解が深く、感情調整能力やレジリエンスが高いことも報告されている。

自分軸とは、感情のまま生きることではない。

むしろ、
自分の内側に生じる違和感を観察し、
思い 言葉 行動
を少しずつ一致させていく過程である。

意識の成長とは、特別な体験ではない。
毎日の仕事。
家族との関わり。
子育て。
人間関係。
そうした現実の中で、自分との約束を守り続けること。
その積み重ねによって、人は自己一致を深めていく。

本音で生きるとは、
感情に流されることではなく、
自分に嘘をつかないこと。
そして思い・言葉・行動を一致させることである。
それが神経科学から見た「自分軸」の本質なのかもしれない。

#純粋意識 #自分軸 #自分軸で生きる #本音 
#本音で生きる #他人軸から自分軸へ 
#本気 #真剣勝負 #自分と向き合う #内観 
#瞑想 #呼吸法 #考え方 #生き方",26,https://www.instagram.com/p/DZD7KlTEtAk/
2026-05-26T23:21:50.000Z,shingo.39.39,2203,"好きなことしか、脳は続けられない ― ファジックドーパミンと実現の科学 ―

近年の神経科学では、 「人が継続できるかどうか」は、 単なる意志力ではなく、
・身体状態 ・予測システム ・報酬系 ・内受容感覚 ・社会的安全性
によって決定されることがわかってきている。

■ 脳は“未来予測”で動いている
現代神経科学では、 脳は受動的に世界を認識しているのではなく、
「未来を予測している器官」
と考えられている。
特にLisa Feldman Barrettらの Predictive Processing理論や Allostasis（予測的恒常性）の研究では、
脳は常に
「次に身体がどうなるか」
を予測しながら、 現在の感情・行動・意思決定を作っているとされる。
つまり、 不安状態では未来予測が脅威優位となり、 挑戦や継続が難しくなる。
逆に、
・呼吸が安定している ・安心感がある ・身体感覚が安定している
状態では、 脳は未来を「可能性」として予測しやすくなる。

■ オキシトシンは“愛情ホルモン”ではなく、 行動柔軟性システム
近年のオキシトシン研究では、 従来の
「愛情ホルモン」
という単純理解を超えて、
・社会的安全性 ・探索行動 ・学習柔軟性 ・ストレス回復 ・行動切り替え
に関わる神経調整因子として 再解釈されている。

2025〜2026年のレビューでは、 オキシトシンは 「安全性を前提に未来行動を広げる神経系」 として整理されている。

つまり、
安心感 ↓ 探索 ↓ 挑戦 ↓ 学習
という流れを作っている。

■ ファジックドーパミンとは何か？
ドーパミンには大きく、
・トニック（持続型） ・ファジック（瞬間型）
がある。
トニックドーパミンは、 刺激依存や過剰報酬に関係しやすい。

一方で、 ファジックドーパミンは、
・小さな成功 ・期待 ・予測誤差 ・意味ある達成
に反応する。

Schultzらの研究以降、 ドーパミンは 「快楽物質」ではなく、
“予測誤差シグナル”
として理解されている。

つまり、
「思ったよりうまくいった」
時に脳は学習する。
だから、 小さな達成を積み重ねることが、 継続回路を強化する。

■ なぜ「好きなこと」は続くのか？
脳は本質的に、 “快”と“意味”を学習する。
嫌なことを続ける時、 前頭前野による強い抑制制御が必要になる。
しかし、
・楽しい ・意味がある ・誰かの役に立つ ・世界とつながる
という状態では、
オキシトシン系 ↓ ファジックドーパミン ↓ 行動継続
の回路が自然に形成される。
これが、
「好きこそものの上手なれ」
の神経科学的背景と考えられる。

■ 内受容感覚とアロスタシス
内受容感覚（interoception）は、
呼吸、鼓動、胃腸、筋緊張など、 身体内部の状態を感じる感覚。

近年は島皮質を中心に研究が進み、
内受容感覚が高い人ほど、
・感情調整 ・意思決定 ・自己認識 ・回復力
が高いことが示唆されている。

さらに、 アロスタシス研究では、
身体は 「今を維持する」のではなく、 未来を予測して調整している。
つまり、 継続できる人とは、
未来予測に対して 身体が安定している人。
とも言える。

■ 小さく始めることの重要性
脳は巨大な目標を “脅威”として認識しやすい。
しかし小さな行動は、
「できる」
という予測モデルを形成する。
これは神経可塑性 （Neuroplasticity）の基本原理。
繰り返された回路は強化され、 身体化されていく。

■ 一点突破するとホリスティックになる理由
専門性を深める人ほど、 最終的に分野横断的になる。
これは、 深い抽象化能力と メタ認知が形成されるため。

身体、教育、経営、瞑想、芸術。
一見別分野に見えても、 根底には
「情報処理」 「予測」 「調律」
という共通構造が存在する。

■ 総括
脳は、 「やりたい」だけでは動かない。
・安全性 ・身体状態 ・内受容感覚 ・意味 ・小さな成功体験
これらが統合された時、 人は自然に継続できる。

だから重要なのは気合いではなく調律。
小さく始め、 身体を整え、 未来予測を書き換えていく。

それが、 “実現”の神経科学である。

他の投稿はこちら
↓
@shingo.39.39 

#楽しい #心地よい #心地よい暮らし #快適 
#快適な暮らし #脳 #好きなこと #好きを仕事に 
#習慣 #生活習慣 #ウェルネス #ウェルビーイング 
#感謝 #呼吸 #オキシトシン #感情 #レジリエンス",1,https://www.instagram.com/p/DY0fQwEn0jw/
2026-06-10T09:40:19.000Z,g.tail_wellness,18,"「騒音や振動が気になって、思い切り宅トレできない…」そんなアラフォー女性専用

ジャンプ系一切なしで全身を燃やす
【100秒HIIT】いきます！

運動によって得られる全ての成果は、
運動を「継続」しないと絶対に得られません

だからこそ、
住環境などの制限に縛られることなく、
サクッと全身を刺激できるこのメニューを
活用してください

マンションでも夜間でも、
いつでも気兼ねなく実践できるように、
右側の【保存マーク】を押して
リストに入れておいてくださいね！

ーーー

【ジャンプなし！全身燃焼100秒HIIT】
（運動15秒・休息5秒）

① ツイスト・マウンテンクライマー
腕立ての姿勢から、対角の肘に向けて膝を深く引き寄せる。お腹周りの引き締めに！

② サイドステップ・スクワット
横に大きく一歩踏み出してしゃがむ。お尻と内ももをしっかり刺激。

③ ハイ＆ロー・プランク・ニーアップ
プランクの姿勢をキープしながら膝を引き寄せる。体幹の安定が抜けないように注意。

④ ボックスステップ・スクワット
四角形を描くようにステップを踏み、しゃがむ。テンポ良く心拍数を上げていきます。

⑤ ノージャンプ・バーピー
ジャンプは省いてOK。最後に全身を大きく使ってラストスパート！

ーーー

■ 今日のアクションプラン

たった100秒、されど100秒です

環境のせいでサボってしまう前に、
まずはこのメニューを1周だけやってみてください！

【🚨頑張る「宅トレ」が報われないアラフォー女性へ】

自宅で筋トレやストレッチを続けているのに、
なかなか体型が変わらない…

そんなあなたの宅トレの成果を
一気に「爆増」させるノウハウが、
私が提唱する『G-Method』です

回数をこなす気合や根性に頼る前に、
まずは身体の根本的なシステム（姿勢と呼吸）を
書き換える必要があります

一生崩れない機能美の土台を作り上げる
【無料3ステップ講義】は、
プロフィールのリンクから今すぐ受け取ってくださいな
👇
@g.tail_wellness
（※自動でSTEP.0の動画をお届けします）

#マンションOK #宅トレ #40代ダイエット #機能美",0,https://www.instagram.com/p/DZZo-zdCowM/
2026-06-10T10:13:04.000Z,fitonomyapp,654,"How to improve thoracic spine mobility and reduce stiffness

A stiff thoracic spine can limit your upper body movement and affect your posture. Improving rotation and mobility is key.

Better mobility leads to better posture and smoother movement.
Stop guessing. Follow a real plan with @fitonomyapp

#thoracicspine #mobility #upperback #shoulders #rotation",1,https://www.instagram.com/p/DZZu4r6xqz3/
2026-06-10T11:10:05.000Z,bamli.tokyo,2,"毛穴で悩んでる子は全員コレ使って😄👍

#毛穴#毛穴悩み#毛穴ケア
#ウテナ#キュレル",0,https://www.instagram.com/p/DZZzcXDEtzw/
2026-06-10T09:33:42.000Z,demicstory,5355,💪 5 Dumbbell Chest Exercises to Target Every Area of Your Chest,9,https://www.instagram.com/p/DZZoSVHlP1w/
2026-06-10T09:22:00.000Z,demicstory,3460,🔥 Target the Right Muscles with the Right Squat Stance,4,https://www.instagram.com/p/DZZm8gpAeVq/
2026-06-11T05:35:14.000Z,hiitmefit,104,"脚だけが細くならない😖💦

大丈夫！上半身を強化してみて❣️

①腕・背中の強化
②肩・肩甲骨のストレッチ

上半身の筋力が弱いと全身の代謝活動が下半身に偏り、下半身に疲労や老廃物が溜まりやすくなります。

上半身を鍛えて、下半身を休ませてあげましょう🐈❤️✨

#下半身太り
#セルライト",1,https://www.instagram.com/p/DZbxWIDS6Iv/
2026-06-10T12:37:24.000Z,saiko.relax,259,"ヘイヘイホー聞いてリピートした話し㊙️

•*¨*•.¸¸☆*･ﾟ

⁡
サロン歴18年、これまでに約1万人以上の施術経験あり！
＼  たなか さいこ ／です🙋‍♀️

🔻フォローミー​ ​​🔻
 @​𝘀𝗮𝗶𝗸𝗼.𝗿𝗲𝗹𝗮𝘅
⁡
⁡
いいね･保存もお願いします！
⁡
⁡
✰⋆｡:ﾟ･*☽:ﾟ･⋆｡✰⋆｡:ﾟ･*☽:ﾟ･⋆｡✰⋆｡:ﾟ･*☽
⁡
人生𝟭回‼️
全ては自分次第！
思いっきり楽しもう
✨*｡٩(ˊᗜˋ*)و✨*｡
⁡
✰⋆｡:ﾟ･*☽:ﾟ･⋆｡✰⋆｡:ﾟ･*☽:ﾟ･⋆｡✰⋆｡:ﾟ･*☽
⁡
⁡
​🔻フォローミー​ ​​🔻
 @​𝘀𝗮𝗶𝗸𝗼.𝗿𝗲𝗹𝗮𝘅
 
#リラクゼーションマッサージ
#ボディケアスクール
#セラピスト養成講座
#セラピスト起業
#リラクゼーションサロン
集客力アップ",1,https://www.instagram.com/p/DZZ9RSBAeHV/
2026-06-11T09:17:37.000Z,saiko.relax,61,"まさかまだ外ももばっかり揉んでる？

•*¨*•.¸¸☆*･ﾟ

⁡
サロン歴18年、これまでに約1万人以上の施術経験あり！
＼  たなか さいこ ／です🙋‍♀️

🔻フォローミー​ ​​🔻
 @​𝘀𝗮𝗶𝗸𝗼.𝗿𝗲𝗹𝗮𝘅
⁡
⁡
いいね･保存もお願いします！
⁡
⁡
✰⋆｡:ﾟ･*☽:ﾟ･⋆｡✰⋆｡:ﾟ･*☽:ﾟ･⋆｡✰⋆｡:ﾟ･*☽
⁡
人生𝟭回‼️
全ては自分次第！
思いっきり楽しもう
✨*｡٩(ˊᗜˋ*)و✨*｡
⁡
✰⋆｡:ﾟ･*☽:ﾟ･⋆｡✰⋆｡:ﾟ･*☽:ﾟ･⋆｡✰⋆｡:ﾟ･*☽
⁡
⁡
​🔻フォローミー​ ​​🔻
 @​𝘀𝗮𝗶𝗸𝗼.𝗿𝗲𝗹𝗮𝘅
 
#リラクゼーションマッサージ
#ボディケアスクール
#セラピスト養成講座
#セラピスト起業
#リラクゼーションサロン
集客力アップ
集客サポート",0,https://www.instagram.com/p/DZcLPdnAYHY/
2025-08-28T04:19:37.000Z,yuna_kirei,51835,"せいろで作るご自愛レシピを紹介していきます🫶🏻

以前は外見の美容アカウントとして発信していましたが、

今後は外見だけでなく、心や暮らしの美容についても発信をしていきたいと思っています☺️🌼

美しさとは、日々の選択や積み重ねが自信となって現れるものだと思っています😌

外見も引き続き磨いていきたいと思っていますが、心や暮らしも整えて、内側から綺麗になる美容にも力を入れていきたいです✨

_________

\ 蒸しマーラータン🍆 /

【材料】
・豚肉
・お好みの野菜
・春雨
・塩麹
・辣油

〈調味料〉
・豆乳 大さじ2
・豆板醤 大さじ1/2
・麻辣藤椒香醤 大さじ1/2
・ダシダ 小さじ1
・五香粉 たっぷり
・花椒 お好みで
・ニンニクチューブ お好み
・生姜チューブ お好み

①せいろは濡らして、キッチンペーパーを敷く
②春雨は10分ほど水に漬けておく、その間に、野菜を切り、調味料を混ぜ合わせておく
③ せいろに、春雨、野菜、肉、塩麹、調味料の順に盛り付ける（最後に葉野菜を乗せると彩りが綺麗✨）
④クッキングペーパーを中に折り込んで蓋をして、沸騰した鍋の上で15分放ったらかし
⑤15分経ったら、辣油をかけて完成

#レシピ #レシピ動画  #自炊 #ダイエットレシピ #痩せレシピ #一人暮らし #丁寧な暮らし #蒸籠 #せいろ #麻辣湯 #マーラータン #春雨",161,https://www.instagram.com/p/DN4pF6sjxcu/
2026-06-11T10:21:05.000Z,yuna_kirei,83,"せいろで作るご自愛レシピを紹介しています🌼

はじめまして、ゆうなです☺️

私は美容と健康のために、
毎日せいろでご自愛ご飯を作っています🍳

なんでせいろかっていうと、
美味しくて、簡単だから☺️👌

【蒸しタコライス】

【材料】1〜2人前
・豚ひき肉 120g
・玉ねぎ 1/2個
・にんにく 1〜2かけ
・ミニトマト
・レタス
・アボカド
・とろけるチーズ
・卵 1個

【調味料】
・ケチャップ 大さじ2
・ウスターソース 大さじ2
・カレー粉 大さじ1
・コンソメ 小さじ1
・はちみつ 大さじ1/2
・塩麹 適量
・チリパウダー 適量

①玉ねぎとにんにくをみじん切りにする。
②濡らしたせいろにクッキングシートを敷いたら、ひき肉→①→調味料の順に重ねて、せいろで7分蒸す。
③蒸してる間に、ミニトマトを半分に切り、お皿にご飯とレタスを盛り付けておく。アボカドも切り、温泉卵も作っておく。
④7分経ったら、せいろの蓋を一度開けて、ミニトマトのチーズを乗せて、追加で3分蒸す。
⑤蒸しあがったら、熱々のうちに全体を混ぜて、ご飯の上にかけて、アボカドと温泉卵を盛り付けたら完成👏

#せいろ #タコライス #自炊 #ダイエットレシピ #一人暮らし",3,https://www.instagram.com/p/DZcRynOJNpt/
2026-06-11T09:55:09.000Z,pt_kettyo,45,"「足の長さを変えない」が伝わらない時のソウ
@pt_kettyo

こんにちは！
ピラティススタジオlulutoの戸田です☺️

マットのソウで
・お腹に効かない
・骨盤が動いてしまう
・足の長さが変わる
そんな経験はありませんか？

よくあるキューイングが
「足の長さを変えないでください」
ですが、

実はこれだけでは感覚が入りにくいことがあります💡

今回のポイント👇
・足の長さを揃えようとしない
・あえて逆方向へ意識を向ける
・代償動作を利用して修正する

相手が理解しやすい言葉を選ぶ方が
上手くいくこともあります☺️

保存してぜひ指導に活かしてみてください！

詳しい動きは
動画を保存してチェックしてみてください☺️

他の投稿はここから
🔻
@pt_kettyo
※本アカウント内の投稿内容は
あくまで個人の見解です。

＝＝＝＝＝＝＝＝＝＝＝＝＝
ピラティススタジオluluto 代表
戸田　圭哉

大学卒業後、理学療法士として東京の病院で勤務
その後「ピラティス」に出会い人生が変わる

パーソナルトレーナーを経て、
2022年3月に「ピラティススタジオluluto」をOPEN！

2026年2月には国内外98店舗も展開するチェーン店へ拡大させる

🔻ルルトのインストラクター採用に興味がある方はこちらのアカウントもチェック
@luluto_recruit

今はスタジオ運営と同時にピラティスで
体も心も健康に！をテーマにPHIピラティスマスタートレーナーとして
「ピラティスインストラクター養成コース」も開講中

🔻養成コースが気になる方はこちらへDMを
📩@pt_kettyo
＝＝＝＝＝＝＝＝＝＝＝＝＝",0,https://www.instagram.com/p/DZcPqcgBCkN/
2026-06-10T19:34:56.000Z,fitzzapp,411,"Stiff Lower Back? ☑️ by @fitzzapp 
.
FITZZ – Your All-in-One Fitness Companion
.
Available on Google play and App Store 
.
#fitness #bodybuilding #homeworkout #gym #lowerbackpain",0,https://www.instagram.com/p/DZas_6UuSRm/
2026-06-11T01:41:19.000Z,teppei__hair,41,"🌟この色は僕にしか作れません♡.

ご予約はプロフィールのURLもしくはDMにて受け付けています◎
.
❌の場合はDMにてお問い合わせください！
.
. 
🌟他のサロンでは再現不可な
#くすみカラー　が大人気
.
🌟投稿の画像はブリーチありorなしダブルカラーのため、【ダブルカラー】クーポンを選択して下さい。
※髪質抜け具合によりブリーチプラスで必要な場合もございます
.
.
🌟ブリーチなしカラーに限らずカラー全般得意です◎
.
⭐️地毛を5トーンとしての表記になっています！
ブリーチなしのカラーは基本少し暗めな設定になっています！より明るくしたい方はブリーチがおすすめです！
.
.
.
#ブリーチなしグレージュ #ブリーチなしダブルカラー",65,https://www.instagram.com/p/DZbXG5qpwdS/
2026-06-10T11:30:18.000Z,teppei__hair,43,"🌟この色は僕にしか作れません♡.

ご予約はプロフィールのURLもしくはDMにて受け付けています◎
.
❌の場合はDMにてお問い合わせください！
.
. 
🌟他のサロンでは再現不可な
#くすみカラー　が大人気
.
🌟投稿の画像はブリーチありorなしダブルカラーのため、【ダブルカラー】クーポンを選択して下さい。
※髪質抜け具合によりブリーチプラスで必要な場合もございます
.
.
🌟ブリーチなしカラーに限らずカラー全般得意です◎
.
⭐️地毛を5トーンとしての表記になっています！
ブリーチなしのカラーは基本少し暗めな設定になっています！より明るくしたい方はブリーチがおすすめです！
.
.
.
#ブリーチなしグレージュ #ブリーチなしダブルカラー",45,https://www.instagram.com/p/DZZ1waTCdXZ/
2026-06-10T12:00:05.000Z,fitonomyapp,1517,"Start your morning with movement that wakes up your whole body. ☀️

Begin with Cat–Cow to mobilize your spine, stretch the hip flexors to open tight hips, then finish with bodyweight squats to activate your legs and core.
Save this routine for tomorrow morning.

#catcow #hipflexorstretch #bodyweightsquats #morningmobility #fullbodymovement",2,https://www.instagram.com/p/DZZ5K6nFvD0/
2026-06-10T15:50:10.000Z,fitonomyapp,4014,"Before you go heavier… fix your deadlift.

Before increasing weight on your deadlift, it’s essential to build a strong and efficient setup. Proper mechanics improve performance and reduce injury risk.

Strong fundamentals lead to stronger lifts.

Start training smarter with Fitonomyapp 

#deadlift  #powerlifting #squatbenchdeadlift #sumodeadlift #deadlifts #weightlifting",7,https://www.instagram.com/p/DZaTc5sjaaw/
2026-06-10T12:57:13.000Z,bodymakefumie,411,"100%外側重心！

小指開かない人
ベターッと外側で
床踏んでます。

だから、
脚の外側パンパンに💦

足の外側を上げることで
外ふくらはぎ
外もも
改善していこー！
　
　
・・・・・　
　

下半身痩せにとって必須の
足裏アーチ。 

『足裏アーチ復活3日間チャレンジ』
をLINEから配信しています！
プロフィール欄のリンクから
LINEに登録していただくと
動画配信されます！　

こちらから
↓
@bodymakefumie",2,https://www.instagram.com/p/DZZ_pu1zzkd/
2026-06-11T10:05:14.000Z,daiki_core_trainer.27,149,"@daiki_core_trainer.27 動ける体づくりの発信
田中大輝です！
姿勢・体型（ダイエット）
パフォーマンスアップ
全てにおいて解決できます。
そして他では聞けない
レベルまで深掘り解説してます！
※コメント全て返信します👍
ーーーーーーーーーーーーーーーーー
この動きができないと、腰か肩で代償します。
胸の回旋は、ただひねる動きではありません。 スムーズに回るには、側屈が必要です。
胸椎は肋骨と一緒に動きます。 片側の肋骨が開き、反対側が締まることで、
胸はきれいに回ります。
ここが硬いと、腰を反る。 肩だけ動く。首に力が入る。
胸が回ると、肩は上がりやすくなり、
呼吸も入りやすくなります。 歩く、走る、振り向く動きもスムーズになります。
ポイントは、骨盤を止めて、
胸と肋骨を斜め上に開くこと。
腰ではなく、胸を回す。
左右10回ずつやってみてください。
ーーーーーーーーーーーーーーーーー
店舗はトレーニング未経験や
運動が苦手な人でも安心してできます。
□姿勢＆体幹LAB ReSET
岡山県岡山市北区今保199-3レンタルスタジオMei
予約・問い合わせはDMからお願いします。",0,https://www.instagram.com/p/DZcQhTYzNPY/
2026-03-14T10:30:19.000Z,shingo.39.39,1507,"意識は思考では変わらない
― 神経科学が示す「身体から意識を変える」メカニズム ―
シリーズ完結編

私たちは一般に、「意識を変えるためには思考を変える必要がある」と考えている。
ポジティブ思考、自己暗示、強い意志力。 多くの自己啓発はこの前提に基づいている。

しかし神経科学の視点から見ると、この理解は必ずしも正確ではない。

むしろ近年の研究では、意識状態は思考によって直接変えられるというよりも、脳の状態によって規定されることが明らかになっている。

そしてその脳の状態は、思考よりもむしろ身体からの信号によって強く影響を受けている。

意識は「脳の状態」である
現在の神経科学では、意識や感情は脳の活動状態として理解されている。
脳は単一の器官ではなく、複数のネットワークが相互作用することで機能している。 特に重要なのが、いわゆるトリプルネットワークモデルである。

主に以下の三つのネットワークが知られている。

* Default Mode Network（DMN） 自己認識、記憶、未来想像などに関わるネットワーク

* Central Executive Network（CEN） 意思決定、注意、問題解決などを担うネットワーク

* Salience Network（SN） 内部状態や外界の重要な情報を検出し、ネットワークの切り替えを行う

これらのネットワークのバランスによって、私たちの意識状態は大きく変化する。

例えば
* DMN優位 → 内省・思考
* CEN優位 → 集中・課題遂行
* SN → 状態切替
といった形で、脳は常に状態を調整している。

身体は脳に直接入力している
ここで重要なのは、脳が身体からの信号を常に受け取っているという事実である。
身体からの感覚情報は主に以下のシステムを通して脳に送られる。

Sensorimotor Network（SMN）
体性感覚や運動情報を処理するネットワークで、身体の位置や動き、触覚などの情報を統合する。

Insula（島皮質）
内受容感覚（interoception）を処理する重要な領域であり、
* 呼吸
* 心拍
* 内臓感覚
* 体内状態
などを統合している。

島皮質は特に意識状態と強く関係する領域として知られている。
実際、瞑想研究においても島皮質の活動変化が多数報告されている。

なぜ瞑想は呼吸から始まるのか？
この神経科学的背景を考えると、多くの瞑想法が呼吸や身体感覚から始まる理由が理解できる。
呼吸は単なる生理現象ではなく、脳に対して非常に強い信号を送る。

呼吸リズムは
* 自律神経系
* 情動制御
* 注意ネットワーク
に影響を与えることが知られている。

特にゆっくりした呼吸は
* 副交感神経の活性化
* ストレス反応の低下
* 情動安定
などを引き起こす。

つまり、呼吸を変えることは脳状態を変えることにつながる。
そして脳状態が変わると、意識状態も自然に変化する。

身体 → 脳 → 意識
この関係を整理すると、次のような構造になる。

身体 ↓ 神経入力 ↓ 脳ネットワーク ↓ 意識状態

この順序は、私たちが普段考えている
思考 ↓ 行動 ↓ 人生
というモデルとは大きく異なる。
しかし神経科学的には、意識状態は思考だけで直接制御されるものではない。

むしろ、身体からの入力が脳の状態を変え、その結果として意識が変わる。

意識変容の入口は身体である
この観点から見ると、意識を変えるための最も現実的な方法は、思考を操作することではなく、身体状態を整えることである。
呼吸 姿勢 身体感覚 運動
これらはすべて、脳ネットワークに直接影響を与える。

そのため瞑想、ヨガ、歩行瞑想など、多くの伝統的実践は身体から始まる。
身体は、意識変容への最も具体的な入口なのである。39

他の投稿はこちら
↓
@shingo.39.39 

#純粋意識 #瞑想 #呼吸 #呼吸法 #姿勢 
#音 #運動 #身体 #脳 #脳科学 #心 #感情 
#意識 #思考 #習慣 #ポジティブ #ヨガ 
#ウェルビーイング #ウェルネス #エクササイズ 
#セルフケア #生活習慣 #行動 #行動力 
#変容 #レジリエンス #変化 #感謝 #ボディワーク 
#マインドフルネス",13,https://www.instagram.com/p/DV3I8JHmCu2/
2026-06-12T07:51:17.000Z,yuna_kirei,31,"30代から急に気になり始めるお肌のたるみには
たるみ専用のスキンケアを取り入れるのが良い😌👌✨

最近出会えて良かったたるみケアアイテムが
リジュオールのアドバンスドPDLLAファーミングクリーム✨

内側のハリ弾力と、表面のシワに
アプローチしてくれる、
まるで塗るヒアルロン酸とボトックスのようなクリーム🥹✨

スピキュール入りのクリームなんだけど、
角質層に浸透しにくい高分子PDLLAを
スピキュールが浸透させてくれる設計なの👌✨

CICA-Shorticuleという特殊なスピキュールを使っていて
一般的なスピキュールに比べて、伝達量が149%なんだって😳

しかもチクチクしすぎないマイルドな使用感だから、
スピキュールが苦手な方でも取り入れやすいと思う✨

内側からの弾力に効果的な
PDLLA 12,000ppmが真皮層に2～4週間留まり、
内側からパーンとハリを出してくれて、

表面のハリに効果的なReju-Lift Peptide 5,000ppmが
神経伝達物質の働きを抑制して、
額・目元・ほうれい線などの表情じわ緩和させてくれる😌

初めて使った翌日から、
お肌が元気になった実感があったので
30代になったこれからのスキンケアルーティンに
これからも継続して使い続けてみたい😌✨

本格的なエイジングケアを取り入れてみたい方に
ぜひおすすめしたいアイテムです☺️👌

#PR #韓国コスメ #韓国スキンケア #リジュオール",0,https://www.instagram.com/p/DZekhkppsSD/
2026-06-12T08:45:36.000Z,lionlifts,-1,"Lion’s Head🦁

最高なレストデー
最高な景色☀️",1,https://www.instagram.com/p/DZesf7UE9Gf/
2026-06-12T09:15:23.000Z,saiko.relax,49,"【無料オンライン勉強会開催✨】

神セラピスト育成セミナー✨✨

【開催日時】
①6/22  10:00〜
②6/23  20:00〜
③6/25  20:00〜 
参加費無料📱スマホ参加OK！

参加希望の方は 希望日の番号【①or②or③】
いずれかをDMください📩
※返信DMがリクエスト欄に入る場合があるので DMを送ったあとは リクエストBOXの確認もお願いします✨",2,https://www.instagram.com/p/DZevgsQgxB9/
2026-06-11T13:03:06.000Z,taichi_flexible.body,348,"【骨盤の左右差を整えるミニクラス】&質問回答🙋
アーカイブ2日間だけ残します！
来週木曜21:00〜もミニクラスインスタライブやるのでぜひ来てください！",8,https://www.instagram.com/p/DZclIRLE7wl/
2026-06-12T08:33:37.000Z,fitonomyapp,1291,"Glute medius not showing?

If your glute medius lacks shape, your training may be missing key movements that target hip stability and control.

Targeting the right angles helps build shape and improve stability.
Start training smarter with @fitonomyapp

#glutes #glutemedius #hipabduction #lowerbody",3,https://www.instagram.com/p/DZetlO1hV3E/
2026-06-12T01:09:56.000Z,teppei__hair,30,"🌟この色は僕にしか作れません♡.

ご予約はプロフィールのURLもしくはDMにて受け付けています◎
.
❌の場合はDMにてお問い合わせください！
.
. 
🌟他のサロンでは再現不可な
#くすみカラー　が大人気
.
🌟投稿の画像はブリーチありorなしダブルカラーのため、【ダブルカラー】クーポンを選択して下さい。
※髪質抜け具合によりブリーチプラスで必要な場合もございます
.
.
🌟ブリーチなしカラーに限らずカラー全般得意です◎
.
⭐️地毛を5トーンとしての表記になっています！
ブリーチなしのカラーは基本少し暗めな設定になっています！より明るくしたい方はブリーチがおすすめです！
.
.
.
#ブリーチなしグレージュ #ブリーチなしダブルカラー",59,https://www.instagram.com/p/DZd4Wd3gW7X/
2026-06-11T15:38:54.000Z,teppei__hair,17,"🌟この色は僕にしか作れません♡.

ご予約はプロフィールのURLもしくはDMにて受け付けています◎
.
❌の場合はDMにてお問い合わせください！
.
. 
🌟他のサロンでは再現不可な
#くすみカラー　が大人気
.
🌟投稿の画像はブリーチありorなしダブルカラーのため、【ダブルカラー】クーポンを選択して下さい。
※髪質抜け具合によりブリーチプラスで必要な場合もございます
.
.
🌟ブリーチなしカラーに限らずカラー全般得意です◎
.
⭐️地毛を5トーンとしての表記になっています！
ブリーチなしのカラーは基本少し暗めな設定になっています！より明るくしたい方はブリーチがおすすめです！
.
.
.
#ブリーチなしグレージュ #ブリーチなしダブルカラー",12,https://www.instagram.com/p/DZc3AHeiT0j/
2026-06-11T19:24:02.000Z,fitonomyapp,1741,"Certain foods can slightly support metabolism, but no single food burns fat on its own. 🔥

Eggs, lean meat, spinach, berries, and avocado provide protein, fiber, and healthy fats, while green tea, coffee, and chili peppers may offer a small temporary boost in energy expenditure.
Balance these foods with regular movement and consistent nutrition.

#metabolismfoods #highproteinfoods #greentea #chilipeppers #healthyfats",2,https://www.instagram.com/p/DZdQvSGgoAs/
2026-06-12T09:51:42.000Z,daiki_core_trainer.27,73,"@daiki_core_trainer.27 動ける体づくりの発信
田中大輝です！
姿勢・体型（ダイエット）
パフォーマンスアップ
全てにおいて解決できます。
そして他では聞けない
レベルまで深掘り解説してます！
※コメント全て返信します👍
ーーーーーーーーーーーーーーーーー
ストレッチのやり方を間違えると、
股関節はさらに動きにくくなって、
ピーマン尻や太ももとお尻の境目がなくなります。
くっそ地味だけど、 ここからスタートするのが実は1番の近道です。
股関節が詰まったままだと、
お尻トレをしても腰や太もも前に逃げます。
だからまず、骨盤を安定させながら、
お尻の奥を伸ばします。
椅子に座って片脚を乗せ、
すねを胸のラインと平行に近づけます。
背中を潰さず、息を吸って、
吐きながら骨盤ごと前へ。
お尻の奥にじわっと入れば正解。
腰、首、膝に違和感が出るなら浅くしてOKです。
10秒から20秒で十分。
ピーマン尻が気になる人は、
まずこれを保存してやってください。
ーーーーーーーーーーーーーーーーー
店舗はトレーニング未経験や
運動が苦手な人でも安心してできます。
□姿勢＆体幹LAB ReSET
岡山県岡山市北区今保199-3レンタルスタジオMei
予約・問い合わせはDMからお願いします。",2,https://www.instagram.com/p/DZez6vtzCNT/
2026-06-12T10:25:54.000Z,demicstory,3167,"🔥 The Best Exercises for Massive Biceps

Want bigger, stronger arms? These 3 powerful biceps exercises hit your muscles from different angles for full development, better peak, and deeper contraction.

Focus on slow, controlled reps, clean form, and full range of motion to keep constant tension on the biceps.

Stay consistent, increase the load over time, and your arms will grow — guaranteed.

My tip: 3–4 sets, 8–12 reps each.

Save this and come back stronger.💪",4,https://www.instagram.com/p/DZe32bFmleB/
2026-06-11T14:48:39.000Z,demicstory,11327,💪 Perfect Your Triceps Pushdown Technique,15,https://www.instagram.com/p/DZcxLetjFhG/
2026-06-12T01:06:53.000Z,demicstory,19316,"💪🔥 Build Your Chest With Just Dumbbells

You don’t need complicated equipment to train your chest effectively.
These beginner-friendly dumbbell exercises help improve chest activation, control and upper body strength from home.

• FULL CHEST (3 Sets × 12–15 Reps)
• LOWER CHEST (3 Sets × 10–12 Reps)
• INNER CHEST (3 Sets × 12–15 Reps)
• MID CHEST (3 Sets × 10–15 Reps)
• UPPER CHEST (3 Sets × 12–15 Reps)

Save this and come back stronger. 💪",67,https://www.instagram.com/p/DZd38xkuAtx/
2026-06-13T10:09:32.000Z,saiko.relax,37,"いつまでも客席におったらあかんで‼️

•*¨*•.¸¸☆*･ﾟ

⁡
サロン歴18年、これまでに約1万人以上の施術経験あり！
＼  たなか さいこ ／です🙋‍♀️

🔻フォローミー​ ​​🔻
 @​𝘀𝗮𝗶𝗸𝗼.𝗿𝗲𝗹𝗮𝘅
⁡
⁡
いいね･保存もお願いします！
⁡
⁡
✰⋆｡:ﾟ･*☽:ﾟ･⋆｡✰⋆｡:ﾟ･*☽:ﾟ･⋆｡✰⋆｡:ﾟ･*☽
⁡
人生𝟭回‼️
全ては自分次第！
思いっきり楽しもう
✨*｡٩(ˊᗜˋ*)و✨*｡
⁡
✰⋆｡:ﾟ･*☽:ﾟ･⋆｡✰⋆｡:ﾟ･*☽:ﾟ･⋆｡✰⋆｡:ﾟ･*☽
⁡
⁡
​🔻フォローミー​ ​​🔻
 @​𝘀𝗮𝗶𝗸𝗼.𝗿𝗲𝗹𝗮𝘅
 
#リラクゼーションマッサージ
#ボディケアスクール
#セラピスト養成講座
#セラピスト起業
#リラクゼーションサロン
集客力アップ
集客サポート",0,https://www.instagram.com/p/DZhaxMsAC8r/
2026-06-13T10:21:58.000Z,yuna_kirei,72,"せいろで作るご自愛レシピを紹介しています🌼

はじめまして、ゆうなです☺️

私は美容と健康のために、
毎日せいろでご自愛ご飯を作っています🍳

なんでせいろかっていうと、
美味しくて、簡単だから☺️👌

【ごま味噌冷しゃぶそうめん】

【材料】
・豚ロース肉 6枚くらい
（しゃぶしゃぶ用の極薄切りがおすすめ）
・なす 1本
・トマト 1個
・大葉5〜6枚
・茗荷 1個
・しょうが 1かけ
・塩麹
・そうめん

【調味料】
・ポン酢 大さじ2
・味噌大さじ1
・すりごま　たっぷり

①材料をそれぞれ食べやすい大きさに切る。そうめんも茹でておく。
②濡らしたせいろにクッキングシートを敷いたら、なす→豚→生姜→塩麹の順に重ねて、10分間蒸す。
③蒸してる間に、調味料を大きめのボウルで混ぜ合わせておく。
④蒸しあがったら、蒸したものを調味料のボウルにいれて、トマトとみょうが、大葉も一緒に、氷をいれて氷を溶かすように全体を混ぜ合わせる。
⑤￼最後にそうめんの上にぶっかけたら完成

#せいろ #夏野菜 #そうめん #自炊 #ダイエットレシピ",1,https://www.instagram.com/p/DZhcFRrJ-FE/
2026-06-13T02:40:53.000Z,hiitmefit,132,"お腹だけ脂肪が落ちない🙈💦

そんな人は３つを確認してみて❣️

①太腿裏がカタイ、筋力が弱い
長座になって前屈してみて！硬かったらストレッチを習慣に！

トレーニング
あしを一歩後ろへ、膝を床に近づける(重心は前足にキープ)。脚を戻したら同じ脚を上に上げてT字バランスでキープ(軸足の腿裏をしっかり伸ばしてね！)

②肩甲骨がカタイ！もしくは背筋が弱い
胸が開かなかったり、上を向きにくい場合はガチガチ！

トレーニング
片足を一歩横へ、膝を曲げる(重心を曲げている脚へ)。そのまま肘を胸の高さでキープしながら開くを繰り返す。しっかり胸を伸ばしてね！

③足関節がカタイ！グーパーができない
可動域が狭かったり、グーパーしにくかったらガチガチ！

トレーニング
片足の爪先を立てて膝を曲げる(重心を曲げてる側へ)。膝を前に出して足の甲を伸ばす。

#お腹痩せ
#ストレッチ",0,https://www.instagram.com/p/DZgmuJfya6f/
2026-06-13T09:55:11.000Z,pt_kettyo,33,"扁平足へのピラティスアプローチ
@pt_kettyo

こんにちは！
ピラティススタジオlulutoの戸田です☺️

扁平足というと、
・ショートフット
・足の内在筋トレーニング
などが有名ですよね💡
もちろんこれらも大切です。

ただ実際には、
足首、膝、股関節の影響を受けて
アーチが低下しているケースも少なくありません。

例えば、
・膝が内側に入る
・足首が崩れる
・股関節が安定しない
こうした問題が重なることで、
結果的に扁平足になっていることもあります。

今回のポイント👇
・足部のアーチを保つ
・膝の位置をコントロールする
・股関節・お尻も同時に使う

保存してぜひ参考にしてみてください！

詳しい動きは
動画を保存してチェックしてみてください☺️

他の投稿はここから
🔻
@pt_kettyo
※本アカウント内の投稿内容は
あくまで個人の見解です。

＝＝＝＝＝＝＝＝＝＝＝＝＝
ピラティススタジオluluto 代表
戸田　圭哉

大学卒業後、理学療法士として東京の病院で勤務
その後「ピラティス」に出会い人生が変わる

パーソナルトレーナーを経て、
2022年3月に「ピラティススタジオluluto」をOPEN！

2026年2月には国内外98店舗も展開するチェーン店へ拡大させる

🔻ルルトのインストラクター採用に興味がある方はこちらのアカウントもチェック
@luluto_recruit

今はスタジオ運営と同時にピラティスで
体も心も健康に！をテーマにPHIピラティスマスタートレーナーとして
「ピラティスインストラクター養成コース」も開講中

🔻養成コースが気になる方はこちらへDMを
📩@pt_kettyo
＝＝＝＝＝＝＝＝＝＝＝＝＝",0,https://www.instagram.com/p/DZhZV_khDnH/
2026-06-13T10:24:00.000Z,g.tail_wellness,12,"「脚痩せのために頑張るほど、前ももがパンパンに張ってしまう…」
その原因は、靴の中で足の指が「ギュッ」と力むシステムエラーにあります。

体幹の安定が抜け落ちているから、
末端の足指で無理やりバランスをとっている状態

そのままスクワットなどの脚トレを続けても、
前ももがたくましくなる一方です

大人の女性のボディメイクに必要なのは、
末端の無駄な力み（過緊張）を完全に捨て去り、
体幹をドシッと安定させる『安定と脱力の共存』です

そこで、、

ーーー

動画でお伝えしたこの根本的なメカニズムを知り、
あなたの身体を書き換えるための
【プロフリンク限定】
無料プレゼントをご用意しました🎁

アラフォー専用・自宅で完結
【脱・根性論ボディデザイン】
完全導入スターターキット

身体を根本から書き換える「メイン講義」と、
今日からすぐに環境を整えるための
「3つの実践ツール」をセットでお渡ししています

🎬【メイン講義（全3回・動画約20分）】

【G-Method序論】アラフォーから自宅で極める
「一生崩れない」しなやか美ボディ
3ステップ無料講義
（※特別な器具は一切不要。自重だけで機能美を覚醒させるG-Methodの核心です）

📕【講義の効果を最大化する3大PDFツール】

メイン講義を「見るだけ」で終わらせず、
あなたの日常に確実に落とし込むための専用ツールです

・ツール①：現在地を知る
『【体型を崩すNG習慣】危険度チェックシート10選』

・ツール②：宅トレを習慣にする
『【習慣をシステムで解決】一生続く「運動自動化」7ステップ』

・ツール③：食事を整える
『【アラフォー以降専用】一瞬より一生のダイエット成功ロードマップ10選』

一瞬より「一生」の機能美ボディを
本気で手に入れたい方は、
プロフィールのリンクから
今のうちに必ず受け取ってくださいな
👇
@g.tail_wellness

#脚痩せ #前もも張り #40代ダイエット #機能美",0,https://www.instagram.com/p/DZhcZV3CKCp/
2026-06-12T19:27:34.000Z,fitzzapp,183,"Can’t feel your Chest doing Chest flies?☑️ by @fitzzapp 
.
FITZZ – Your All-in-One Fitness Companion
.
Available on Google play and App Store 
.
#fitness #bodybuilding #homeworkout #gym #chestworkout",0,https://www.instagram.com/p/DZf1z6FOYiz/
2026-06-12T13:13:46.000Z,teppei__hair,17,"🌟この色は僕にしか作れません♡.

ご予約はプロフィールのURLもしくはDMにて受け付けています◎
.
❌の場合はDMにてお問い合わせください！
.
. 
🌟他のサロンでは再現不可な
#くすみカラー　が大人気
.
🌟投稿の画像はブリーチありorなしダブルカラーのため、【ダブルカラー】クーポンを選択して下さい。
※髪質抜け具合によりブリーチプラスで必要な場合もございます
.
.
🌟ブリーチなしカラーに限らずカラー全般得意です◎
.
⭐️地毛を5トーンとしての表記になっています！
ブリーチなしのカラーは基本少し暗めな設定になっています！より明るくしたい方はブリーチがおすすめです！
.
.
.
#ブリーチなしグレージュ #ブリーチなしダブルカラー",6,https://www.instagram.com/p/DZfK4IPJE13/
2026-06-13T00:09:28.000Z,teppei__hair,75,"🌟この色は僕にしか作れません♡.

ご予約はプロフィールのURLもしくはDMにて受け付けています◎
.
❌の場合はDMにてお問い合わせください！
.
. 
🌟他のサロンでは再現不可な
#くすみカラー　が大人気
.
🌟投稿の画像はブリーチありorなしダブルカラーのため、【ダブルカラー】クーポンを選択して下さい。
※髪質抜け具合によりブリーチプラスで必要な場合もございます
.
.
🌟ブリーチなしカラーに限らずカラー全般得意です◎
.
⭐️地毛を5トーンとしての表記になっています！
ブリーチなしのカラーは基本少し暗めな設定になっています！より明るくしたい方はブリーチがおすすめです！
.
.
.
#ブリーチなしグレージュ #ブリーチなしダブルカラー",73,https://www.instagram.com/p/DZgWK3bhKZ3/
2026-06-12T16:09:33.000Z,lesi.fit,5206,"just a lil’ Friday reminder: don’t skip back day✨

romper @bettermestore 
code: LESIFIT

size [XS] quality you can feel💯",34,https://www.instagram.com/p/DZfWN8No4Xc/
2026-06-12T17:05:10.000Z,fitonomyapp,1522,"Your hips control your posture.

Fix them, and everything changes. @fitonomyapp

#posture #hips #hipflexors #glutes #mobility",5,https://www.instagram.com/p/DZfludqB8VE/
2026-06-13T08:00:19.000Z,fitonomyapp,2087,"Your triceps have 3 heads.

If you’re not training overhead, you’re missing one.
Fix it. @fitonomyapp

#triceps #armworkout #overheadextension #upperbody",2,https://www.instagram.com/p/DZhMH_5hGl8/
2026-06-12T22:58:05.000Z,demicstory,11521,"🔥 RDL vs Squat vs Sumo Squat — What’s the Difference?

↳ RDL → Hamstrings & glutes
↳ Squat → Full leg strength & core
↳ Sumo Squat → Inner thighs & glutes

💡 3–4 sets • 8–12 reps
Control the weight. Master the form.

✨ Save this and come back stronger. 💪",12,https://www.instagram.com/p/DZgN7pslWl-/
2026-06-12T23:57:51.000Z,demicstory,6506,🔥 5 Smith Machine Exercises for Stronger Legs,8,https://www.instagram.com/p/DZgUxuOCEOR/
2026-06-12T15:54:23.000Z,tun_diet_mama,105,"▶︎▶︎他の痩せトレはこちら(@tun_diet_mama)
効果抜群！厳選エクササイズアップしていくよ😊
フォローして参考にしてね！

＼ダイエットは1日にしてならず／
自分のモチベーションに合わせて
毎日楽しくがんばろう🌱　

今回のエクササイズ『脚むくみ取り』
放置すると大変なことななるかも😭

1日30秒
是非続けてやってみてね✨

#産後ダイエット#エクササイズ
#むくみ取り #痩せたい",0,https://www.instagram.com/p/DZfWF6ISHcL/
2026-06-13T02:58:44.000Z,bamli.tokyo,-1,"肌悩みある人はこれがおすすめ💓💓

#肌悩み#肌ケア#スキンケア
#キュレル#ミノン",0,https://www.instagram.com/p/DZgpmRTEph7/
2026-06-12T11:56:19.000Z,bodymakefumie,183,"足首グラグラさん

ふくらはぎの張りは
それが原因かも！

まずは片膝立ちで
丁寧に踵上げ
やってみて！
　
　
・・・・・　
　

下半身痩せにとって必須の
足裏アーチ。 

『足裏アーチ復活3日間チャレンジ』
をLINEから配信しています！
プロフィール欄のリンクから
LINEに登録していただくと
動画配信されます！　

こちらから
↓
@bodymakefumie",1,https://www.instagram.com/p/DZfCOvdzfmz/
2026-06-12T22:55:32.000Z,daiki_core_trainer.27,261,"@daiki_core_trainer.27 動ける体づくりの発信
田中大輝です！
姿勢・体型（ダイエット）
パフォーマンスアップ
全てにおいて解決できます。
そして他では聞けない
レベルまで深掘り解説してます！
※コメント全て返信します👍
ーーーーーーーーーーーーーーーーー
下半身の水平回旋を、体幹で受け止めて、
腕と棒の垂直回旋につなげる。
この回転変換ができているかを見るのが、
このドリルのポイントです。
うまく連動していないと、肩が上がり、
腕だけで回そうとして、棒の軌道が斜めに崩れます。
体幹は固める場所ではなく、
下半身の出力を上半身へ伝える中継地点です。
力の通り道ができると、
棒の回転はスムーズになり、
動きの質が一気に変わります。
ーーーーーーーーーーーーーーーーー
店舗はトレーニング未経験や
運動が苦手な人でも安心してできます。
□姿勢＆体幹LAB ReSET
岡山県岡山市北区今保199-3レンタルスタジオMei
予約・問い合わせはDMからお願いします。",7,https://www.instagram.com/p/DZgNlHhT7jk/
2026-06-14T09:55:35.000Z,saiko.relax,50,"首ゴリゴリ‼️力勝負してへん？

•*¨*•.¸¸☆*･ﾟ

⁡
サロン歴18年、これまでに約1万人以上の施術経験あり！
＼  たなか さいこ ／です🙋‍♀️

🔻フォローミー​ ​​🔻
 @​𝘀𝗮𝗶𝗸𝗼.𝗿𝗲𝗹𝗮𝘅
⁡
⁡
いいね･保存もお願いします！
⁡
⁡
✰⋆｡:ﾟ･*☽:ﾟ･⋆｡✰⋆｡:ﾟ･*☽:ﾟ･⋆｡✰⋆｡:ﾟ･*☽
⁡
人生𝟭回‼️
全ては自分次第！
思いっきり楽しもう
✨*｡٩(ˊᗜˋ*)و✨*｡
⁡
✰⋆｡:ﾟ･*☽:ﾟ･⋆｡✰⋆｡:ﾟ･*☽:ﾟ･⋆｡✰⋆｡:ﾟ･*☽
⁡
⁡
​🔻フォローミー​ ​​🔻
 @​𝘀𝗮𝗶𝗸𝗼.𝗿𝗲𝗹𝗮𝘅
 
#リラクゼーションマッサージ
#ボディケアスクール
#セラピスト養成講座
#セラピスト起業
#リラクゼーションサロン
集客力アップ
集客サポート",0,https://www.instagram.com/p/DZj98qgA8Ci/
2026-06-14T06:44:36.000Z,yuna_kirei,47,"新居のソファ選び。

家具の中で1番悩んで、
1ヶ月以上色々なソファを比較して
選んだのがこのソファ🛋️！

私はソファをお部屋の中で
くつろげる居場所にしたかったから

ふかふかで柔らかい、
身体を包み込んでくれる大きなソファを選びました☺️

このソファ、座面を動かすことが出来て、
背もたれまでの距離を変えられるから、

55cmで浅く座ることも出来るし、
85cmでベッドみたいに使うことも出来る✨

生地も、サイズも、
暮らしやお部屋の雰囲気に合わせて
自由にカスタマイズが出来ちゃうよ🤗🌼

サイト内の割引と併用可能な
私専用のクーポンコードも
発行してもらったので
ぜひ使ってください💓

🏷️「yunaUUU」

#PR #caguuu #一人暮らし #インテリア #ソファ",0,https://www.instagram.com/p/DZjoJEvJs5D/
2026-06-14T02:36:06.000Z,aya.t_pilates,16,"Home Mat Pilates / Swan Preparation ✨

家でできる、背中を美しく引き締めるレベル別2ステップ✨

デスクワークやスマホで丸まりがちな背中（伸展）を、お家で心地よくリセットしていきましょう🤍

スモールボール（またはクッション）を胸の下に置くことで、腰に負担をかけず、的確に背中のインナーマッスルにスイッチを入れることができます。

⬜️ Level 1（まずはここから！）
うつ伏せになり、胸の下にボールをセット。
肘を床につけたまま、胸を優しく前に押し出すように引き上げます。
腰ではなく「胸の後ろ」が伸びているのを感じましょう。

⬜️ Level 2（慣れてきたら挑戦）
Level 1の状態から、ゆっくりと手のひらで床を押し、肘を伸ばしていきます。
お腹を薄く引き込み続けたまま、頭のてっぺんを高く引き上げる意識（エロンゲーション）をキープして、さらに背中を格上げします！

💡 大切なポイント
上体を起こすときに、肩がすくんで首が短くなってしまうのはNGです🙅‍♀️
耳と肩の距離を遠ざけ、首を長く保ったまま滑らかにコントロールしましょう。

背中美人・姿勢改善効果抜群のこのスワン、ぜひお家でのリラックスタイムにチャレンジしてみてくださいね。
やり方を見返せるように【保存】がおすすめです！

#ピラティス #マットピラティス #ピラティスインストラクター #背中引き締め #pilates",0,https://www.instagram.com/p/DZjLuq6Pk_P/
2026-06-13T12:37:12.000Z,taichi_flexible.body,251,"🧘‍♀️2026年後半の対面グループ募集開始です！
きっとこれが今年最初で最後になります🙏

各日、4名ずつ新規枠を解放しております！
ご希望の方はコメント欄に参加希望とお送り下さい！
フォームをお送りするので、参加希望日を入力し送信して下さい✉️

📍開催場所

〒150-0021
東京都渋谷区恵比寿西１丁目１０−７
エムエムエス Building 9階
📍恵比寿マウレア

【レッスン時間】
🕑15:15〜18:00（2時間45分）
・レッスン：15:15〜17:15 (2時間)
・質疑応答／自主練習：17:15〜18:00(45分 : 自由参加）

【料金】
💳10,000円（税込）

－－－－－－－－－－－－－－－
👜持ち物

・お水
・動きやすい服装
・マットやブロックなどはこちらでレンタル準備しております

－－－－－－－－－－－－－－－

📌毎月のテーマに合わせて、しなやかで動ける身体づくりをサポートします。
定員が埋まり次第締め切りとなりますので、気になる方はぜひお早めにご予約ください😌",35,https://www.instagram.com/p/DZhrzI1k-BB/
2026-06-13T16:08:17.000Z,haruka_seiro,59,✨オフ会の日のvlog 🍖,0,https://www.instagram.com/p/DZiD5u7pu8V/
2026-06-13T13:17:10.000Z,lesi.fit,14394,"if heaven had an address, it would look like this 🇮🇹",98,https://www.instagram.com/p/DZhwX0ejQJN/
2026-06-14T00:09:13.000Z,teppei__hair,61,"🌟この色は僕にしか作れません♡.

ご予約はプロフィールのURLもしくはDMにて受け付けています◎
.
❌の場合はDMにてお問い合わせください！
.
. 
🌟他のサロンでは再現不可な
#くすみカラー　が大人気
.
🌟投稿の画像はブリーチありorなしダブルカラーのため、【ダブルカラー】クーポンを選択して下さい。
※髪質抜け具合によりブリーチプラスで必要な場合もございます
.
.
🌟ブリーチなしカラーに限らずカラー全般得意です◎
.
⭐️地毛を5トーンとしての表記になっています！
ブリーチなしのカラーは基本少し暗めな設定になっています！より明るくしたい方はブリーチがおすすめです！
.
.
.
#ブリーチなしグレージュ #ブリーチなしダブルカラー",73,https://www.instagram.com/p/DZi6-tBBwT6/
2026-06-13T12:25:08.000Z,teppei__hair,31,"🌟この色は僕にしか作れません♡.

ご予約はプロフィールのURLもしくはDMにて受け付けています◎
.
❌の場合はDMにてお問い合わせください！
.
. 
🌟他のサロンでは再現不可な
#くすみカラー　が大人気
.
🌟投稿の画像はブリーチありorなしダブルカラーのため、【ダブルカラー】クーポンを選択して下さい。
※髪質抜け具合によりブリーチプラスで必要な場合もございます
.
.
🌟ブリーチなしカラーに限らずカラー全般得意です◎
.
⭐️地毛を5トーンとしての表記になっています！
ブリーチなしのカラーは基本少し暗めな設定になっています！より明るくしたい方はブリーチがおすすめです！
.
.
.
#ブリーチなしグレージュ #ブリーチなしダブルカラー",18,https://www.instagram.com/p/DZhqas9iUql/
2026-06-14T10:10:03.000Z,teppei__hair,8,"🌟この色は僕にしか作れません♡.

ご予約はプロフィールのURLもしくはDMにて受け付けています◎
.
❌の場合はDMにてお問い合わせください！
.
. 
🌟他のサロンでは再現不可な
#くすみカラー　が大人気
.
🌟投稿の画像はブリーチありorなしダブルカラーのため、【ダブルカラー】クーポンを選択して下さい。
※髪質抜け具合によりブリーチプラスで必要な場合もございます
.
.
🌟ブリーチなしカラーに限らずカラー全般得意です◎
.
⭐️地毛を5トーンとしての表記になっています！
ブリーチなしのカラーは基本少し暗めな設定になっています！より明るくしたい方はブリーチがおすすめです！
.
.
.
#ブリーチなしグレージュ #ブリーチなしダブルカラー",12,https://www.instagram.com/p/DZj_wOpiXNy/
2026-06-14T11:05:02.000Z,fitonomyapp,15,"Sitting for hours can leave your hips tight and your glutes inactive. 🪑

As sitting time increases, the hip flexors may tighten, the pelvis can shift forward, and more stress can build through the lower back.
Stand up regularly, walk around, and keep your hips moving throughout the day.

#hipflexors #tightHips #glutes #pelvictilt #hipmobility",0,https://www.instagram.com/p/DZkGJZgFj-n/
2026-06-14T08:05:13.000Z,fitonomyapp,2341,"Want to grow your glutes at home? 🍑

No gym. No excuses. Just results.
Save this and try it today. @fitonomyapp

#gluteworkout #homeworkout #bootyworkout #lowerbody",4,https://www.instagram.com/p/DZjxcrpx-cN/
2026-06-14T09:47:33.000Z,bodymakefumie,66,"やみくもにほぐしても
やるだけ無駄！

骨間筋をほぐして
中足骨を動かして
足指を引っこ抜きながら回す

これを毎日やって！
　
　
・・・・・　
　

下半身痩せにとって必須の
足裏アーチ。 

『足裏アーチ復活3日間チャレンジ』
をLINEから配信しています！　

プロフィール欄のリンクから
LINEに登録していただくと
動画配信されます！　

こちらから
↓
@bodymakefumie",0,https://www.instagram.com/p/DZj83Yxzx_j/
2026-06-13T15:41:46.000Z,demicstory,15009,💪 Want Bigger Forearms? DO THIS (No Gym Needed),10,https://www.instagram.com/p/DZiA3VXlHcB/
2026-06-13T17:42:58.000Z,demicstory,10409,🧠 Barbell Row Variations Explained — Train Smarter,12,https://www.instagram.com/p/DZiOuMujdY4/
2026-06-13T18:22:34.000Z,demicstory,18713,⚡Quick 5-Minute Routine to Support Better Posture,20,https://www.instagram.com/p/DZiTRMpibMC/
2026-06-14T03:46:57.000Z,daiki_core_trainer.27,269,"@daiki_core_trainer.27 動ける体づくりの発信
田中大輝です！
姿勢・体型（ダイエット）
パフォーマンスアップ
全てにおいて解決できます。
そして他では聞けない
レベルまで深掘り解説してます！
※コメント全て返信します👍
ーーーーーーーーーーーーーーーーー
首が短く見える、くびれが出にくい、
上半身が詰まって見える人へ。
それ、脂肪だけでなく、
肋骨と骨盤の距離が近くなっているサインです。
吐きながら鎖骨の付け根から背中を丸め、
次にみぞおちを奥へ引き込む。
ただ前に倒れるのではなく、
背骨をひとつずつ動かす意識でやってみて！
ーーーーーーーーーーーーーーーーー
店舗はトレーニング未経験や
運動が苦手な人でも安心してできます。
□姿勢＆体幹LAB ReSET
岡山県岡山市北区今保199-3レンタルスタジオMei
予約・問い合わせはDMからお願いします。",8,https://www.instagram.com/p/DZjS7v_TqaF/
2026-06-15T08:16:06.000Z,lionlifts,-1,"リクエスト多かった週3筋トレ🏋🏻‍♀️

参考になったらセーブしてね💾

自分のライススタイルに合ったプログラム？わたすが作ります🫡
詳細はプロフィールのリンクから💖",0,https://www.instagram.com/p/DZmXSS-TKoR/
2026-05-28T09:21:57.000Z,yuna_kirei,170,"Qoo10メガ割4つ目のコラボは
「canteen9と3回目のV酵素コラボ😍✨」！！

@canteen9_jp 

私は日頃から、美容と健康のために
食生活には気を遣っていますが、
インナーケアについてもとても大切だと考えています🥹👌

その中でも「V酵素」は、
私がインナービューティーにハマる
きっかけになったサプリであり、

初めて使った日からその効果に驚かされ、
私のインナービューティーに対する概念が変わりました！

V酵素の好きなところは、
「効果の即効性」と「続けやすい美味しさ」です😳

美しくいたいけど、美味しいものを我慢するのは嫌。
そんな私のわがままを叶えてくれるのがV酵素。

V酵素のおかげでダイエットが辛いものでは無くなり、
外食や旅行、今までなるべく避けていた
麺やパンなどの小麦製品も、
我慢しすぎに楽しめるようになりました😋✨

今では私の毎日欠かせないルーティンになっています😋♪

そんな大好きなV酵素から、
新フレーバー発売のお話をいただいたタイミングで、
canteen9の担当者さんが私のせいろレシピ発信を
見てくださっていたことがきっかけとなり、
今回フレーバープロデュースのお声がけをいただきました😳✨

「自分の好き」と「普段発信していること」が
こうして繋がったことが本当に嬉しくて、
人生でこんなにワクワクしたのは
初めてかもしれないと思うくらい、
喜んでお引き受けさせていただきました😭💓✨

私がインナービューティーアイテムを選ぶ上で、
すごく大切にしているのが “美味しさ” です🥹

どれだけ身体に良くても、
美味しくなければ毎日は続けられない。

だから私の中では、「味」は効果と同じくらい、
もしかしたらそれ以上に大事なポイントかもしれません！

美味しくないサプリを飲む時間って、
正直ちょっと苦痛になってしまうけど

味が美味しいだけで、
インナーケアの時間そのものが毎日の楽しみになると思っています🤭💓

もともとのV酵素のバナナ味も本当に大好きで、
バナナクッキーのような優しい甘さと香りがお気に入りでした🍌🍪

その世界観に合う新しいフレーバーを考えた時、
真っ先に思い浮かんだのが「アールグレイ」でした🫖

実際に工場見学にも行かせていただき、
何度も試食とフィードバックを重ねながら、
細かい香りや甘さのバランスまで一緒に調整して、
ようやく納得のいくアールグレイ味が完成しました😭👏✨

口に入れた瞬間にふわっと広がるアールグレイの香りと、
まるでアールグレイクッキーのような優しい甘さ🤤🍪

食後のデザート感覚で楽しめるような、そんなフレーバーになっています😋

ぜひ、沢山の方に新しいV酵素のアールグレイ味を
楽しんでいただけたら嬉しいです🫖💓

#pr #Qoo10メガ割 #メガ割 #メガ割コラボ",7,https://www.instagram.com/p/DY4H3gHJBMQ/
2026-06-15T09:32:44.000Z,saiko.relax,60,"放っておいたらあかん！肩甲骨問題⚠️

•*¨*•.¸¸☆*･ﾟ

⁡
サロン歴18年、これまでに約1万人以上の施術経験あり！
＼  たなか さいこ ／です🙋‍♀️

🔻フォローミー​ ​​🔻
 @​𝘀𝗮𝗶𝗸𝗼.𝗿𝗲𝗹𝗮𝘅
⁡
⁡
いいね･保存もお願いします！
⁡
⁡
✰⋆｡:ﾟ･*☽:ﾟ･⋆｡✰⋆｡:ﾟ･*☽:ﾟ･⋆｡✰⋆｡:ﾟ･*☽
⁡
人生𝟭回‼️
全ては自分次第！
思いっきり楽しもう
✨*｡٩(ˊᗜˋ*)و✨*｡
⁡
✰⋆｡:ﾟ･*☽:ﾟ･⋆｡✰⋆｡:ﾟ･*☽:ﾟ･⋆｡✰⋆｡:ﾟ･*☽
⁡
⁡
​🔻フォローミー​ ​​🔻
 @​𝘀𝗮𝗶𝗸𝗼.𝗿𝗲𝗹𝗮𝘅
 
#リラクゼーションマッサージ
#ボディケアスクール
#セラピスト養成講座
#セラピスト起業
#リラクゼーションサロン
集客力アップ
集客サポート",0,https://www.instagram.com/p/DZmgHOkAohL/
2026-06-15T02:13:12.000Z,teppei__hair,8,"🌟この色は僕にしか作れません♡.

ご予約はプロフィールのURLもしくはDMにて受け付けています◎
.
❌の場合はDMにてお問い合わせください！
.
. 
🌟他のサロンでは再現不可な
#くすみカラー　が大人気
.
🌟投稿の画像はブリーチありorなしダブルカラーのため、【ダブルカラー】クーポンを選択して下さい。
※髪質抜け具合によりブリーチプラスで必要な場合もございます
.
.
🌟ブリーチなしカラーに限らずカラー全般得意です◎
.
⭐️地毛を5トーンとしての表記になっています！
ブリーチなしのカラーは基本少し暗めな設定になっています！より明るくしたい方はブリーチがおすすめです！
.
.
.
#ブリーチなしグレージュ #ブリーチなしダブルカラー",7,https://www.instagram.com/p/DZlt-feiYlU/
2026-06-15T02:26:08.000Z,teppei__hair,68,"🌟この色は僕にしか作れません♡.

ご予約はプロフィールのURLもしくはDMにて受け付けています◎
.
❌の場合はDMにてお問い合わせください！
.
. 
🌟他のサロンでは再現不可な
#くすみカラー　が大人気
.
🌟投稿の画像はブリーチありorなしダブルカラーのため、【ダブルカラー】クーポンを選択して下さい。
※髪質抜け具合によりブリーチプラスで必要な場合もございます
.
.
🌟ブリーチなしカラーに限らずカラー全般得意です◎
.
⭐️地毛を5トーンとしての表記になっています！
ブリーチなしのカラーは基本少し暗めな設定になっています！より明るくしたい方はブリーチがおすすめです！
.
.
.
#ブリーチなしグレージュ #ブリーチなしダブルカラー",75,https://www.instagram.com/p/DZlu1w4JHPO/
2026-06-14T20:05:02.000Z,fitonomyapp,2942,"End your day with these simple moves to help your body relax before sleep. 🌙

A few minutes of stretching and activation can reduce tension, improve circulation, and help you wake up feeling better.
Save this for tonight and make it part of your bedtime routine.

📲 Download @fitonomyapp or follow for more fitness and mobility tips.

#kneetochest #glutebridge #legsupthewall #mobilityroutine #betterroutine",2,https://www.instagram.com/p/DZlD8Q6FlIB/
2026-06-15T10:05:07.000Z,fitonomyapp,156,"Small desk adjustments can make a big difference.

Keep your screen near eye level, feet flat, shoulders relaxed, and lower back supported to reduce strain and improve comfort.

#deskposture #ergonomics #posturetips #workplacewellness #fitonomy",1,https://www.instagram.com/p/DZmj9JEAXLG/
2026-06-15T10:47:09.000Z,bamli.tokyo,-1,"ルルルンの大人気ハイドラシリーズから
新しくでたマスクがすごい✨

1mlあたり約1億個のCICAエクソソーム※1と
純度を極めたCICAの核心成分マデカッソシド※2を贅沢にダブル配合してる！

独自の収静ケア＊で
トラブルを起こしがちな肌をスッと落ち着かせて、おだやかに整えるよ🙆‍♀️

乾燥による毛穴目立ちをケアして、しっとり整った肌に！

ドンキ限定で発売されているから近くの店舗で絶対ゲットして💨

※1 整肌成分：ツボクサ葉エキス
※2 整肌成分：マデカッソシド
＊ 肌をすこやかに保つこと

@lululun_jp
#PR #ルルルン #肌荒れ #パック #CICA",0,https://www.instagram.com/p/DZmovoYSfNw/
2026-06-15T01:01:43.000Z,demicstory,9536,🛑 Single Arm Dumbbell Row Mistakes You Should Avoid,5,https://www.instagram.com/p/DZlltlRjJTH/
2026-06-14T22:18:09.000Z,demicstory,-1,"🔥💪 Train Your Entire Back With These Dumbbell Moves

💡 Control every rep and focus on full range of motion for better back activation.

Sets & Reps Per Week
✔ Upright Dumbbell Shrugs — 3–4 sets × 10–15 reps
✔ Forward-Leaning Shrugs — 3–4 sets × 10–12 reps
✔ Straight-Arm Dumbbell Rows — 3–4 sets × 8–12 reps
✔ Dumbbell Deadlifts — 3–4 sets × 6–10 reps
📅 Train back 1–2 times per week.

Save this and come back stronger. 💪",10,https://www.instagram.com/p/DZlS39Tu99X/
2026-06-16T09:44:59.000Z,saiko.relax,40,"ハッタリかまして、人生動いた話し🤫‼️

•*¨*•.¸¸☆*･ﾟ

⁡
サロン歴18年、これまでに約1万人以上の施術経験あり！
＼  たなか さいこ ／です🙋‍♀️

🔻フォローミー​ ​​🔻
 @​𝘀𝗮𝗶𝗸𝗼.𝗿𝗲𝗹𝗮𝘅
⁡

いいね･保存もお願いします！
⁡
⁡
✰⋆｡:ﾟ･*☽:ﾟ･⋆｡✰⋆｡:ﾟ･*☽:ﾟ･⋆｡✰⋆｡:ﾟ･*☽
⁡
人生𝟭回‼️
全ては自分次第！
思いっきり楽しもう
✨*｡٩(ˊᗜˋ*)و✨*｡
⁡
✰⋆｡:ﾟ･*☽:ﾟ･⋆｡✰⋆｡:ﾟ･*☽:ﾟ･⋆｡✰⋆｡:ﾟ･*☽
⁡
⁡
​🔻フォローミー​ ​​🔻
 @​𝘀𝗮𝗶𝗸𝗼.𝗿𝗲𝗹𝗮𝘅
 
#リラクゼーションマッサージ
#ボディケアスクール
#セラピスト養成講座
#セラピスト起業
#リラクゼーションサロン
集客力アップ
集客サポート",0,https://www.instagram.com/p/DZpGV9pgD5P/
2026-06-16T08:01:34.000Z,hiitmefit,57,"驚くほどスッキリする🤩−10歳✨後ろ姿👍✨

👉腕の付け根をスッキリ！巻き肩&猫背予防にも❣️

①ワイドで裏表
足を大きく開いてスクワット→腰を低くしたまま後ろに手を伸ばして手のひらを裏表にする。肩甲骨の内側が締まるように👌できる人は爪先を立ててやってみて！もっと入りやすくなるよ！

②上体を倒して裏表
上体を前傾に倒して爪先を交互に立てる→お尻を突き出しながら手を後ろに伸ばして裏表にかえす。背中側の腕の横に隙間ができるよ🤩👍✨

③肘を掴んでぐるん
両肘を掴んで身体をまわす。上向きラインをゆっくり、下はゴロンとながれるように👌✨脇の下、二の腕を伸ばしてみて！

#うで
#エクササイズ 
#巻き肩",0,https://www.instagram.com/p/DZo5ctHyXAv/
2026-06-16T10:52:46.000Z,g.tail_wellness,5,"スラっと縦に長い「美脚」を目指す女性へ、ジムの重いマシンは必要ありません。

自宅で完結する、
プロ厳選の脚トレ全7種目を授けます！

どれも「前もも」を無駄に張らせず、
お尻や裏ももなど「本来使うべき筋肉」を
しっかり目覚めさせるための厳選メニューです

今日からすぐに見直してマネできるように、
右側の【保存マーク】を押して
リストに入れておいてくださいね！

ーーー

【自宅で完結！プロ厳選・美脚メイク7種目】

① ワンレッグ・ヒップリフト（左右20回）
お尻の筋肉で骨盤をグッと押し上げる意識で。腰は反らないこと！

② ファイヤー・ハイドラント（左右20回）
体幹はブレさせず、お尻の横の筋肉だけを使って脚を開きます。

③ スタッガードスクワット（左右15回）
前脚にしっかり体重を乗せ、お尻を後ろに引くようにしゃがむのがコツ。

④ バックランジ（左右15回）
上半身を少し前傾させると、前脚のお尻と裏ももにバッチリ効きます。

⑤ サイドランジ（左右15回）
踏み出した脚の股関節に、ドシッと体重を乗せて深くしゃがみましょう。

⑥ T字バランシング（左右10回）
体幹の「安定」が鍵！頭から浮かせた足先まで一直線をキープします。

⑦ ランディング・ブルガリアン・スクワット（左右10回）
最後の追い込み。後ろ脚は添えるだけ、前脚のお尻で全身をコントロール！

ーーー

■ 今日のアクションプラン

まずは今日、1種目からでもOKです。
自分の体重を正しくコントロールする感覚を
掴んでいきましょう！

【🚨頑張る「宅トレ」が報われないアラフォー女性へ】

自宅で筋トレやストレッチを続けているのに、
なかなか体型が変わらない…。

そんなあなたの
宅トレの成果を一気に「爆増」させるノウハウが、
私が提唱する『G-Method』です

回数をこなす気合や根性に�",0,https://www.instagram.com/p/DZpOFzwiego/
2026-06-15T12:28:04.000Z,teppei__hair,47,"🌟この色は僕にしか作れません♡.

ご予約はプロフィールのURLもしくはDMにて受け付けています◎
.
❌の場合はDMにてお問い合わせください！
.
. 
🌟他のサロンでは再現不可な
#くすみカラー　が大人気
.
🌟投稿の画像はブリーチありorなしダブルカラーのため、【ダブルカラー】クーポンを選択して下さい。
※髪質抜け具合によりブリーチプラスで必要な場合もございます
.
.
🌟ブリーチなしカラーに限らずカラー全般得意です◎
.
⭐️地毛を5トーンとしての表記になっています！
ブリーチなしのカラーは基本少し暗めな設定になっています！より明るくしたい方はブリーチがおすすめです！
.
.
.
#ブリーチなしグレージュ #ブリーチなしダブルカラー",49,https://www.instagram.com/p/DZm0SSPpyBO/
2026-06-16T10:18:44.000Z,fitonomyapp,741,"Inner thighs not developing?

If your inner thighs lack shape, your training may be missing proper loading, range, and stability work.

Targeting the right positions leads to better development and control.
Start training smarter with @fitonomyapp

#innerthighs #adductors #legworkout #sumosquat #legpress",0,https://www.instagram.com/p/DZpMzLHx9bk/
2026-06-16T02:07:48.000Z,teppei__hair,34,"🌟この色は僕にしか作れません♡.

ご予約はプロフィールのURLもしくはDMにて受け付けています◎
.
❌の場合はDMにてお問い合わせください！
.
. 
🌟他のサロンでは再現不可な
#くすみカラー　が大人気
.
🌟投稿の画像はブリーチありorなしダブルカラーのため、【ダブルカラー】クーポンを選択して下さい。
※髪質抜け具合によりブリーチプラスで必要な場合もございます
.
.
🌟ブリーチなしカラーに限らずカラー全般得意です◎
.
⭐️地毛を5トーンとしての表記になっています！
ブリーチなしのカラーは基本少し暗めな設定になっています！より明るくしたい方はブリーチがおすすめです！
.
.
.
#ブリーチなしグレージュ #ブリーチなしダブルカラー",64,https://www.instagram.com/p/DZoSJ6DgQmL/
2026-06-15T18:27:14.000Z,fitzzapp,592,"Shoulder workout from Every Angle ☑️ by @fitzzapp 
.
FITZZ – Your All-in-One Fitness Companion
.
Available on Google play and App Store 
.
#fitness #bodybuilding #homeworkout #gym #shoulderworkout",2,https://www.instagram.com/p/DZndckcjhRO/
2026-06-15T18:00:12.000Z,fitonomyapp,2460,"Unstable ankles? Fix this.

If your ankles feel unstable, you need to strengthen them in all directions. These simple band exercises improve control, balance, and mobility.

Strength. Control. Stability.
 Move better with @fitonomyapp

#ankles #anklestability #mobility #rehab #dorsiflexion",4,https://www.instagram.com/p/DZnabU6llAR/
2026-06-15T12:10:34.000Z,rii_chokatsu_sweets,264,"米粉ブルッキーのレシピ👇

••••••••••••••••••••••••••••••••••••••

@rii_chokatsu_sweets

このアカウントは、
絶対ふけたくないアラフォー3児ママが
罪悪感０のグルテンフリースイーツを発信🫧

••••••••••••••••••••••••••••••••••••••

こんばんは🌙
りいです🫰🏻

【アラフォーママのための米粉ブルッキー🤎】

健康や美容のために、
食べるものを見直したい🥹

でも、おやつの時間も楽しみたい✨

そんな時に作りたいのが
海外で話題の【米粉ブルッキー】🍪🍫

ブラウニーのしっとり感と
クッキーのザクザク感を
一度に楽しめる贅沢スイーツです🤎

しかも、

✔︎ 小麦粉ではなく米粉
✔︎ 牛乳ではなく豆乳
✔︎ オートミール入り

だから、グルテンフリーを
意識している方にもおすすめ🌾

オートミールの食物繊維もプラスできて、
毎日のおやつ時間をもっと心地よく☺️

年齢を重ねるほど、
何を食べるかが未来の自分をつくる。

だから私は、
我慢ではなく「選ぶ」を大切にしています✨

健康も美容も諦めたくないアラフォーママは、
ぜひ保存して作ってみてね🤎

━━━━━━━━━━━━━━━

こんな人におすすめ✨

☑ 腸活を始めたい
☑ ダイエット中でも甘いものが食べたい
☑ 高タンパクなおやつを探している
☑ グルテンフリースイーツが好き

━━━━━━━━━━━━━━━

次回は【生ガトーショコラ】🍫
フォローして待っててね🤎

⸻

材料・レシピはコメント欄へ👇

⸻

@rii_chokatsu_sweets

このアカウントは、
絶対ふけたくないアラフォー3児ママが
罪悪感０のグルテンフリースイーツを発信🫧

#グルテンフリー 
#簡単おやつ 
#腸活スイーツ 
#ヘルシーおやつレシピ 
#ブルッキー",1,https://www.instagram.com/p/DZmyPGYz3qI/
2026-06-15T15:18:58.000Z,lesi.fit,10287,"Your future abs will thank you 👀🔥

Build strength, stability & definition with the Core Build program inside @elvt.app

Link in bio 🔗

#absworkout #coreworkout #fitnesstips #strongcore #abtraining",57,https://www.instagram.com/p/DZnH0S5NsCb/
2026-06-16T10:19:54.000Z,lesi.fit,3801,left a piece of my heart here ❤️🇮🇹,34,https://www.instagram.com/p/DZpKeJ-jShb/
2026-06-16T10:51:50.000Z,bamli.tokyo,-1,"これマジで香り良すぎる💓💓

#香水#ハンドウォッシュ#ヘアミスト
#ニュクスプロディジューフローラルオイル #ディオール",0,https://www.instagram.com/p/DZpOH-dElJG/
2026-06-15T13:44:08.000Z,demicstory,18505,🔥 Full-Body Chair Workout You Can Do at Home,42,https://www.instagram.com/p/DZm87I0keOp/
2026-06-15T13:17:03.000Z,demicstory,10468,🔥 The Right Way to Do Lat Pulldowns – No More Mistakes.,9,https://www.instagram.com/p/DZm50aZASn8/
2026-06-16T14:05:45.000Z,saiko.relax,58,"腰が痛くてそれへん人を3分で改善！その後、5万円の回数券になった理由‼️
知りたい人は神セラピスト育成セミナーへ！",0,https://www.instagram.com/p/DZpkSbegEvx/
2026-06-17T09:44:40.000Z,saiko.relax,48,"ストレートネック‼️首ばっかり揉んでへん？

•*¨*•.¸¸☆*･ﾟ

⁡
サロン歴18年、これまでに約1万人以上の施術経験あり！
＼  たなか さいこ ／です🙋‍♀️

🔻フォローミー​ ​​🔻
 @​𝘀𝗮𝗶𝗸𝗼.𝗿𝗲𝗹𝗮𝘅
⁡

⁡
いいね･保存もお願いします！
⁡
⁡
✰⋆｡:ﾟ･*☽:ﾟ･⋆｡✰⋆｡:ﾟ･*☽:ﾟ･⋆｡✰⋆｡:ﾟ･*☽
⁡
人生𝟭回‼️
全ては自分次第！
思いっきり楽しもう
✨*｡٩(ˊᗜˋ*)و✨*｡
⁡
✰⋆｡:ﾟ･*☽:ﾟ･⋆｡✰⋆｡:ﾟ･*☽:ﾟ･⋆｡✰⋆｡:ﾟ･*☽
⁡
⁡
​🔻フォローミー​ ​​🔻
 @​𝘀𝗮𝗶𝗸𝗼.𝗿𝗲𝗹𝗮𝘅
 
#リラクゼーションマッサージ
#ボディケアスクール
#セラピスト養成講座
#セラピスト起業
#リラクゼーションサロン
集客力アップ
集客サポート",0,https://www.instagram.com/p/DZrrG3HAmtz/
2026-06-17T09:55:10.000Z,pt_kettyo,33,"家でできる！お尻のストレッチ
@pt_kettyo

こんにちは！
ピラティススタジオlulutoの戸田です☺️

お尻のストレッチで
・伸び感がない
・股関節に効かない
そんな方はいませんか？💡

スタジオだけでなく、
家でのセルフケアも積み重ねることで
身体は少しずつ変わっていきます💡

お尻が硬い方は
ぜひ試してみてください！

保存してぜひ参考にしてみてください！

詳しい動きは
動画を保存してチェックしてみてください☺️

他の投稿はここから
🔻
@pt_kettyo
※本アカウント内の投稿内容は
あくまで個人の見解です。

＝＝＝＝＝＝＝＝＝＝＝＝＝
ピラティススタジオluluto 代表
戸田　圭哉

大学卒業後、理学療法士として東京の病院で勤務
その後「ピラティス」に出会い人生が変わる

パーソナルトレーナーを経て、
2022年3月に「ピラティススタジオluluto」をOPEN！

2026年2月には国内外98店舗も展開するチェーン店へ拡大させる

🔻ルルトのインストラクター採用に興味がある方はこちらのアカウントもチェック
@luluto_recruit

今はスタジオ運営と同時にピラティスで
体も心も健康に！をテーマにPHIピラティスマスタートレーナーとして
「ピラティスインストラクター養成コース」も開講中

🔻養成コースが気になる方はこちらへDMを
📩@pt_kettyo
＝＝＝＝＝＝＝＝＝＝＝＝＝",0,https://www.instagram.com/p/DZrsfdMBJks/
2026-06-16T12:09:30.000Z,teppei__hair,29,"🌟この色は僕にしか作れません♡.

ご予約はプロフィールのURLもしくはDMにて受け付けています◎
.
❌の場合はDMにてお問い合わせください！
.
. 
🌟他のサロンでは再現不可な
#くすみカラー　が大人気
.
🌟投稿の画像はブリーチありorなしダブルカラーのため、【ダブルカラー】クーポンを選択して下さい。
※髪質抜け具合によりブリーチプラスで必要な場合もございます
.
.
🌟ブリーチなしカラーに限らずカラー全般得意です◎
.
⭐️地毛を5トーンとしての表記になっています！
ブリーチなしのカラーは基本少し暗めな設定になっています！より明るくしたい方はブリーチがおすすめです！
.
.
.
#ブリーチなしグレージュ #ブリーチなしダブルカラー",43,https://www.instagram.com/p/DZpW-m_JaG7/
2026-06-16T19:40:17.000Z,fitzzapp,91,"Rope Pull Variations ☑️ by @fitzzapp 
.
FITZZ – Your All-in-One Fitness Companion
.
Available on Google play and App Store 
.
#fitness #bodybuilding #homeworkout #gym #shoulderworkout",1,https://www.instagram.com/p/DZqKfppOvCF/
2026-06-17T10:51:01.000Z,fitonomyapp,443,"Feeling RDLs in your lower back?

If you feel Romanian deadlifts more in your lower back than your glutes, your hinge mechanics and positioning need adjustment.

Proper technique shifts the load from your lower back to your glutes.
Build smarter with @fitonomyapp

#glutes #rdl #hiphinge #lowerbody #formcheck",0,https://www.instagram.com/p/DZr1GqMxQO0/
2026-06-16T16:58:55.000Z,lesi.fit,9251,The first chapter of our Italian journey 🇮🇹🏛️,93,https://www.instagram.com/p/DZp4IlqDYP7/
2026-06-16T14:44:44.000Z,fitonomyapp,2584,"High heels may look stylish, but wearing them for long periods can increase pressure on your toes, shorten the calves, and shift your posture forward. 👠

Limit wearing time, choose lower heels when possible, stretch your calves and feet, and use supportive shoes regularly.

Occasional wear is usually manageable—comfort and moderation matter.

#highheels #foothealth #posturetips #calfstretch #healthyfeet",44,https://www.instagram.com/p/DZpoxvcFqYV/
2026-06-17T01:09:27.000Z,teppei__hair,39,"🌟この色は僕にしか作れません♡.

ご予約はプロフィールのURLもしくはDMにて受け付けています◎
.
❌の場合はDMにてお問い合わせください！
.
. 
🌟他のサロンでは再現不可な
#くすみカラー　が大人気
.
🌟投稿の画像はブリーチありorなしダブルカラーのため、【ダブルカラー】クーポンを選択して下さい。
※髪質抜け具合によりブリーチプラスで必要な場合もございます
.
.
🌟ブリーチなしカラーに限らずカラー全般得意です◎
.
⭐️地毛を5トーンとしての表記になっています！
ブリーチなしのカラーは基本少し暗めな設定になっています！より明るくしたい方はブリーチがおすすめです！
.
.
.
#ブリーチなしグレージュ #ブリーチなしダブルカラー",64,https://www.instagram.com/p/DZqwRV6gUYi/
2026-06-16T22:17:41.000Z,daiki_core_trainer.27,550,"@daiki_core_trainer.27 動ける体づくりの発信
田中大輝です！
姿勢・体型（ダイエット）
パフォーマンスアップ
全てにおいて解決できます。
そして他では聞けない
レベルまで深掘り解説してます！
※コメント全て返信します👍
ーーーーーーーーーーーーーーーーー
腰を反って胸を張る。
それ、姿勢が良いんじゃなくて ただ腰を反らせてるだけかもしれません。
本当に動かしたいのは背中の上部。
胸椎が動かないと 肩は前に巻きやすくなり 首は詰まり、呼吸も浅くなります。
腰が痛い人ほど もっと反るのではなく 胸椎を動かす練習をしてください。
猫背、巻き肩、浅い呼吸が気になる人は まずこの動きから。
ーーーーーーーーーーーーーーーーー
店舗はトレーニング未経験や
運動が苦手な人でも安心してできます。
□姿勢＆体幹LAB ReSET
岡山県岡山市北区今保199-3レンタルスタジオMei
予約・問い合わせはDMからお願いします。",5,https://www.instagram.com/p/DZqcfJxTcVQ/
2026-06-16T13:27:00.000Z,demicstory,12535,🦵🔥 Knee Pain? 3 Exercises That Make Your Knees Stronger & More Stable,22,https://www.instagram.com/p/DZpfwLrgBk6/
2026-06-16T14:13:20.000Z,demicstory,12632,"🔥 5 Exercises for a Stronger Upper Body

Build pulling strength and stronger arms with:
Hammer Curls, Close-Grip Lat Pulldown, Wide-Grip Lat Pulldown, Seated Cable Row & Face Pulls.

Targets:
• BICEPS
• LATS
• UPPER BACK
• MIDDLE BACK
• UPPER TRAPS

Use controlled reps, full range of motion, and strict form for better muscle activation. Rest 60s between sets and focus on progressive overload.

Save this and come back stronger.💪",7,https://www.instagram.com/p/DZplIMEDrhl/
2026-06-17T10:41:29.000Z,bamli.tokyo,-1,"マツキヨのこれ優勝すぎる✨✨

#マツキヨ#マツキヨ購入品#ドラッグストア
#セラミド配合化粧水#クールファブリックスプレー",0,https://www.instagram.com/p/DZrxvFPkqQ6/
2026-06-16T12:05:11.000Z,bodymakefumie,252,"これ
すんなりできるようになったら　
もう脚やせは近い！

それ位大事。

あなたはできるかな？
　
　
　
・・・・・　
　

下半身痩せにとって必須の
足裏アーチ。 

『足裏アーチ復活3日間チャレンジ』
をLINEから配信しています！　

プロフィール欄のリンクから
LINEに登録していただくと
動画配信されます！　

こちらから
↓
@bodymakefumie",2,https://www.instagram.com/p/DZpWkG0B6SH/
2026-06-18T04:29:01.000Z,hiitmefit,61,"脂肪燃焼だけじゃない‼️スタイルアップで美しく❤️✨

👉40代からは動くより、ポイントを意識！

なぜなら美しさを保つ筋肉さえ落ちてきてるから🙈💦

①ひらく動作
手のひらを前に向けて胸を伸ばします。これは腕の運動ではなく背中を引き締める運動なので胴体部を動かします。

🔥重心を前足にキープして脂肪燃焼もアップ🤩👍

②上体を前傾にする
少しお尻を突き上げるように前傾姿勢で軸足のお尻の下を伸ばす。腰が反らないようにお腹も締める。足を上げる運動は軸が基本。軸がブレるとただのカロリー消費。固定しているお尻やお腹を引き締めます👌✨

🔥くびれ、腰肉もスッキリ❣️

③軸足に重心を固定する
動かす足、手以外は固定すると、カクカクノ美しい肩ライン、くび、小顔効果も❤️前傾姿勢を維持して背中も強化👍💫

🔥吸ってひらいて、吐いて閉じる。内臓脂肪もスッキリ🤩

#40代
#ボディメイク
#脂肪燃焼",1,https://www.instagram.com/p/DZtpnB6Sz4b/
2026-06-18T09:57:01.000Z,saiko.relax,50,"反り腰さん！腰だけやないで！

•*¨*•.¸¸☆*･ﾟ

⁡
サロン歴18年、これまでに約1万人以上の施術経験あり！
＼  たなか さいこ ／です🙋‍♀️

🔻フォローミー​ ​​🔻
 @​𝘀𝗮𝗶𝗸𝗼.𝗿𝗲𝗹𝗮𝘅
⁡
⁡
いいね･保存もお願いします！
⁡
⁡
✰⋆｡:ﾟ･*☽:ﾟ･⋆｡✰⋆｡:ﾟ･*☽:ﾟ･⋆｡✰⋆｡:ﾟ･*☽
⁡
人生𝟭回‼️
全ては自分次第！
思いっきり楽しもう
✨*｡٩(ˊᗜˋ*)و✨*｡
⁡
✰⋆｡:ﾟ･*☽:ﾟ･⋆｡✰⋆｡:ﾟ･*☽:ﾟ･⋆｡✰⋆｡:ﾟ･*☽
⁡
⁡
​🔻フォローミー​ ​​🔻
 @​𝘀𝗮𝗶𝗸𝗼.𝗿𝗲𝗹𝗮𝘅
 
#リラクゼーションマッサージ
#ボディケアスクール
#セラピスト養成講座
#セラピスト起業
#リラクゼーションサロン
集客力アップ
集客サポート",0,https://www.instagram.com/p/DZuRUKPgJw-/
2026-06-17T23:07:13.000Z,aya.t_pilates,9,"Home Mat Pilates / Pre-Reformer Warmup ✨

ただ動くのではなく、マシンの効果を最大化するために。
リフォーマーに乗る前の「プレ（準備）」として、胸椎の可動域を広げ、インナーの感度を高める2ステップです。

スタジオに行けない日も、スモールボールがひとつあればご自宅で本格的なスタジオクオリティのワークが可能になります。背骨の1本1本へと意識を深く沈めていきましょう。

⬜️ Step 1
ボールに身を委ねて背骨を滑らかに伸展（そらす）させ、コントロールを保ったまま起き上がる。
アウターの力に頼らず、背骨の解放とコアの連動を同時に引き出します。

⬜️ Step 2
ボールの位置を軸にして、上体を左右へ正確にツイスト。
アンダーバストを絞るように連動させ、リフォーマーのワークに耐えうる深い軸を呼び覚まします。

💡 Perspective
大切なのは、形を真似ることではなく、頭頂を遠くへ引き上げる「エロンゲーション」を失わないこと。
ご自宅でのこのミリ単位の準備が、スタジオでのパフォーマンスと、大人のしなやかな骨格ラインに圧倒的な差をつけます。

本質的な身体の美しさを求める方へ。
次回のスタジオレッスンの前はもちろん、日々のホームワークとして身体の感覚を研ぎ澄ませてみてください。
いつでも見返せるように【保存】してご活用ください。

#ピラティス #マットピラティス #マシンピラティス #リフォーマーピラティス #ピラティスインストラクター",0,https://www.instagram.com/p/DZtGyulShrf/
2026-06-18T09:55:10.000Z,pt_kettyo,39,"スワン｜胸椎伸展が出ない人はまずブックオープン
@pt_kettyo

こんにちは！
ピラティススタジオlulutoの戸田です☺️

スワンで
胸椎伸展が出ない時、
胸椎そのものだけでなく「胸郭の動き」を
確認することも大切です💡

胸椎は肋骨や胸骨と連動して動きます。
そのため、
胸郭の拡張や回旋が出にくい状態では、
胸椎伸展も制限されやすくなります。
そこでおすすめなのが
【ブックオープン】です✨

保存してぜひ参考にしてみてください！

詳しい動きは
動画を保存してチェックしてみてください☺️

他の投稿はここから
🔻
@pt_kettyo
※本アカウント内の投稿内容は
あくまで個人の見解です。

＝＝＝＝＝＝＝＝＝＝＝＝＝
ピラティススタジオluluto 代表
戸田　圭哉

大学卒業後、理学療法士として東京の病院で勤務
その後「ピラティス」に出会い人生が変わる

パーソナルトレーナーを経て、
2022年3月に「ピラティススタジオluluto」をOPEN！

2026年2月には国内外98店舗も展開するチェーン店へ拡大させる

🔻ルルトのインストラクター採用に興味がある方はこちらのアカウントもチェック
@luluto_recruit

今はスタジオ運営と同時にピラティスで
体も心も健康に！をテーマにPHIピラティスマスタートレーナーとして
「ピラティスインストラクター養成コース」も開講中

🔻養成コースが気になる方はこちらへDMを
📩@pt_kettyo
＝＝＝＝＝＝＝＝＝＝＝＝＝",0,https://www.instagram.com/p/DZuRQ6Hhi62/
2026-06-17T19:56:13.000Z,fitzzapp,178,"You have Posture Problems? ☑️ by @fitzzapp 
.
FITZZ – Your All-in-One Fitness Companion
.
Available on Google play and App Store 💪🏻
.
#fitness #bodybuilding #gym #posture",0,https://www.instagram.com/p/DZsxGF4Oou1/
2026-06-17T13:48:56.000Z,teppei__hair,16,"🌟この色は僕にしか作れません♡.

ご予約はプロフィールのURLもしくはDMにて受け付けています◎
.
❌の場合はDMにてお問い合わせください！
.
. 
🌟他のサロンでは再現不可な
#くすみカラー　が大人気
.
🌟投稿の画像はブリーチありorなしダブルカラーのため、【ダブルカラー】クーポンを選択して下さい。
※髪質抜け具合によりブリーチプラスで必要な場合もございます
.
.
🌟ブリーチなしカラーに限らずカラー全般得意です◎
.
⭐️地毛を5トーンとしての表記になっています！
ブリーチなしのカラーは基本少し暗めな設定になっています！より明るくしたい方はブリーチがおすすめです！
.
.
.
#ブリーチなしグレージュ #ブリーチなしダブルカラー",1,https://www.instagram.com/p/DZsHL8liS5K/
2026-06-18T00:54:34.000Z,teppei__hair,35,"🌟この色は僕にしか作れません♡.

ご予約はプロフィールのURLもしくはDMにて受け付けています◎
.
❌の場合はDMにてお問い合わせください！
.
. 
🌟他のサロンでは再現不可な
#くすみカラー　が大人気
.
🌟投稿の画像はブリーチありorなしダブルカラーのため、【ダブルカラー】クーポンを選択して下さい。
※髪質抜け具合によりブリーチプラスで必要な場合もございます
.
.
🌟ブリーチなしカラーに限らずカラー全般得意です◎
.
⭐️地毛を5トーンとしての表記になっています！
ブリーチなしのカラーは基本少し暗めな設定になっています！より明るくしたい方はブリーチがおすすめです！
.
.
.
#ブリーチなしグレージュ #ブリーチなしダブルカラー",63,https://www.instagram.com/p/DZtTRBuhWUa/
2026-06-18T11:03:28.000Z,teppei__hair,3,"🌟この色は僕にしか作れません♡.

ご予約はプロフィールのURLもしくはDMにて受け付けています◎
.
❌の場合はDMにてお問い合わせください！
.
. 
🌟他のサロンでは再現不可な
#くすみカラー　が大人気
.
🌟投稿の画像はブリーチありorなしダブルカラーのため、【ダブルカラー】クーポンを選択して下さい。
※髪質抜け具合によりブリーチプラスで必要な場合もございます
.
.
🌟ブリーチなしカラーに限らずカラー全般得意です◎
.
⭐️地毛を5トーンとしての表記になっています！
ブリーチなしのカラーは基本少し暗めな設定になっています！より明るくしたい方はブリーチがおすすめです！
.
.
.
#ブリーチなしグレージュ #ブリーチなしダブルカラー",15,https://www.instagram.com/p/DZuY_q9J9TV/
2026-06-17T14:58:25.000Z,fitonomyapp,8134,"Cable kickbacks — know the difference.

Angle changes the target.
 Train smarter with @fitonomyapp

#glutes #cablekickbacks #upperglutes #glutemax #glutemedius",13,https://www.instagram.com/p/DZsPI1plsH-/
2026-06-17T13:56:43.000Z,taichi_flexible.body,184,"【2026年後半枠】満員御礼🈵

募集開始からたくさんのお申し込みをいただき、
2026年7月〜12月の対面グループレッスンは全日程満席となりました。

本当にありがとうございます。

現在は【キャンセル待ち】のみ受付しております。

ご希望の方はコメント欄に
「キャンセル待ち」
とご記入ください✉️

※キャンセル待ちは先着順でのご案内となります。
キャンセルが発生した場合に、予約を確約できるモノではございません。

━━━━━━━━━━━━━━━

📍開催場所

恵比寿マウレア
〒150-0021
東京都渋谷区恵比寿西1-10-7
エムエムエス Building 9階

🕒レッスン時間

15:15〜18:00（2時間45分）

・レッスン：15:15〜17:15（2時間）
・質疑応答／自主練習：17:15〜18:00（45分）
※自由参加

💰料金

10,000円（税込）

🎒持ち物

・お水
・動きやすい服装

※ヨガマットやブロックなどの備品はすべて無料でご利用いただけます。

━━━━━━━━━━━━━━━

参加者の体の状態を見ながら進めるグループレッスンです。

お会いできることを楽しみにしております。",9,https://www.instagram.com/p/DZsIE9bk3ZZ/
2026-05-23T10:09:10.000Z,dietgohan_kame,582,グラノーラは太ります🍀*゜,18,https://www.instagram.com/p/DYrWB-wpQms/
2026-06-18T08:51:28.000Z,bamli.tokyo,-1,"ドンキで買って「めっちゃ良い！」ってなったアイテムを
8つに厳選して紹介するね✨

これからの暑くなる季節にぴったりなアイテムもいっぱい！

近くのドンキでチェックしてみて！

#PR #ドンキ #ドンキおすすめ #スキンケア",0,https://www.instagram.com/p/DZuJ8JeElZx/
2026-06-17T22:00:11.000Z,daiki_core_trainer.27,729,"@daiki_core_trainer.27 動ける体づくりの発信
田中大輝です！
姿勢・体型（ダイエット）
パフォーマンスアップ
全てにおいて解決できます。
そして他では聞けない
レベルまで深掘り解説してます！
※コメント全て返信します👍
ーーーーーーーーーーーーーーーーー
ウエイトだけでは、速く動けません。
大事なのは、
脇下から反対側の股関節までの対角線。 肋骨・体幹・股関節がつながることで、
回旋のキレや加速、方向転換が変わります。
力をつけるだけでなく、力の通り道を作ろう。
ーーーーーーーーーーーーーーーーー
店舗はトレーニング未経験や
運動が苦手な人でも安心してできます。
□姿勢＆体幹LAB ReSET
岡山県岡山市北区今保199-3レンタルスタジオMei
予約・問い合わせはDMからお願いします。",7,https://www.instagram.com/p/DZs_fbGzXnW/
2026-06-17T17:03:59.000Z,demicstory,12252,💪 Are You Making These Shoulder Press Mistakes?,10,https://www.instagram.com/p/DZsdYsEiqVR/
2026-06-17T17:08:44.000Z,demicstory,18950,🔥 Are You Training Traps or Hurting Your Neck? Watch This!,61,https://www.instagram.com/p/DZsd7kGgn5P/
2026-06-18T00:57:05.000Z,demicstory,6370,"❌ STOP Doing Every Barbell Row the Same Way

1️⃣ Close Elbows → LATS
2️⃣ Moderate Elbows → LATS & MIDDLE BACK
3️⃣ Wide Elbows → UPPER BACK & TRAPS

Sets & Reps:
• 3–4 Sets Each
• 8–12 Reps
• Train 1–2x Per Week

Control every rep and focus on pulling with the target muscles, not just moving the weight. 🔥

Save this and come back stronger. 💪",17,https://www.instagram.com/p/DZtTh4QCrkA/
2026-06-19T09:27:56.000Z,saiko.relax,101,"あなたのメニュー表は大丈夫？？

•*¨*•.¸¸☆*･ﾟ

⁡
サロン歴18年、これまでに約1万人以上の施術経験あり！
＼  たなか さいこ ／です🙋‍♀️

🔻フォローミー​ ​​🔻
 @​𝘀𝗮𝗶𝗸𝗼.𝗿𝗲𝗹𝗮𝘅
⁡
⁡
いいね･保存もお願いします！
⁡
⁡
✰⋆｡:ﾟ･*☽:ﾟ･⋆｡✰⋆｡:ﾟ･*☽:ﾟ･⋆｡✰⋆｡:ﾟ･*☽
⁡
人生𝟭回‼️
全ては自分次第！
思いっきり楽しもう
✨*｡٩(ˊᗜˋ*)و✨*｡
⁡
✰⋆｡:ﾟ･*☽:ﾟ･⋆｡✰⋆｡:ﾟ･*☽:ﾟ･⋆｡✰⋆｡:ﾟ･*☽
⁡
⁡
​🔻フォローミー​ ​​🔻
 @​𝘀𝗮𝗶𝗸𝗼.𝗿𝗲𝗹𝗮𝘅
 
#リラクゼーションマッサージ
#ボディケアスクール
#セラピスト養成講座
#セラピスト起業
#リラクゼーションサロン
集客力アップ
集客サポート",0,https://www.instagram.com/p/DZwyqNIA76U/
2026-06-19T09:55:10.000Z,pt_kettyo,21,"レッグサークル｜ゲーム要素を取り入れたエクササイズ
@pt_kettyo

こんにちは！
ピラティススタジオlulutoの戸田です☺️

エクササイズを指導していると、
お客様自身は
「何ができていて、何ができていないのか」
が分からないことがあります💡

そんな時におすすめなのが、
『ゲーム要素を取り入れること』
です！

今回のレッグサークルでは、
膝の上に物を乗せて
・落ちたら外旋が抜けている
・落ちなければ維持できている
という状態を作りました。

言葉だけでは伝わりにくいことも、
視覚的なフィードバックがあることで
お客様自身が気づけるようになります✨

レッスンの中に少し遊び心を入れるだけで、
エクササイズの質も楽しさも大きく変わります💡

保存してぜひ指導に活かしてみてください！

詳しい動きは
動画を保存してチェックしてみてください☺️

他の投稿はここから
🔻
@pt_kettyo
※本アカウント内の投稿内容は
あくまで個人の見解です。

＝＝＝＝＝＝＝＝＝＝＝＝＝
ピラティススタジオluluto 代表
戸田　圭哉

大学卒業後、理学療法士として東京の病院で勤務
その後「ピラティス」に出会い人生が変わる

パーソナルトレーナーを経て、
2022年3月に「ピラティススタジオluluto」をOPEN！

2026年2月には国内外98店舗も展開するチェーン店へ拡大させる

🔻ルルトのインストラクター採用に興味がある方はこちらのアカウントもチェック
@luluto_recruit

今はスタジオ運営と同時にピラティスで
体も心も健康に！をテーマにPHIピラティスマスタートレーナーとして
「ピラティスインストラクター養成コース」も開講中

🔻養成コースが気になる方はこちらへDMを
📩@pt_kettyo
＝＝＝＝＝＝＝＝＝＝＝＝＝",0,https://www.instagram.com/p/DZw2GHXhuZ2/
2026-06-18T19:26:36.000Z,fitzzapp,438,"Leg Extensions ☑️ by @fitzzapp 
.
FITZZ – Your All-in-One Fitness Companion
.
Available on Google play and App Store 💪🏻
.
#fitness #bodybuilding #gym #legworkout",0,https://www.instagram.com/p/DZvSehjugBM/
2026-06-18T18:00:10.000Z,fitonomyapp,6599,"Step-ups hurting your knees?

Use code FIT15 for 15% off the yearly plan on @fitonomyapp

You’re doing them wrong.
Fix your setup. @fitonomyapp

#knees #stepups #glutes #legworkout #lowerbody",18,https://www.instagram.com/p/DZvIxr6x_o2/
2026-06-19T01:08:11.000Z,teppei__hair,42,"🌟この色は僕にしか作れません♡.

ご予約はプロフィールのURLもしくはDMにて受け付けています◎
.
❌の場合はDMにてお問い合わせください！
.
. 
🌟他のサロンでは再現不可な
#くすみカラー　が大人気
.
🌟投稿の画像はブリーチありorなしダブルカラーのため、【ダブルカラー】クーポンを選択して下さい。
※髪質抜け具合によりブリーチプラスで必要な場合もございます
.
.
🌟ブリーチなしカラーに限らずカラー全般得意です◎
.
⭐️地毛を5トーンとしての表記になっています！
ブリーチなしのカラーは基本少し暗めな設定になっています！より明るくしたい方はブリーチがおすすめです！
.
.
.
#ブリーチなしグレージュ #ブリーチなしダブルカラー ふ",49,https://www.instagram.com/p/DZv5txUgRXS/
2026-06-18T11:46:04.000Z,taichi_flexible.body,2268,"「横開脚」とコメントで
正しく180度開脚するための解説動画を送ります🎁

実は多くの人が、
内ももばかり伸ばすという間違った方法で頑張っています。

でも、それでは
いつまで経っても180度開脚には近づきません。

本当に大切なのは、
股関節と背骨を正しく使える体を作ること。

このポイントを意識するだけで、
横開脚は驚くほど変わります。

さらに、

✅ お尻のヒップアップ
✅ 股関節のバランス改善
✅ しなやかで動ける身体づくり

にもつながります。

柔軟性は、
ただ「伸ばす」だけでは変わりません。
正しく使える体になること。

これが180度開脚への近道です。

知りたい方は
コメントに**「横開脚」**と入力してください🧘‍♀️

解説動画をお送りします！

@taichi_flexible.body

しなやかで強い身体を作る
Flexible Bodymake

━━━━━━━━━━━━━━━
#横開脚 #開脚 #開脚ストレッチ #股関節ストレッチ #柔軟性アップ #ヨガ #ストレッチ #ボディメイク",2837,https://www.instagram.com/p/DZud39tlPuT/
2026-06-19T08:54:53.000Z,fitonomyapp,358,"Walking barefoot in the park can help strengthen your feet, improve balance, and encourage more natural movement—when done safely. 🌿👣

It may also increase body awareness and sensory input through the feet. Start slowly, choose clean and safe surfaces, and avoid it if you have foot pain, injury, or sensitive feet.

Strong feet support better movement.

#barefootwalking #footstrength #balancetraining #naturalmovement #foothealth",1,https://www.instagram.com/p/DZwvIAkFjr-/
2026-06-18T13:35:21.000Z,taichi_flexible.body,375,"2日間限定でアーカイブ残します！

【🌿 呼吸を深める前屈クラス】

ライブに参加できなかった方も、
復習したい方もぜひご活用ください😊",5,https://www.instagram.com/p/DZuqYt6kxl2/
2026-06-19T10:51:09.000Z,bamli.tokyo,-1,"無印良品で今月買ってよかった商品まとめたよ😁❤️❤️

みんなも無印行ってみてね✨✨

#無印良品#無印購入品 #購入品紹介 
#ひんやりボディミスト#冷凍おにぎり",0,https://www.instagram.com/p/DZw8HU_yYhr/
2025-12-25T11:19:52.000Z,kyokamommy,66,"Merry Xmas🌟

2025.10.29.wed

3080g

今年1番の神様からの贈り物🎁
第二子となる元気な男の子を出産しました🤰

この動画は生後2週間くらいに
思いつきで、セルフで撮影したもので。

すくすく成長中でもうすぐ２ヶ月になります😌

おかげさまで、
のんびりゆっくりとした日々を過ごしております。

赤ちゃんとの暮らしは、
時間も曜日も忘れるくらい
毎日があっとゆうまに過ぎて
今年もあと数日っていう実感もなかなか湧かず笑

ただただ息子たちが元気でいてくれて
嬉しい限り。
(大流行していたインフルも回避㊗️)

4人になった佐野家もよろしくお願いします☺️",0,https://www.instagram.com/p/DSrysFkAZeM/
2026-06-18T14:26:59.000Z,demicstory,6702,"💪 Complete Upper Body Workout With Dumbbells

Targets:
• TRAPS
• CHEST
• SHOULDERS
• BICEPS
• TRICEPS

Sets & Reps:
• 3–4 Sets Each
• 8–12 Reps
• Train 2x Per Week

Focus on controlled reps, full range of motion, and proper form on every exercise for better upper body development. 🔥

Save this and come back stronger. 💪",13,https://www.instagram.com/p/DZuwNb8Egl3/
2026-06-19T00:22:20.000Z,demicstory,12959,"🔥💪 5 Lower Body Exercises You Can Do With Dumbbells

Targets:
• QUADRICEPS
• VASTUS LATERALIS
• INNER THIGHS
• GLUTES & HAMSTRINGS
• GLUTES

Sets & Reps:
• 3–4 Sets Each
• 8–12 Reps
• Train 2x Per Week

Focus on controlled reps, full range of motion, and proper technique on every exercise for better lower body development. 🔥

Save this and come back stronger. 💪",22,https://www.instagram.com/p/DZv0Vt6DPPt/
2026-06-19T00:36:15.000Z,demicstory,13204,"💪 How to Fix Your Bench Press for a Bigger, Stronger Chest",18,https://www.instagram.com/p/DZv1_COj1h3/
2026-06-18T11:34:25.000Z,bodymakefumie,239,"もったいなーい！

立つ時に足指開いて！

普段の意識大事！
　
　
・・・・・　
　

下半身痩せにとって必須の
足裏アーチ。 

『足裏アーチ復活3日間チャレンジ』
をLINEから配信しています！　

プロフィール欄のリンクから
LINEに登録していただくと
動画配信されます！　

こちらから
↓
@bodymakefumie",4,https://www.instagram.com/p/DZucf51z-xr/
2026-06-18T08:44:24.000Z,hinach_workout,11505,"毎日5coreよくできました💮記念に新しい宣材撮ったჱ̒⸝⸝•̀֊•́⸝⸝)

最近、自分がワクワクする理想の身体を
少しずつ更新できていて、すごく嬉しいんだ🥹🤍

SNSを見ていると、
「細い＝可愛い」
「細い＝正解」
そんな価値観が当たり前みたいになっていて、

食べることが怖くなってしまった子。
体重の数字に一喜一憂してしまう子。
自分の身体を責め続けてしまう子。

たくさん見てきたし、
私もその中の1人でした！

でも、誰かの正解じゃなくて、
自分の正解を大切にしたいと思って、
自分の“本当の好き”に向かって頑張ってきた今、
とてもとても心が幸せです。

もちろんSNSでは、この身体でも
「デブ」とか言われることもある😂

でも、そう言っている人たちも
もしかしたらSNSの理想に苦しんでいるのかもしれない。

そんな人たちが私を見て、
「自分の好きなボディでもいいじゃん！」
って思うきっかけになってくれたら嬉しいな☺️

そして昨日もストーリーで話したけど、

「下っ腹だけ何してもペタンコにならない😭」

って悩んでいる人！！！

筋トレだけじゃなくて、
ストレッチやほぐしもとっても大切だよ🥹🙏

反り腰だったり、
骨盤や肋骨の位置が崩れていたりすると、
下っ腹がぽっこり見えやすくなることもあるから🥺

まずは身体を正しい位置に戻してあげること✨

そうすると、力を入れていなくても
下っ腹がスッキリする🫶🤍✨

💄 @leafmoonaion さん♡
📸　@ryo_chin_photography さん

素敵にして下さりありがとうございます🫶🏻",122,https://www.instagram.com/p/DZuJIXTk-FP/
2026-06-20T09:11:28.000Z,saiko.relax,67,"肩こりさんに肩だけ揉んでへん？

•*¨*•.¸¸☆*･ﾟ

⁡
サロン歴18年、これまでに約1万人以上の施術経験あり！
＼  たなか さいこ ／です🙋‍♀️

🔻フォローミー​ ​​🔻
 @​𝘀𝗮𝗶𝗸𝗼.𝗿𝗲𝗹𝗮𝘅
⁡
⁡
いいね･保存もお願いします！
⁡
⁡
✰⋆｡:ﾟ･*☽:ﾟ･⋆｡✰⋆｡:ﾟ･*☽:ﾟ･⋆｡✰⋆｡:ﾟ･*☽
⁡
人生𝟭回‼️
全ては自分次第！
思いっきり楽しもう
✨*｡٩(ˊᗜˋ*)و✨*｡
⁡
✰⋆｡:ﾟ･*☽:ﾟ･⋆｡✰⋆｡:ﾟ･*☽:ﾟ･⋆｡✰⋆｡:ﾟ･*☽
⁡
⁡
​🔻フォローミー​ ​​🔻
 @​𝘀𝗮𝗶𝗸𝗼.𝗿𝗲𝗹𝗮𝘅
 
#リラクゼーションマッサージ
#ボディケアスクール
#セラピスト養成講座
#セラピスト起業
#リラクゼーションサロン
集客力アップ
集客サポート",0,https://www.instagram.com/p/DZzVt2vAxwI/
2026-06-19T14:11:05.000Z,teppei__hair,13,"🌟この色は僕にしか作れません♡.

ご予約はプロフィールのURLもしくはDMにて受け付けています◎
.
❌の場合はDMにてお問い合わせください！
.
. 
🌟他のサロンでは再現不可な
#くすみカラー　が大人気
.
🌟投稿の画像はブリーチありorなしダブルカラーのため、【ダブルカラー】クーポンを選択して下さい。
※髪質抜け具合によりブリーチプラスで必要な場合もございます
.
.
🌟ブリーチなしカラーに限らずカラー全般得意です◎
.
⭐️地毛を5トーンとしての表記になっています！
ブリーチなしのカラーは基本少し暗めな設定になっています！より明るくしたい方はブリーチがおすすめです！
.
.
.
#ブリーチなしグレージュ #ブリーチなしダブルカラー",1,https://www.instagram.com/p/DZxTSc-p4eI/
2026-06-20T00:07:09.000Z,teppei__hair,38,"✨このカラーは僕にしか作れません♡

📌「可愛い！」と思ったら保存してカウンセリングで見せてください◎

こんなお悩みありませんか？👇

♡赤み・オレンジっぽさが気になる
♡ブリーチなしで透明感が欲しい
♡色落ちまで可愛くしたい
♡暗くしたいけど重く見せたくない
♡自分に似合うカラーが分からない
♡ダメージを抑えて綺麗に染めたい

⬆️全てお任せください✨

僕の【くすみグレージュ】は

💎赤みをしっかり消す
💎柔らかく透ける質感
💎色落ちまで綺麗
💎一人一人に合わせたオーダーメイド配合

で作っています◎

⚠️ブリーチなしでできる範囲には限界があります
より透明感を出したい方はダブルカラーがおすすめです✨

📩ご予約はプロフィールURLまたはDMから

DM予約の場合は

①お名前（フルネーム）
②希望メニュー
③ご希望日時（第3希望まで）

を送ってください🙇‍♂️

「自分に似合う色が分からない」

そんな方こそぜひお任せください✨

一人一人に合わせた
“あなただけのグレージュ”
を作ります♡
.
.
#ブリーチなしグレージュ
#ブリーチなしダブルカラー
#くすみカラー",73,https://www.instagram.com/p/DZyXhpKAe9z/
2026-06-19T15:10:01.000Z,fitonomyapp,5172,"Want to grow your glutes at home? 🍑

Use code FIT15 for 15% off the yearly plan on @fitonomyapp

No gym. No excuses. Just results.
Save this and try it today. @fitonomyapp

#gluteworkout #homeworkout #bootyworkout #lowerbody",8,https://www.instagram.com/p/DZxaGztlvq0/
2026-06-20T08:30:11.000Z,fitonomyapp,1511,"How elbow position affects your biceps during curls

Use code FIT15 for 15% off the yearly plan on @fitonomyapp

Same curl. Different results.
Train with control. @fitonomyapp

#biceps #armworkout #gymtips #formcheck",3,https://www.instagram.com/p/DZzRKKYxP3u/
2026-06-20T02:46:44.000Z,bamli.tokyo,-1,"スリコのおすすめアイテム✨✨

#スリコ購入品#スリーコインズ#スリコバズり
#スリココスメ#スリコネイル",0,https://www.instagram.com/p/DZypscpyBjs/
2026-06-19T11:24:25.000Z,kyokamommy,65,"産後７ヶ月が経ったなんて早すぎる🤗

7年ぶりのベビーは、〇ヶ月検診も、予防接種も、全てが懐かしくて、成長がゆっくりなのも泣き声もさほど気にならなくて😂

でも、小学校とベビのタスク合わせると忘れそうにる😇

#生後７ヶ月#育休中",2,https://www.instagram.com/p/DZw9hMJBlyO/
2026-06-19T15:02:55.000Z,demicstory,8710,🔥Push-Up Variations That Target Your Entire Chest,8,https://www.instagram.com/p/DZxZHV7jvMV/
2026-06-20T00:22:56.000Z,demicstory,7526,💪🔥Want Bigger Forearms? Stop Skipping These Exercises,11,https://www.instagram.com/p/DZyZNRqkdtI/
2026-06-19T16:48:10.000Z,demicstory,9880,🚫 Stop Doing Sumo Squats Wrong,27,https://www.instagram.com/p/DZxlKMHgWDx/
2026-06-21T09:31:24.000Z,saiko.relax,82,"放っておいたら危ない！足のトラブル⚠️

•*¨*•.¸¸☆*･ﾟ

⁡
サロン歴18年、これまでに約1万人以上の施術経験あり！
＼  たなか さいこ ／です🙋‍♀️

🔻フォローミー​ ​​🔻
 @​𝘀𝗮𝗶𝗸𝗼.𝗿𝗲𝗹𝗮𝘅
⁡
いいね･保存もお願いします！
⁡
⁡
✰⋆｡:ﾟ･*☽:ﾟ･⋆｡✰⋆｡:ﾟ･*☽:ﾟ･⋆｡✰⋆｡:ﾟ･*☽
⁡
人生𝟭回‼️
全ては自分次第！
思いっきり楽しもう
✨*｡٩(ˊᗜˋ*)و✨*｡
⁡
✰⋆｡:ﾟ･*☽:ﾟ･⋆｡✰⋆｡:ﾟ･*☽:ﾟ･⋆｡✰⋆｡:ﾟ･*☽
⁡
⁡
​🔻フォローミー​ ​​🔻
 @​𝘀𝗮𝗶𝗸𝗼.𝗿𝗲𝗹𝗮𝘅
 
#リラクゼーションマッサージ
#ボディケアスクール
#セラピスト養成講座
#セラピスト起業
#リラクゼーションサロン
集客力アップ
集客サポート",0,https://www.instagram.com/p/DZ18vyIAcH0/
2026-06-21T10:23:07.000Z,hiitmefit,44,"👉ココを解すだけで足が細くなる人も🤩❤️

夕方になると腰が重くなる人やってみて❣️

【腰痛、むくみ、反り腰に効果的】

①正座になる
②片足立てる、爪先を外向き
③体を倒しながら膝を後ろに押す

#ストレッチ 
#むくみ
#腰痛",0,https://www.instagram.com/p/DZ2CRCZy22X/
2026-06-21T09:55:11.000Z,pt_kettyo,50,"フットワークの使い分け、できていますか？
@pt_kettyo

こんにちは！
ピラティススタジオlulutoの戸田です☺️

フットワークはどのマシンでも行える
定番エクササイズですが、
実はマシンごとに目的が異なります💡

今回は4つの種目をご紹介します。
・リフォーマー
・チェア
・タワー
・スタンディング

種目の選択ひとつで、
レッスンの効果は大きく変わります☺️

保存してぜひ指導に活かしてみてください！

詳しい動きは
動画を保存してチェックしてみてください☺️

他の投稿はここから
🔻
@pt_kettyo
※本アカウント内の投稿内容は
あくまで個人の見解です。

＝＝＝＝＝＝＝＝＝＝＝＝＝
ピラティススタジオluluto 代表
戸田　圭哉

大学卒業後、理学療法士として東京の病院で勤務
その後「ピラティス」に出会い人生が変わる

パーソナルトレーナーを経て、
2022年3月に「ピラティススタジオluluto」をOPEN！

2026年2月には国内外98店舗も展開するチェーン店へ拡大させる

🔻ルルトのインストラクター採用に興味がある方はこちらのアカウントもチェック
@luluto_recruit

今はスタジオ運営と同時にピラティスで
体も心も健康に！をテーマにPHIピラティスマスタートレーナーとして
「ピラティスインストラクター養成コース」も開講中

🔻養成コースが気になる方はこちらへDMを
📩@pt_kettyo
＝＝＝＝＝＝＝＝＝＝＝＝＝",0,https://www.instagram.com/p/DZ1_tMYhe9a/
2026-06-20T23:52:34.000Z,teppei__hair,39,"✨このカラーは僕にしか作れません♡

📌「可愛い！」と思ったら保存してカウンセリングで見せてください◎

こんなお悩みありませんか？👇

♡赤み・オレンジっぽさが気になる
♡ブリーチなしで透明感が欲しい
♡色落ちまで可愛くしたい
♡暗くしたいけど重く見せたくない
♡自分に似合うカラーが分からない
♡ダメージを抑えて綺麗に染めたい

⬆️全てお任せください✨

僕の【くすみグレージュ】は

💎赤みをしっかり消す
💎柔らかく透ける質感
💎色落ちまで綺麗
💎一人一人に合わせたオーダーメイド配合

で作っています◎

⚠️ブリーチなしでできる範囲には限界があります
より透明感を出したい方はダブルカラーがおすすめです✨

📩ご予約はプロフィールURLまたはDMから

DM予約の場合は

①お名前（フルネーム）
②希望メニュー
③ご希望日時（第3希望まで）

を送ってください🙇‍♂️

「自分に似合う色が分からない」

そんな方こそぜひお任せください✨

一人一人に合わせた
“あなただけのグレージュ”
を作ります♡
.
.
#ブリーチなしグレージュ
#ブリーチなしダブルカラー
#ラベンダーアッシュ",69,https://www.instagram.com/p/DZ06ky3B6Pv/
2026-06-20T12:07:14.000Z,teppei__hair,54,"✨このカラーは僕にしか作れません♡

📌「可愛い！」と思ったら保存してカウンセリングで見せてください◎

こんなお悩みありませんか？👇

♡赤み・オレンジっぽさが気になる
♡ブリーチなしで透明感が欲しい
♡色落ちまで可愛くしたい
♡暗くしたいけど重く見せたくない
♡自分に似合うカラーが分からない
♡ダメージを抑えて綺麗に染めたい

⬆️全てお任せください✨

僕の【くすみグレージュ】は

💎赤みをしっかり消す
💎柔らかく透ける質感
💎色落ちまで綺麗
💎一人一人に合わせたオーダーメイド配合

で作っています◎

⚠️ブリーチなしでできる範囲には限界があります
より透明感を出したい方はダブルカラーがおすすめです✨

📩ご予約はプロフィールURLまたはDMから

DM予約の場合は

①お名前（フルネーム）
②希望メニュー
③ご希望日時（第3希望まで）

を送ってください🙇‍♂️

「自分に似合う色が分からない」

そんな方こそぜひお任せください✨

一人一人に合わせた
“あなただけのグレージュ”
を作ります♡
.
.
#ブリーチなしグレージュ
#ブリーチなしダブルカラー
#くすみカラー",61,https://www.instagram.com/p/DZzp7uuidFU/
2026-06-21T10:12:10.000Z,teppei__hair,22,"✨このカラーは僕にしか作れません♡

📌「可愛い！」と思ったら保存してカウンセリングで見せてください◎

こんなお悩みありませんか？👇

♡赤み・オレンジっぽさが気になる
♡ブリーチなしで透明感が欲しい
♡色落ちまで可愛くしたい
♡暗くしたいけど重く見せたくない
♡自分に似合うカラーが分からない
♡ダメージを抑えて綺麗に染めたい

⬆️全てお任せください✨

僕の【くすみグレージュ】は

💎赤みをしっかり消す
💎柔らかく透ける質感
💎色落ちまで綺麗
💎一人一人に合わせたオーダーメイド配合

で作っています◎

⚠️ブリーチなしでできる範囲には限界があります
より透明感を出したい方はダブルカラーがおすすめです✨

📩ご予約はプロフィールURLまたはDMから

DM予約の場合は

①お名前（フルネーム）
②希望メニュー
③ご希望日時（第3希望まで）

を送ってください🙇‍♂️

「自分に似合う色が分からない」

そんな方こそぜひお任せください✨

一人一人に合わせた
“あなただけのグレージュ”
を作ります♡
.
.
#ブリーチなしグレージュ
#ブリーチなしダブルカラー
#くすみカラー",50,https://www.instagram.com/p/DZ2BhappBsQ/
2026-06-20T12:32:27.000Z,rii_chokatsu_sweets,370,"🍫 グルテンフリー生ガトーショコラ

••••••••••••••••••••••••••••••••••••••

@rii_chokatsu_sweets

このアカウントは、
絶対老けたくないアラフォー3児ママが
健康と美容につながるグルテンフリースイーツを発信🫧

••••••••••••••••••••••••••••••••••••••

こんばんは🌙
りいです🫶🏻

今日は【生ガトーショコラ】🍫🤎

ガトーショコラって大好きだけど、

「バターや生クリームが気になる…」

そんなことない？🥹

この生ガトーショコラは

✔︎ チョコレート不使用
✔︎ グルテンフリー
✔︎ 高たんぱく
✔︎ レンジで完成

しかも生クリームの代わりに
ギリシャヨーグルトを使うから

濃厚なのに後味は軽やか✨

おやつなのに
たんぱく質も摂れるのが嬉しいポイント🤎

材料5つを混ぜて
レンジで加熱するだけだから

忙しい日のおやつ作りにもぴったり☺️

アラフォーになると、
何を食べるかが未来の自分をつくる。

だから私は、
美味しいだけじゃなく
身体が喜ぶ材料を選びたい✨

グルテンフリースイーツが好きな人
高たんぱくおやつを探している人
健康も美容も大切にしたい人は

ぜひ保存して作ってみてね🫶🏻🍫

━━━━━━━━━━━━━━━

こんな人におすすめ🤍

☑ ガトーショコラが好き
☑ グルテンフリースイーツが好き
☑ 高たんぱくスイーツを探している
☑ ギリシャヨーグルトレシピが知りたい
☑ ヘルシースイーツを作りたい
☑ 美容おやつが好き

━━━━━━━━━━━━━━━

健康と美容につながる
腸活スイーツを発信中🤎

次回は【キャロットケーキ】🥕

フォローして待っててね✨

⸻

材料・レシピはコメント欄へ👇

⸻

@rii_chokatsu_sweets

このアカウントは、
絶対老けたくないアラフ",11,https://www.instagram.com/p/DZzsl1Pz8fy/
2026-06-20T19:12:18.000Z,fitzzapp,893,"You have Posture Problems? ☑️ by @fitzzapp 
.
FITZZ – Your All-in-One Fitness Companion
.
Available on Google play and App Store 💪🏻
.
#fitness #gym #bodybuilding #homeworkout #posturecorrection",0,https://www.instagram.com/p/DZ0acmkOI_h/
2026-06-20T15:10:02.000Z,fitonomyapp,447,"Screens can leave your eyes feeling tired, dry, and strained—but normal screen use is not known to cause permanent eye damage. 👀

The bigger problems are long screen time, reduced blinking, poor lighting, and disrupted sleep. Follow the 20-20-20 rule, blink often, adjust brightness, and take regular breaks.

#eyestrain #bluelight #screenhealth #dryeyes #healthytips",0,https://www.instagram.com/p/DZz-75lFqve/
2026-06-21T08:15:12.000Z,fitonomyapp,1206,"How to fix your dumbbell lateral raise form

Use code FIT15 for 15% off the yearly plan on @fitonomyapp

If you’re not feeling lateral raises in your shoulders, your technique may be shifting the load away from the side delts.

Proper form keeps the tension where it belongs — on your side delts.
Train smarter with @fitonomyapp

#shoulders #lateraldelts #lateralraise",1,https://www.instagram.com/p/DZ10Jt5R_1e/
2026-06-20T12:06:55.000Z,lesi.fit,13248,"gym girl look @bettermestore 
code: LESIFIT 🫧",180,https://www.instagram.com/p/DZzpyg8tnBz/
2026-06-21T02:48:00.000Z,bamli.tokyo,-1,"ドンキ限定✨おすすめ3選✨✨

#ドンキ限定#ドンキ購入品 #スキンケア
#バニラコ#ニードルショット",0,https://www.instagram.com/p/DZ1OjKDyVOg/
2026-06-20T22:55:59.000Z,demicstory,7710,"🔥 Upper Back, Mid Back, or Lower Back? Your Elbows Decide",0,https://www.instagram.com/p/DZ00DJ0E-Pn/
2026-06-20T23:11:56.000Z,demicstory,19315,⚠️🔥 Correct Form vs Wrong Form Explained,19,https://www.instagram.com/p/DZ016y2AumE/
2026-06-20T23:02:03.000Z,demicstory,18261,"✅ Target Upper, Middle & Lower Chest on the Pec Fly Machine",22,https://www.instagram.com/p/DZ00vukD3Io/
2026-06-20T11:53:00.000Z,bodymakefumie,779,"ここほぐして！

足裏から
ふくらはぎまで伸びてる
後脛骨筋

内側の骨のキワね

ここ硬い人
ほぐすと痛い人
多いです！
　
　
・・・・・　
　

下半身痩せにとって必須の
足裏アーチ。 

『足裏アーチ復活3日間チャレンジ』
をLINEから配信しています！　

プロフィール欄のリンクから
LINEに登録していただくと
動画配信されます！　

こちらから
↓
@bodymakefumie",7,https://www.instagram.com/p/DZzoMHHzUUG/
2026-06-20T13:46:12.000Z,bodymakefumie,44,,2,https://www.instagram.com/p/DZz1ODWkzWX/
2026-06-21T00:29:39.000Z,daiki_core_trainer.27,520,"@daiki_core_trainer.27 動ける体づくりの発信
田中大輝です！
姿勢・体型（ダイエット）
パフォーマンスアップ
全てにおいて解決できます。
そして他では聞けない
レベルまで深掘り解説してます！
※コメント全て返信します👍
ーーーーーーーーーーーーーーーーー
よくわからない体のだるさ。 それ、背面の硬さが原因かもしれません。
背中からお尻、もも裏が硬くなると、
背骨や肋骨、骨盤が動かず、
腰や首、肩が無理に頑張ります。
大切なのは、ただ背中を伸ばすのではなく、
背骨を長く保ったまま背中側に呼吸を入れること。
息を吸っても背中が広がらない。 腰が詰まる。肩がすくむ。
そんな人ほど、やる価値しかありません。 体のだるさを気合でごまかさず、
ぜひ試してみてください。
ーーーーーーーーーーーーーーーーー
店舗はトレーニング未経験や
運動が苦手な人でも安心してできます。
□姿勢＆体幹LAB ReSET
岡山県岡山市北区今保199-3レンタルスタジオMei
予約・問い合わせはDMからお願いします。",4,https://www.instagram.com/p/DZ0-QFmT6I4/
2026-03-07T22:53:24.000Z,shingo.39.39,2171,"脳は「心地よいこと」しか続かない
情動回路と意識理論から見た習慣形成の本質 

多くの人は 「努力が続かないのは意志が弱いからだ」 と考えている。

しかし神経科学の観点では、この理解は正確ではない。
人間の脳はそもそも心地よいことしか長期的には継続できない構造になっている。
これは精神論ではなく、神経回路の設計によるものである。

習慣はドーパミン報酬系で決まる脳には報酬系（reward system）と呼ばれる回路が存在する。

主な中枢は
・腹側被蓋野（VTA） ・側坐核（Nucleus Accumbens） ・前頭前野
で構成されている。

この回路では、 快感・期待・達成感が生じるとドーパミンが放出される。
重要なのはここである。

ドーパミンは「快感物質」ではなく行動を再実行させる学習信号として働く。

つまり脳は快い行動を自動的に繰り返すよう学習する
のである。

意志ではなく「情動」が行動を決める
さらに重要なのは行動の最初の決定は理性ではなく情動回路で行われている点である。

脳の進化構造を見ると
1. 情動系（扁桃体・辺縁系）
2. 意識系（前頭前野）
の順に処理が起こる。

つまり
感じる → その後に考える
という順序になっている。

心は扁桃体から生まれる
近年の情動神経科学では情動が意識の基盤である
という考えが広がっている。
その中心にあるのが扁桃体（amygdala）である。

扁桃体は
・恐怖 ・安心 ・快 ・嫌悪
などの基本情動を生成する中枢である。

この情動状態が
身体感覚 内分泌 神経活動
を変化させ、その結果として
「心の状態」が形成されると考えられている。

意識は脳のダイナミックネットワークから生まれる
さらに意識研究ではDynamic Core Theory（ダイナミックコア理論）が提唱されている。

この理論では意識とは特定の場所ではなく
脳全体の動的ネットワーク活動から生まれるとされる。

つまり
情動回路 感覚野 記憶 前頭前野
が瞬間的に結びつくことで意識の中心（ダイナミックコア）が形成される。

心地よさは「脳の統合状態」を生む
ここで重要な点がある。

心地よい状態では
・扁桃体の過剰反応が低下 ・前頭前野が安定 ・自律神経が整う

結果として脳ネットワークの統合度が上がる
ことが知られている。
この状態は神経科学では高い統合情報状態
とも呼ばれる。

だから人は心地よい行動しか続かない
結論はシンプルである。
脳は快い情動状態を生む行動だけを強化する
よう設計されている。

努力とは
「苦しいことを続けること」
ではない。

本質は
「脳が快と感じる状態を作ること」
なのである。

他の投稿はこちら
↓
@shingo.39.39 

#純粋意識 #苦行 #脳科学 #脳 
#楽しい #快 #習慣 #続ける #成功 
#目標 #目標達成 #コーチング #ドーパミン 
#マインドフルネス #瞑想 #呼吸法 
#自律神経 #アスリート #リハビリ 
#運動 #ダイエット #生活習慣病 
#予防 #予防医学 #未病",16,https://www.instagram.com/p/DVmcahXk--u/
2026-06-22T08:41:33.000Z,teppei__hair,2,"✨このカラーは僕にしか作れません♡

📌「可愛い！」と思ったら保存してカウンセリングで見せてください◎

こんなお悩みありませんか？👇

♡赤み・オレンジっぽさが気になる
♡ブリーチなしで透明感が欲しい
♡色落ちまで可愛くしたい
♡暗くしたいけど重く見せたくない
♡自分に似合うカラーが分からない
♡ダメージを抑えて綺麗に染めたい

⬆️全てお任せください✨

僕の【くすみグレージュ】は

💎赤みをしっかり消す
💎柔らかく透ける質感
💎色落ちまで綺麗
💎一人一人に合わせたオーダーメイド配合

で作っています◎

⚠️ブリーチなしでできる範囲には限界があります
より透明感を出したい方はダブルカラーがおすすめです✨

📩ご予約はプロフィールURLまたはDMから

DM予約の場合は

①お名前（フルネーム）
②希望メニュー
③ご希望日時（第3希望まで）

を送ってください🙇‍♂️

「自分に似合う色が分からない」

そんな方こそぜひお任せください✨

一人一人に合わせた
“あなただけのグレージュ”
を作ります♡
.
.
#ブリーチなしグレージュ
#ブリーチなしダブルカラー
#くすみカラー",8,https://www.instagram.com/p/DZ4b-_Jia8u/
2026-06-22T02:38:24.000Z,teppei__hair,82,"✨このカラーは僕にしか作れません♡

📌「可愛い！」と思ったら保存してカウンセリングで見せてください◎

こんなお悩みありませんか？👇

♡赤み・オレンジっぽさが気になる
♡ブリーチなしで透明感が欲しい
♡色落ちまで可愛くしたい
♡暗くしたいけど重く見せたくない
♡自分に似合うカラーが分からない
♡ダメージを抑えて綺麗に染めたい

⬆️全てお任せください✨

僕の【くすみグレージュ】は

💎赤みをしっかり消す
💎柔らかく透ける質感
💎色落ちまで綺麗
💎一人一人に合わせたオーダーメイド配合

で作っています◎

⚠️ブリーチなしでできる範囲には限界があります
より透明感を出したい方はダブルカラーがおすすめです✨

📩ご予約はプロフィールURLまたはDMから

DM予約の場合は

①お名前（フルネーム）
②希望メニュー
③ご希望日時（第3希望まで）

を送ってください🙇‍♂️

「自分に似合う色が分からない」

そんな方こそぜひお任せください✨

一人一人に合わせた
“あなただけのグレージュ”
を作ります♡
.
.
#ブリーチなしグレージュ
#ブリーチなしダブルカラー
#くすみカラー",77,https://www.instagram.com/p/DZ3yZr8pJH5/
2026-06-21T12:05:01.000Z,fitonomyapp,5157,"How to build wider lats and a stronger V shape

Use code FIT15 for 15% off the yearly plan on @fitonomyapp

Pull with your elbows, not your hands.
 Train smarter with @fitonomyapp

#lats #backworkout #latpulldown #cableworkout #rows",2,https://www.instagram.com/p/DZ2OklNFrcx/
2026-06-22T09:44:25.000Z,fitonomyapp,988,"Full leg workout using a leg extension machine

Use code FIT15 for 15% off the yearly plan on @fitonomyapp

Simple setup. Full leg development.
Start training smarter with @fitonomyapp

#legworkout #quads #hamstrings #glutes #calves",3,https://www.instagram.com/p/DZ4kcYMBdu5/
2026-06-21T12:31:57.000Z,tun_diet_mama,303,"▶︎▶︎他の痩せトレはこちら(@tun_diet_mama)
効果抜群！厳選エクササイズアップしていくよ😊
フォローして参考にしてね！

＼ダイエットは1日にしてならず／
自分のモチベーションに合わせて
毎日楽しくがんばろう🌱　

今回のエクササイズ『下腹引き締め』
1日20回頑張ってみて❤️‍🔥

#エクササイズ
#ダイエット#ぽっこりお腹解消 
#下腹#姿勢改善",2,https://www.instagram.com/p/DZ2RcB5SfXz/
2026-06-22T10:48:59.000Z,bamli.tokyo,-1,"SNSバズってたから
気になって買ってみた❤️❤️

正直に買って正解アイテムまとめたよ✨✨

#snsバズってる #疲労回復#スキンケア
#ゴリラの裸足#松山樹脂",0,https://www.instagram.com/p/DZ4qkXnkkrp/
2026-06-21T20:09:50.000Z,demicstory,9012,💪 3D Shoulders Start Here —  Front. Side. Back. All,10,https://www.instagram.com/p/DZ3F1OHgbus/
2026-06-21T23:16:57.000Z,demicstory,7280,💪 Perfect Your Form for Bigger Side Delts,8,https://www.instagram.com/p/DZ3bPkij6Tu/
2026-06-21T19:28:36.000Z,demicstory,6404,💪✅ The Right Way To Perform Lateral Raises,5,https://www.instagram.com/p/DZ3BG_QDmYM/
2026-06-23T03:54:01.000Z,hiitmefit,128,"胸が開くとカラダが変わる🤩ベスト5❣️

👑1, 睡眠の質が上がる
👑2, 無駄な脂肪が燃える
👑3, お腹がスッキリする
👑4, 姿勢がキレイになる
👑5, 気分が前向きになる

色んなことをせずに、まずは基本の”胸開き”から✨

①肩まわし
肘をついて重心を前へ、背中の力を抜いて肩をまわす。

②胸ひらき
肘をついて肘を90°に曲げたまま横にひらく。

③脇の下のばし
肘をついて脇の下をのばす。片手ずつ脇の下外側も床に近づける。

④手の甲のばし
手の甲を床につけて、ゆっくり重心をカラダ側に移動する。前腕の外側が伸びるのを意識する。

⑤背中落とし
重心を前に移動して背中を床に落とす。

#痩せる
#睡眠
#ストレッチ",2,https://www.instagram.com/p/DZ6fvSzSlIm/
2026-06-22T12:06:25.000Z,saiko.relax,126,"北海道勉強会後に
講座生と対談したでー❣️

•*¨*•.¸¸☆*･ﾟ

⁡
サロン歴18年、これまでに約1万人以上の施術経験あり！
＼  たなか さいこ ／です🙋‍♀️

🔻フォローミー​ ​​🔻
 @​𝘀𝗮𝗶𝗸𝗼.𝗿𝗲𝗹𝗮𝘅
⁡
⁡
いいね･保存もお願いします！
⁡
⁡
✰⋆｡:ﾟ･*☽:ﾟ･⋆｡✰⋆｡:ﾟ･*☽:ﾟ･⋆｡✰⋆｡:ﾟ･*☽
⁡
人生𝟭回‼️
全ては自分次第！
思いっきり楽しもう
✨*｡٩(ˊᗜˋ*)و✨*｡
⁡
✰⋆｡:ﾟ･*☽:ﾟ･⋆｡✰⋆｡:ﾟ･*☽:ﾟ･⋆｡✰⋆｡:ﾟ･*☽
⁡
⁡
​🔻フォローミー​ ​​🔻
 @​𝘀𝗮𝗶𝗸𝗼.𝗿𝗲𝗹𝗮𝘅
 
#リラクゼーションマッサージ
#ボディケアスクール
#セラピスト養成講座
#セラピスト起業
#リラクゼーションサロン
集客力アップ
集客サポート",0,https://www.instagram.com/p/DZ4zMeuAyLD/
2026-06-22T11:30:32.000Z,g.tail_wellness,53,"本気で痩せたい女性は、休日に「二度寝」してください！

オフの日に昼まで寝坊して、
平日の疲れをとろうとしていませんか？

実はそれ、
アラフォー以降の女性がやると
太りやすくなる最悪の選択なんです

■ なぜ普通の「寝だめ」は太るのか？

休日に昼まで寝続けると、体内時計の針まで後ろにズレてしまい、自律神経や代謝ホルモンの制御にエラーが起きてしまうからです

しかし、ある「条件」さえクリアすれば、二度寝は代謝を落とさずに疲労を回復する最強のダイエットハックになります

■ 最強の二度寝の条件とは…

【平日と同じ時間に一度起きて、光を浴びてから二度寝する】こと

人間の睡眠は、「光でリセットされる体内時計」と「寝ることで回復する睡眠負債」の2つの独立したシステムで動いています

一度起きて朝の光を浴びれば、その瞬間に体内時計は強制的にロックされます

時計の針さえ合わせてしまえば、その後にベッドに戻って二度寝しても、代謝サイクルを一切崩さずに、純粋に脳の疲労物質だけをクリアできるんです

大人のダイエットに必要なのは、気合ではなく、身体のシステムを知り尽くした賢い「環境設計」です

いつでも見直して次の休日に実践できるように、
右側の【保存マーク】を押して
リストに入れておいてくださいね！

というこで、
間違った努力で自分の身体をすり減らしたくない方は、
今すぐフォローして、
これからの発信を絶対に見逃さないでください！

ーーー

【🚨頑張る「宅トレ」が報われないアラフォー女性へ】

自宅で筋トレやストレッチを続けているのに、
なかなか体型が変わらない…。

そんなあなたの宅トレの成果を
一気に「爆増」させるノウハウが、
私が提唱する『G-Method』です

回数をこなす気合や根性に頼る前に、
まずは身体の根本的なシステム（姿勢と呼吸）を
書き換える必要があります

🎁【プロフリンク限定】無料プレゼント中🎁
アラフォー専用・自宅で完結
【脱・根性論ボディデザイン】
完全導入スターターキット

身体を根本から書き換える「メイン講義」と、
今日からすぐに環境を整えるための
「3つの実践ツール」をセットでお渡ししています

🎬【メイン講義（全3回・動画約20分）】
『【G-Method序論】アラフォーから自宅で極める「一生崩れない」しなやか美ボディ・3ステップ無料講義』

📕【講義の効果を最大化する3大PDFツール】
・ツール①：
『【体型を崩すNG習慣】危険度チェックシート10選』

・ツール②：
『【習慣をシステムで解決】一生続く「運動自動化」7ステップ』

・ツール③：
『【アラフォー以降専用】一瞬より一生のダイエット成功ロードマップ10選』

一瞬より「一生」の機能美ボディを本気で手に入れたい方は、
プロフィールのリンクから
今のうちに必ず受け取ってくださいな
👇
@g.tail_wellness
（※リンク先の専用窓口で即時お渡しします）

#睡眠ダイエット #40代ダイエット #脱根性論 #機能美",1,https://www.instagram.com/p/DZ4vHUwi6eC/
2026-06-22T11:23:17.000Z,teppei__hair,82,"✨このカラーは僕にしか作れません♡

📌「可愛い！」と思ったら保存してカウンセリングで見せてください◎

こんなお悩みありませんか？👇

♡赤み・オレンジっぽさが気になる
♡ブリーチなしで透明感が欲しい
♡色落ちまで可愛くしたい
♡暗くしたいけど重く見せたくない
♡自分に似合うカラーが分からない
♡ダメージを抑えて綺麗に染めたい

⬆️全てお任せください✨

僕の【くすみグレージュ】は

💎赤みをしっかり消す
💎柔らかく透ける質感
💎色落ちまで綺麗
💎一人一人に合わせたオーダーメイド配合

で作っています◎

⚠️ブリーチなしでできる範囲には限界があります
より透明感を出したい方はダブルカラーがおすすめです✨

📩ご予約はプロフィールURLまたはDMから

DM予約の場合は

①お名前（フルネーム）
②希望メニュー
③ご希望日時（第3希望まで）

を送ってください🙇‍♂️

「自分に似合う色が分からない」

そんな方こそぜひお任せください✨

一人一人に合わせた
“あなただけのグレージュ”
を作ります♡
.
.
#ブリーチなしグレージュ
#ブリーチなしダブルカラー
#くすみカラー",72,https://www.instagram.com/p/DZ4uKFzJU3E/
2026-06-23T06:55:13.000Z,teppei__hair,18,"✨このカラーは僕にしか作れません♡

📌「可愛い！」と思ったら保存してカウンセリングで見せてください◎

こんなお悩みありませんか？👇

♡赤み・オレンジっぽさが気になる
♡ブリーチなしで透明感が欲しい
♡色落ちまで可愛くしたい
♡暗くしたいけど重く見せたくない
♡自分に似合うカラーが分からない
♡ダメージを抑えて綺麗に染めたい

⬆️全てお任せください✨

僕の【くすみグレージュ】は

💎赤みをしっかり消す
💎柔らかく透ける質感
💎色落ちまで綺麗
💎一人一人に合わせたオーダーメイド配合

で作っています◎

⚠️ブリーチなしでできる範囲には限界があります
より透明感を出したい方はダブルカラーがおすすめです✨

📩ご予約はプロフィールURLまたはDMから

DM予約の場合は

①お名前（フルネーム）
②希望メニュー
③ご希望日時（第3希望まで）

を送ってください🙇‍♂️

「自分に似合う色が分からない」

そんな方こそぜひお任せください✨

一人一人に合わせた
“あなただけのグレージュ”
を作ります♡
.
.
#ブリーチなしグレージュ
#ブリーチなしダブルカラー
#くすみカラー",24,https://www.instagram.com/p/DZ60nEUCbhx/
2026-06-23T02:09:38.000Z,teppei__hair,39,"✨このカラーは僕にしか作れません♡

📌「可愛い！」と思ったら保存してカウンセリングで見せてください◎

こんなお悩みありませんか？👇

♡赤み・オレンジっぽさが気になる
♡ブリーチなしで透明感が欲しい
♡色落ちまで可愛くしたい
♡暗くしたいけど重く見せたくない
♡自分に似合うカラーが分からない
♡ダメージを抑えて綺麗に染めたい

⬆️全てお任せください✨

僕の【くすみグレージュ】は

💎赤みをしっかり消す
💎柔らかく透ける質感
💎色落ちまで綺麗
💎一人一人に合わせたオーダーメイド配合

で作っています◎

⚠️ブリーチなしでできる範囲には限界があります
より透明感を出したい方はダブルカラーがおすすめです✨

📩ご予約はプロフィールURLまたはDMから

DM予約の場合は

①お名前（フルネーム）
②希望メニュー
③ご希望日時（第3希望まで）

を送ってください🙇‍♂️

「自分に似合う色が分からない」

そんな方こそぜひお任せください✨

一人一人に合わせた
“あなただけのグレージュ”
を作ります♡
.
.
#ブリーチなしグレージュ
#ブリーチなしダブルカラー
#くすみカラー",62,https://www.instagram.com/p/DZ6T7aCATgw/
2026-06-23T08:37:27.000Z,fitonomyapp,1661,"Why you feel rows in your arms and not your back

Better technique shifts the load to your lats and upper back where it belongs.
Start training smarter with @fitonomyapp

#backworkout #lats #rows #upperback #formcheck",1,https://www.instagram.com/p/DZ7AT2_FuI3/
2026-06-22T17:19:38.000Z,lesi.fit,-1,"Master your BENT OVER ROW 💯
Small technique changes. Big results.

Learn more inside @elvt.app 📲

#gymtips #workouttips #gymworkout",30,https://www.instagram.com/p/DZ5Wx20tbf-/
2026-06-22T16:00:11.000Z,fitonomyapp,4947,"How to loosen your hips, spine, and lower back

If your hips, spine, and lower back feel tight, this simple mobility routine helps release tension and improve movement.

Save this routine and come back to it when you need it.
Start moving better with @fitonomyapp

#mobility #hips #lowerback #spine #stretching",10,https://www.instagram.com/p/DZ5ONrjBSuq/
2026-06-22T18:48:54.000Z,fitzzapp,325,"Full Glute Workout with Only a kettlebell ☑️ by @fitzzapp 
.
FITZZ – Your All-in-One Fitness Companion
.
Available on Google play and App Store 💪🏻
.
#fitness #bodybuilding #gym #homeworkout #glute",0,https://www.instagram.com/p/DZ5hP4mO-2h/
2026-06-22T11:18:25.000Z,bodymakefumie,285,"筋トレじゃないーーー！

まずは股関節よ
股関節ちゃんとはめてね！
　
　
・・・・・　
　

下半身痩せにとって必須の
足裏アーチ。 

『足裏アーチ復活3日間チャレンジ』
をLINEから配信しています！　

プロフィール欄のリンクから
LINEに登録していただくと
動画配信されます！　

こちらから
↓
@bodymakefumie",15,https://www.instagram.com/p/DZ4t2WhTsQ0/
2026-06-22T17:34:49.000Z,demicstory,8009,🛑 Common Pushup Mistakes to Avoid,14,https://www.instagram.com/p/DZ5Y42hEsbN/
2026-06-22T22:26:55.000Z,demicstory,12641,"🔥💪 5 Barbell Squats That Grow Quads, Glutes & Hamstrings",16,https://www.instagram.com/p/DZ56UP7FKNw/
2026-06-22T23:09:22.000Z,demicstory,10500,🔥 The Best Dumbbell Bench Press Tutorial You’ll Ever Watch,18,https://www.instagram.com/p/DZ5_K9EFQna/
2026-06-22T11:34:09.000Z,kyokamommy,282,"最近上手に手を使い出したので、
生後236日を記念して地球人認定をしたいと思います🐒🏆

#生後７ヶ月",3,https://www.instagram.com/p/DZ4vWXPBBA5/
2026-07-09T09:06:46.000Z,saiko.relax,124,"今のままで成功する！
そう思ってへん！？

•*¨*•.¸¸☆*･ﾟ

⁡
サロン歴18年、これまでに約1万人以上の施術経験あり！
＼  たなか さいこ ／です🙋‍♀️

🔻フォローミー​ ​​🔻
 @​𝘀𝗮𝗶𝗸𝗼.𝗿𝗲𝗹𝗮𝘅
⁡
⁡
いいね･保存もお願いします！
⁡
⁡
✰⋆｡:ﾟ･*☽:ﾟ･⋆｡✰⋆｡:ﾟ･*☽:ﾟ･⋆｡✰⋆｡:ﾟ･*☽
⁡
人生𝟭回‼️
全ては自分次第！
思いっきり楽しもう
✨*｡٩(ˊᗜˋ*)و✨*｡
⁡
✰⋆｡:ﾟ･*☽:ﾟ･⋆｡✰⋆｡:ﾟ･*☽:ﾟ･⋆｡✰⋆｡:ﾟ･*☽
⁡
⁡
​🔻フォローミー​ ​​🔻
 @​𝘀𝗮𝗶𝗸𝗼.𝗿𝗲𝗹𝗮𝘅
 
#リラクゼーションマッサージ
#ボディケアスクール
#セラピスト養成講座
#セラピスト起業
#リラクゼーションサロン
集客力アップ
集客サポート",0,https://www.instagram.com/p/DakQRlWpq1m/
2026-07-09T13:56:32.000Z,saiko.relax,65,,0,https://www.instagram.com/p/DakxgGdiT-q/
2026-07-10T09:07:40.000Z,saiko.relax,63,"腰痛い人にはこれー‼️

•*¨*•.¸¸☆*･ﾟ

⁡
サロン歴18年、これまでに約1万人以上の施術経験あり！
＼  たなか さいこ ／です🙋‍♀️

🔻フォローミー​ ​​🔻
 @​𝘀𝗮𝗶𝗸𝗼.𝗿𝗲𝗹𝗮𝘅
⁡
公式LINEで色んな情報出してますよ〜
コチラから
⁡👇👇👇
https://lin.ee/G8E375K
⁡
⁡
いいね･保存もお願いします！
⁡
⁡
✰⋆｡:ﾟ･*☽:ﾟ･⋆｡✰⋆｡:ﾟ･*☽:ﾟ･⋆｡✰⋆｡:ﾟ･*☽
⁡
人生𝟭回‼️
全ては自分次第！
思いっきり楽しもう
✨*｡٩(ˊᗜˋ*)و✨*｡
⁡
✰⋆｡:ﾟ･*☽:ﾟ･⋆｡✰⋆｡:ﾟ･*☽:ﾟ･⋆｡✰⋆｡:ﾟ･*☽
⁡
⁡
​🔻フォローミー​ ​​🔻
 @​𝘀𝗮𝗶𝗸𝗼.𝗿𝗲𝗹𝗮𝘅
 
#リラクゼーションマッサージ
#ボディケアスクール
#セラピスト養成講座
#セラピスト起業
#リラクゼーションサロン
集客力アップ
集客サポート",0,https://www.instagram.com/p/Dam1JhjAKXw/
2026-03-03T14:19:11.000Z,yuna_kirei,3792,"\ 蒸し宮崎辛麺 /

【材料】
・春雨
・豚ひき肉 200g
・ニラ
・豆もやし
・卵 2個

・塩麹
・水200ml

・辣油
・糸唐辛子

〈調味料〉
・豆板醤 大さじ1
・コチュジャン 大さじ1
・ダシダ 小さじ1
・醤油 大さじ1/2
・酒 大さじ1
・はちみつ 大さじ1
・にんにくチューブ
・生姜チューブ

①せいろは濡らして、クッキングシートを敷く
②春雨は10分ほど水に漬けておく、その間にニラ切り、調味料を混ぜ合わせておく
③ せいろに、春雨、豆もやし、ひき肉、塩麹、調味料の順に盛り付ける
④クッキングシートを中に折り込んで蓋をして、沸騰した鍋の上で10分放ったらかし
⑤10分経ったら、溶き卵とニラを後入れして、追加で5分蒸す
⑤5分経ったら、辣油と糸唐辛子をかけて完成✨

______________

ただいまQoo10メガ割で
@canteen9_jp のV酵素とコラボ中😍

前回のメガ割に引き続き、
今回2回目となる再コラボが実現しましたー😭💓

前回のコラボが大好評で、
想像以上に沢山の方に手に取っていただき、

効果実感のレビューや、
使った感想などのDMも毎日のように届きます☺️✨✨

このメガ割を待たずに
すでにリピートしてくださってる方も沢山🥹✨

それくらい素晴らしい商品だから、

やっぱり使ってみて良い！と思ってもらえて
こうしてリピートしてくれたと思うので、

私はちょっとドヤ顔で、
「ほらね？めっちゃいいでしょ？😏✨」
って今回のコラボも自信を持って
V酵素をおすすめしていきたいと思います🫣👌

V酵素についてや、コラボセットの詳細は
ハイライト「V酵素ｺﾗﾎﾞ」にまとめています☺️💓

#PR #メガ割 #メガ割コラボ #V酵素 #せいろ",17,https://www.instagram.com/p/DVbOP0Kj3XV/
2026-06-25T12:01:17.000Z,lionlifts,3,"「準備ができたら…」と待つことは、あなたの本当の可能性を隠してしまう一番の壁です。

完璧なタイミング、完璧な自信、完璧なスケジュールが揃うのを待って、自分の目標をずっと後回しにしている素晴らしい女性たちを、私はこれまでたくさん見てきました。

でも、仕事もプライベートも全力で頑張る忙しい毎日の中で、「完璧な状況」なんて存在しません。

人生が本当に変わり始めるのは、最初の一歩を踏み出す時の「少しの居心地の悪さ」を乗り越える価値が、自分自身にはあると決断した時です。誰かに「すごい」と思われるためではなく、夜眠る時に自分自身を心から誇りに思える体とマインドを作ること。それが一番大切🤍",4,https://www.instagram.com/p/DaAhOkfDdKU/
2026-07-10T08:22:30.000Z,hiitmefit,94,"年齢は関係ない！何歳からでも動けば変わる❤️✨

おうちで🤭こっそり美ボディ💕✨

#44歳
#ボディメイク
#おうち",2,https://www.instagram.com/p/DamvyX6ySot/
2026-07-09T02:55:12.000Z,hiitmefit,214,"年齢は関係ない❣️
何歳からでも動けば変わる❣️

おうちで、こっそり美ボディになっちゃおう❤️💫

#おうち
#エクササイズ
#40代",5,https://www.instagram.com/p/Dajl3bsS02Q/
2026-07-04T15:29:39.000Z,hinach_workout,4891,"昨日発売の『 @wearetheresident 』にて、
特集を組んでいただきました！！！！！！！

16歳で家を出て、
ひとりで生きてきたこと。

YouTubeを始めて、
たくさんの人と出会い、
失敗しながらも学んできたこと。

そして今、
なぜブランドや店舗を作り、
女の子たちの身体と心を整える仕事をしているのか。

今まであまり話してこなかったことも、
たくさんお話しさせていただきました。

遠回りもしたし、
たくさん失敗もしたけど、

諦めなければ、
失敗は失敗のまま終わらない！！！！！！

ぜひ読んでもらえたら嬉しいです🫶🏻

👚
@hina_kawago さん
📖
@wadanaokii さん
素敵にしてくれてありがとうございます🫶🏻",29,https://www.instagram.com/p/DaYEOfqExev/
2026-07-08T10:24:36.000Z,hiitmefit,268,"コレで美尻が目を覚ます❤️🔥

👉かかとを高くしてやってみよう❣️

目標100回🤭❤️🔥間違いなく目覚める🍑✨

#美尻
#40代
#ヒップアップ",2,https://www.instagram.com/p/Dah0ITAyfxD/
,,-1,,0,https://www.instagram.com/aya.t_pilates
2025-04-26T09:30:44.000Z,pt_kettyo,109,"あなたもルルトのメンバーになりませんか？
@pt_kettyo

こんにちは！

ピラティススタジオlulutoを経営している戸田です😊

2022年3月にオープンした当店！
気がつけば全国・世界で65店舗まで拡大することができました👏

これからもドンドン新しい店舗の出店を予定しています！
だからこそ…

たくさんの新しい仲間を大・大・大募集です🔥

・ピラティスが好きな方
・質の高いピラティスを広める熱意の高い方
・成長意欲の高い方
・スキルアップも楽しめる方

こんな方はlulutoの社風にも
ピッタリ！だと僕は考えています😊

あなたのライフスタイルに合わせた働き方も可能な当社！
ぜひ、少しでもご興味が沸いた方は
プロフィールの「採用情報」をクリック👇
@pt_kettyo

詳しい採用条件・募集要項をお知らせしています🔥

＝＝＝＝＝＝＝＝＝＝＝＝＝
ピラティススタジオluluto 代表
戸田　圭哉

大学卒業後、理学療法士として東京の病院で勤務
その後「ピラティス」に出会い人生が変わる

パーソナルトレーナーを経て、2022年3月に「ピラティススタジオluluto」をOPEN！
2025年4月には国内外65店舗も展開するチェーン店へ拡大させる
@luluto_pilates

今はスタジオ運営と同時に
ピラティスで体も心も健康に！をテーマに
PHIピラティスマスタートレーナーとして
「ピラティスインストラクター養成コース」も開講中

🔻養成コースが気になる方はこちらへDMを📩
@pt_kettyo

＝＝＝＝＝＝＝＝＝＝＝＝＝
#ピラティススタジオルルト #ピラティス養成コース #ピラティス養成 #ピラティス女子 #ピラティス男子 #ピラティス資格 #ピラティストレーナー #ピラティスレッスン #ピラティススタジオ #ピラティスインストラクター #理学療法士転職",0,https://www.instagram.com/p/DI558wmTsSF/
2026-07-09T10:03:46.000Z,g.tail_nikotama,111,"今日もカラダを動かそう😎〜どこでもプッシュアップ No.124 in 三島スカイウォーク〜

with
@tagamimasahiro
@yoga__mkstyle

かれこれ5年以上続いている秘密の勉強会
［GOD Meeting Pro］のオフ会でコラボどこP

今年は神尾の地元、
三島スカイウォークでやっときました

／

どこでもプッシュアップとは？
（良ければ #どこでもプッシュアップ を付けて動画投稿してね！）

『日常に運動を！』のコンセプトを世界に拡散するために、
場所を問わずどこでもプッシュアップを始める動画シリーズ

より多くの人が
もっと簡単に体を動かすことができる環境を提供し、
運動習慣・健康追及を後押しすることを目指す啓蒙活動です

＼

#運動不足解消 #アラフォーボディメイク #プッシュアップチャレンジ",10,https://www.instagram.com/p/DakWb6lhRfR/
2026-07-08T10:40:50.000Z,g.tail_wellness,91,"アラフォーからの妖艶な美尻作り！指導歴10年の自重トレのプロが伝授する、自宅完結型の尻トレ厳選7種目を紹介。

いつでも見直して実践できるように、
右側の【保存マーク】を押して
リストに入れておきましょう

ーーー

【自宅で尻トレ 厳選７種目】

① クラムシェル×左右20回
骨盤を動かさず、お尻の奥を深く収縮

② サイドレッグレイズ×左右20回
つま先はやや上側へ。お尻の横に効かせる

③ ファイヤー・ハイドラント×左右10回（3秒キープ）
上げた位置で3秒静止し、強く収縮

④ サイドブリッジ・ニーエルボー×左右15回
肩甲骨を背中側にアンカーホールド

⑤ ワイドスクワット2.0（ノンロック）×30回
膝を伸ばし切らず、負荷を逃がさない

⑥ ワンレッグ・3ウェイ・リーチ×左右5セット
軸足に体重を乗せ、お尻で姿勢を制御

⑦ ワンレッグ・ディープスクワット（リセット方式）×左右15回
毎回姿勢を正し、お尻で深く立ち上がる

ーーー

■ 今日からのアクションプラン

まずは
「お尻をギュッと力任せに締める癖」を手放すこと

日常で立つ時は、
重心を「かかと」にほんの少し乗せるだけで構いません

根性で無理に力を入れる必要はなく、
お尻の筋肉が自然と働きやすい骨格の環境を作ることが、
一生崩れない機能美への第一歩ですよ！

ーーー

【🚨頑張る「宅トレ」が報われないアラフォー女性へ】

自宅で筋トレやストレッチを続けているのに、なかなか体型が変わらない…。
そんなあなたの宅トレの成果を一気に「爆増」させるノウハウが、私が提唱する『G-Method』です。

回数をこなす気合や根性に頼る前に、まずは身体の根本的なシステム（姿勢と呼吸）を書き換える必要があります。

🎁【プロフリンク限定】無料プレゼント中🎁
アラフォー専用・自宅で完結
【脱・根性論ボディデザイン】完全導入スターターキット

身体を根本から書き換える「メイン講義」と、
今日からすぐに環境を整えるための「3つの実践ツール」を
セットでお渡ししています

🎬【メイン講義（全3回・動画約20分）】
『【G-Method序論】アラフォーから自宅で極める「一生崩れない」しなやか美ボディ・3ステップ無料講義』

📕【講義の効果を最大化する3大PDFツール】
・ツール①：
『【体型を崩すNG習慣】危険度チェックシート10選』

・ツール②：
『【習慣をシステムで解決】一生続く「運動自動化」7ステップ』

・ツール③：
『【アラフォー以降専用】一瞬より一生のダイエット成功ロードマップ10選』

一瞬より「一生」の機能美ボディを本気で手に入れたい方は、
プロフィールのリンクから今のうちに必ず受け取ってくださいな
👇
@g.tail_wellness
（※リンク先の専用窓口で即時お渡しします）

#アラフォーダイエット #ヒップアップ #姿勢改善 #機能美",2,https://www.instagram.com/p/Dah2NshioHc/
2026-07-10T10:05:23.000Z,pt_kettyo,23,"ロールアップで腰が反る人はこれ！
@pt_kettyo

こんにちは！
ピラティススタジオlulutoの戸田です☺️

ロールアップで
・起き上がる時に腰が反る
・肋骨が前に飛び出る
・丸めたまま起きられない

そんな方はいませんか？💡

今回のポイント👇
・肋骨の前方突出を抑える
・身体が後ろへ倒れないように誘導する
・前後から同時にサポートする

保存してぜひレッスンに活かしてみてください！

他の投稿はこちら
🔻
@pt_kettyo

※本アカウント内の投稿内容は
あくまで個人の見解です。

＝＝＝＝＝＝＝＝＝＝＝＝＝
ピラティススタジオluluto 代表
戸田　圭哉

大学卒業後、理学療法士として東京の病院で勤務
その後「ピラティス」に出会い人生が変わる

パーソナルトレーナーを経て、
2022年3月に「ピラティススタジオluluto」をOPEN！

2026年2月には国内外98店舗も展開するチェーン店へ拡大させる

🔻ルルトのインストラクター採用に興味がある方はこちらのアカウントもチェック
@luluto_recruit

今はスタジオ運営と同時にピラティスで
体も心も健康に！をテーマにPHIピラティスマスタートレーナーとして
「ピラティスインストラクター養成コース」も開講中

🔻養成コースが気になる方はこちらへDMを
📩@pt_kettyo
＝＝＝＝＝＝＝＝＝＝＝",0,https://www.instagram.com/p/Dam7wVBxy0j/
2026-07-03T07:59:57.000Z,pt_kettyo,27,"【7月〜9月のPHIピラティス養成コース開催情報】
@pt_kettyo

こんにちは！
ピラティススタジオluluto代表の戸田です😊

PHIピラティスマスタートレーナーとして
開催している養成コースの日程情報です！

・ピラティスの資格取得をご検討の方
・再受講をご希望の方　　など

お申し込み、お待ちしております👍

⚠️申し込み方法は
プロフィールのリンク下部「PHIピラティス養成コースはこちら」をタップ！
PHIピラティスのホームページよりお願いいたします🙇‍♂️

上記、養成コースに関しての問い合わせは
お気軽にDMください✉️
@pt_kettyo

＝＝＝＝＝＝＝＝＝＝＝＝＝
ピラティススタジオluluto 代表
戸田　圭哉

大学卒業後、理学療法士として東京の病院で勤務
その後「ピラティス」に出会い人生が変わる

パーソナルトレーナーを経て、2022年3月に「ピラティススタジオluluto」をOPEN！
2025年12月には国内外100店舗も展開するチェーン店へ拡大させる
@luluto_pilates

今はスタジオ運営と同時に
ピラティスで体も心も健康に！をテーマに
PHIピラティスマスタートレーナーとして
「ピラティスインストラクター養成コース」も開講中

🔻養成コースが気になる方はこちらへDMを📩
@pt_kettyo

＝＝＝＝＝＝＝＝＝＝＝＝＝
#ピラティススタジオルルト #ピラティス養成コース #ピラティス養成 #ｐｈｉピラティス",0,https://www.instagram.com/p/DaUr9-yE1Nw/
2026-07-06T01:00:02.000Z,juntakeda.bf,2322,"📣本日7月6日
ついに全国書店で発売です📖✨

発売前なのにAmazonから消えていた床バレエ本、
お待たせしました‼️

ライブ直後にAmazon予約分は数分で完売。
さらにダイエット部門など6部門以上で1位🎖️

「再販して欲しい」「予約できなかった」「予約特典が欲しかった」

そんな声を本当にたくさんもらったの。
だから今回、宝島社さんと相談を重ね...

書店で購入してくれた方にも、書店限定特典をご用意しました‼️

／
発売記念✨初回72時間限定！
書店購入限定特典🎁
【後ろ姿から若見え！
首・デコルテ美姿勢レッスン30分✨】
＼

この本はダイエット本でも筋トレ本でもないの。
立たない、跳ばない、無理な開脚もしない。
骨格・呼吸・インナーマッスルから整えて、
肩こり・首こり・姿勢改善・フェイスラインまでつなげていく一冊よ💕

書店限定特典の応募方法を今すぐ受け取りたい人は、コメント欄に「ムック」って書いてね😌
（絵文字や他の文字は入れずに「ムック」の文字だけでお願い🩷）

※7/6〜7/8に書店で購入、またはお取り寄せ注文の方が対象です。",590,https://www.instagram.com/p/DabqYt-mKXe/
2026-07-10T10:28:11.000Z,g.tail_wellness,4,"何もしていないのにどっと疲れる…。アラフォー以降でこの現象に悩む方は多いですが、それは年齢や体力の低下が原因ではありません！

実はあなたの脳が「過去と未来のタイムトラベル」を行い、
エネルギーを無駄遣いしているのが原因です

次回の「解決編」をすぐに見返せるように、
右側の【保存マーク】を押して
リストに入れておきましょう

ーーー

■ なぜ脳は勝手に疲弊するのか？

脳科学で「デフォルトモードネットワーク（DMN）」
あるいは「マインドワンダリング」と呼ばれる
このシステム

人間は1日の半分、
無意識に過去の反省や未来の不安に心をさまよわせています

これは元々、
祖先が猛獣から生き残るための
「優秀な危機管理システム」でした

しかし現代では、
スマホからの過剰な情報や正解のない悩みに対して
このシステムが暴走

脳が常にアイドリング状態でフル回転し、
自覚的には何もしていなくても
エネルギーが枯渇してしまうのです

■ メンタルへの悪影響

DMNの過剰な回転は、
無駄な一人反省会や予期不安を助長し、
確実にメンタルヘルスにも悪影響を及ぼします

しかし「悩むのをやめよう」という精神論では、
このシステムは止められません

［参考文献］
・Killingsworth, M. A., & Gilbert, D. T. (2010). A wandering mind is an unhappy mind. Science.
・Raichle, M. E., et al. (2001). A default mode of brain function. PNAS.

ーーー

■ 今日からのアクションプラン

まずは「疲労＝体力の衰え・自分の弱さ」という
思い込みを手放すこと

精神論で脳のエネルギー漏れは止められません

そこで心身の機能を取り戻すための、
一生使える「脳のスイッチの切り替え方」は
次回の投稿でガチ解説します

まずはご自身の状態を客観視し、
次回の解決策をお待ちください！

ーーー

【🚨頑張る「宅トレ」が報われないアラフォー女性へ】

自宅で筋トレやストレッチを続けているのに、なかなか体型が変わらない…。
そんなあなたの宅トレの成果を一気に「爆増」させるノウハウが、私が提唱する『G-Method』です。

回数をこなす気合や根性に頼る前に、まずは身体の根本的なシステム（姿勢と呼吸）を書き換える必要があります。

🎁【プロフリンク限定】無料プレゼント中🎁
アラフォー専用・自宅で完結
【脱・根性論ボディデザイン】完全導入スターターキット

身体を根本から書き換える「メイン講義」と、
今日からすぐに環境を整えるための「3つの実践ツール」を
セットでお渡ししています

🎬【メイン講義（全3回・動画約20分）】
『【G-Method序論】アラフォーから自宅で極める「一生崩れない」しなやか美ボディ・3ステップ無料講義』

📕【講義の効果を最大化する3大PDFツール】
・ツール①：
『【体型を崩すNG習慣】危険度チェックシート10選』

・ツール②：
『【習慣をシステムで解決】一生続く「運動自動化」7ステップ』

・ツール③：
『【アラフォー以降専用】一瞬より一生のダイエット成功ロードマップ10選』

一瞬より「一生」の機能美ボディを本気で手に入れたい方は、
プロフィールのリンクから今のうちに必ず受け取ってくださいな
👇
@g.tail_wellness
（※リンク先の専用窓口で即時お渡しします）

#アラフォーダイエット #脳疲労 #自律神経を整える #機能美",0,https://www.instagram.com/p/Dam-S40Cau4/
2026-06-29T12:06:37.000Z,rii_chokatsu_sweets,1134,"キャロットケーキはここから🥕

••••••••••••••••••••••••••••••••••••••

@rii_chokatsu_sweets

このアカウントは、
絶対老けたくないアラフォー3児ママが
健康と美容につながるグルテンフリースイーツを発信🫧

••••••••••••••••••••••••••••••••••••••

こんばんは🌙
りいです🫶🏻

今日は【グルテンフリーキャロットケーキ】🥕

キャロットケーキって
人参をすりおろすのが面倒じゃない？🥹

このレシピは
人参を丸ごとレンチンして潰すだけ✨

小麦粉・バター不使用なのに
しっとり食感に仕上がります🤎

さらに
人参の自然な甘さと
くるみの香ばしさが相性抜群🌰🥕

上のクリームは
ギリシャヨーグルトを使うから
さっぱり食べられるのもお気に入り🥣✨

おやつなのに
たんぱく質も摂れるのが嬉しい🤍

健康も美容も大切にしたい人は
ぜひ保存して作ってみてね☺️

⸻

材料・レシピはコメント欄へ👇

⸻

健康と美容につながる
腸活スイーツを発信中🤎

次回は
【キャラメルバナナアイス】🍌

フォローして待っててね✨

⸻

#グルテンフリー 
#簡単おやつ 
#腸活スイーツ 
#ヘルシーおやつレシピ 
#キャロットケーキレシピ",25,https://www.instagram.com/p/DaK07QUTcKA/
2026-07-09T14:55:46.000Z,teppei__hair,14,"✨このカラーは僕にしか作れません♡

📌「可愛い！」と思ったら保存してカウンセリングで見せてください◎

こんなお悩みありませんか？👇

♡赤み・オレンジっぽさが気になる
♡ブリーチなしで透明感が欲しい
♡色落ちまで可愛くしたい
♡暗くしたいけど重く見せたくない
♡自分に似合うカラーが分からない
♡ダメージを抑えて綺麗に染めたい

⬆️全てお任せください✨

僕の【くすみグレージュ】は

💎赤みをしっかり消す
💎柔らかく透ける質感
💎色落ちまで綺麗
💎一人一人に合わせたオーダーメイド配合

で作っています◎

⚠️ブリーチなしでできる範囲には限界があります
より透明感を出したい方はダブルカラーがおすすめです✨

📩ご予約はプロフィールURLまたはDMから

DM予約の場合は

①お名前（フルネーム）
②希望メニュー
③ご希望日時（第3希望まで）

を送ってください🙇‍♂️

「自分に似合う色が分からない」

そんな方こそぜひお任せください✨

一人一人に合わせた
“あなただけのグレージュ”
を作ります♡
.
.
#ブリーチなしグレージュ
#ブリーチなしダブルカラー
#くすみカラー",8,https://www.instagram.com/p/Dak4UvuiRDe/
2026-07-07T12:09:50.000Z,rii_chokatsu_sweets,200,"🍑 紅茶グリークヨーグルトボウルはここ🥣

••••••••••••••••••••••••••••••••••••••

@rii_chokatsu_sweets

このアカウントは、
絶対老けたくないアラフォー3児ママが
健康と美容につながるグルテンフリースイーツを発信🫧

••••••••••••••••••••••••••••••••••••••

こんばんは🌙
りいです🫶🏻

今日は【紅茶グリークヨーグルトボウル】🍑☕️

海外で話題のレシピを
アレンジして作ってみました🤎

実はこれ、

ギリシャヨーグルトに
紅茶の茶葉を混ぜて冷やすだけ✨

冷蔵庫で寝かせると
紅茶の香りが広がって
まるでカフェスイーツみたい☕️🤍

さらに今が旬の桃を合わせることで
みずみずしい甘さも楽しめます🍑

桃にはビタミンCや食物繊維が含まれていて、
美容を意識する人にも人気のフルーツ🍑✨

ギリシャヨーグルトのたんぱく質と合わせて
朝食やおやつにもぴったりです🥣🤍

はちみつのやさしい甘さで
ご褒美感もアップ🍯

忙しい毎日でも
材料を選びながら楽しみたい人におすすめです🤎

保存して作ってみてね☺️

⸻

材料・レシピはコメント欄へ👇

⸻

@rii_chokatsu_sweets 
健康と美容につながる
腸活スイーツを発信中🤎

次回は
【キャラメルバナナアイス】🍌

フォローして待っててね✨

⸻
#グルテンフリー
#腸活スイーツ 
#ヘルシースイーツ 
#桃 
#グリークヨーグルトボウル",1,https://www.instagram.com/p/DafbouFTW8V/
2026-07-07T19:56:35.000Z,fit_gallery_top,93,"Training Chest Using Only a Pair of Dumbbells! ☑️ by @fitzzapp 
.
FITZZ – Your All-in-One Fitness Companion
.
Available on Google play and App Store 
.
#fitness #bodybuilding #homeworkout #gym #chestworkout",2,https://www.instagram.com/p/DagRKPqDZtO/
2026-07-10T01:08:49.000Z,teppei__hair,57,"✨このカラーは僕にしか作れません♡

📌「可愛い！」と思ったら保存してカウンセリングで見せてください◎

こんなお悩みありませんか？👇

♡赤み・オレンジっぽさが気になる
♡ブリーチなしで透明感が欲しい
♡色落ちまで可愛くしたい
♡暗くしたいけど重く見せたくない
♡自分に似合うカラーが分からない
♡ダメージを抑えて綺麗に染めたい

⬆️全てお任せください✨

僕の【くすみグレージュ】は

💎赤みをしっかり消す
💎柔らかく透ける質感
💎色落ちまで綺麗
💎一人一人に合わせたオーダーメイド配合

で作っています◎

⚠️ブリーチなしでできる範囲には限界があります
より透明感を出したい方はダブルカラーがおすすめです✨

📩ご予約はプロフィールURLまたはDMから

DM予約の場合は

①お名前（フルネーム）
②希望メニュー
③ご希望日時（第3希望まで）

を送ってください🙇‍♂️

「自分に似合う色が分からない」

そんな方こそぜひお任せください✨

一人一人に合わせた
“あなただけのグレージュ”
を作ります♡
.
.
#ブリーチなしグレージュ
#ブリーチなしダブルカラー
#くすみカラー",58,https://www.instagram.com/p/Dal-eMch3DC/
2026-07-09T18:00:02.000Z,fitonomyapp,8409,"Fix Dead Butt Syndrome 🍑

Wake them up. Build real strength.
 Train smarter with @fitonomyapp

#glutes #gluteactivation #bootyworkout #lowerbody #hipstrength",11,https://www.instagram.com/p/DalNbf5jIFu/
2026-07-09T01:13:30.000Z,teppei__hair,62,"✨このカラーは僕にしか作れません♡

📌「可愛い！」と思ったら保存してカウンセリングで見せてください◎

こんなお悩みありませんか？👇

♡赤み・オレンジっぽさが気になる
♡ブリーチなしで透明感が欲しい
♡色落ちまで可愛くしたい
♡暗くしたいけど重く見せたくない
♡自分に似合うカラーが分からない
♡ダメージを抑えて綺麗に染めたい

⬆️全てお任せください✨

僕の【くすみグレージュ】は

💎赤みをしっかり消す
💎柔らかく透ける質感
💎色落ちまで綺麗
💎一人一人に合わせたオーダーメイド配合

で作っています◎

⚠️ブリーチなしでできる範囲には限界があります
より透明感を出したい方はダブルカラーがおすすめです✨

📩ご予約はプロフィールURLまたはDMから

DM予約の場合は

①お名前（フルネーム）
②希望メニュー
③ご希望日時（第3希望まで）

を送ってください🙇‍♂️

「自分に似合う色が分からない」

そんな方こそぜひお任せください✨

一人一人に合わせた
“あなただけのグレージュ”
を作ります♡
.
.
#ブリーチなしグレージュ
#ブリーチなしダブルカラー
#くすみカラー",72,https://www.instagram.com/p/DajaNjvhcoC/
2026-07-09T14:29:01.000Z,fitzzapp,243,"Correct vs Wrong Form Explained Simply ☑️ by @fitzzapp 
.
FITZZ – Your All-in-One Fitness Companion
.
Available on Google play and App Store 💪🏻
.
#fitness #bodybuilding #gym",0,https://www.instagram.com/p/Dak1HykqR1x/
2026-07-09T14:26:39.000Z,fitonomyapp,2722,"💧 Staying hydrated isn’t just about drinking more water.

Water-rich foods like watermelon, cucumber, strawberries, oranges, and lettuce can help increase your daily fluid intake while providing vitamins and minerals your body needs.
Hydrate smarter—eat your water too. 🍉🥒

📲 Follow @fitonomyapp for more fitness and nutrition tips.

#hydration #healthyeating #nutritiontips #healthyfoods #wellnesstips",3,https://www.instagram.com/p/Dak0_gIDDja/
2026-07-02T12:22:09.000Z,rii_chokatsu_sweets,613,"レシピはここから👇

🏆上半期バズレシピTOP5

••••••••••••••••••••••••••••••••••••••

@rii_chokatsu_sweets

こんばんは🌙
りいです🫶🏻

2026年上半期に
たくさんの方に見ていただいた

【バズった腸活スイーツTOP5】をまとめました🤎

✔ グルテンフリー
✔ ヘルシースイーツ
✔ アラフォーママに人気
✔ 簡単に作れるレシピ

みんなが作ってみたいレシピはどれ？🥰

①〜⑤をコメントで教えてね🫶🏻

保存しておけば
あとから見返せるよ📌✨

☕️コーヒーバスクチーズケーキ

【材料】

・クリームチーズ 200g
・ギリシャヨーグルト 150g
・きび砂糖 30g
・はちみつ 40g
・卵 2個
・米粉 20g
・インスタントコーヒー 7g
・お湯 小さじ4

⸻

【作り方】

① クリームチーズを常温に戻しておく

② インスタントコーヒー7gをお湯小さじ4で溶かし、冷ましておく

③ クリームチーズ、きび砂糖、はちみつをよく混ぜる

④ 卵を2回に分けて加え、その都度よく混ぜる

⑤ ギリシャヨーグルトを加えて混ぜる

⑥ 冷ましたコーヒー液を加えて混ぜる

⑦ 米粉を加えてザックリまぜる

⑧ クッキングシートを敷いた型に流し入れる

⑨ 200℃に予熱したオーブンで25分焼く

⑩ 粗熱が取れたら冷蔵庫でしっかり冷やして完成✨

お好みでマスカルポーネ・ココアパウダー・はちみつを上にトッピングしても美味しい😋

—————————————————————

🫖紅茶パンナコッタ
（A）
無調整豆乳 150ml
きび砂糖11g
紅茶ティーパッグの中身　1袋

生クリーム200ml

ゼラチン 3g
水 大さじ1
（ゼラチンをふやかす）

⸻

【作り方】

① 水にゼラチンを入れ、ふやかす
② 耐熱ボウルにAを入れて混ぜる
③電子レンジで加熱する
・600W 2分
・500W 約2分20秒

④③に生クリーム・①を加え、ゼラチンを溶か",33,https://www.instagram.com/p/DaSk6E2Tvqv/
2026-07-10T09:21:28.000Z,mito_diet_recipe,125,"@mito_diet_recipe  レシピ詳細はこちらから🍃

こんばんは、みとです🕊️

ライスペーパーって買っても、結構余らせちゃわない？🤥

そんな時に作ってほしいのが、
このスティックパイ🥧🤍

材料混ぜて、重ねてオーブンで焼くだけ！

忙しい日のおやつにもぴったり🥹✨

いろんな巻き方を試してみたけど、

ただ重ねるだけが、一番サクサクだったよ😉♡

でも子どもと一緒に
ねじったり丸めたり、好きな形にしてみてね☺️✨

🥧ライスペーパーで作るスティックパイ

【材料（6本分）】

* ライスペーパー…3枚
* 卵…1個
* 牛乳…大さじ2
* 溶かしバター…10g
* 砂糖…大さじ1
* ベーキングパウダー…小さじ1/2
* お好みで粉糖

【作り方】

① ボウルに卵、牛乳、溶かしバター、砂糖、ベーキングパウダーを入れてよく混ぜる。

② ライスペーパーを6等分に切る。
※今回は6等分にしましたが、お好みでもっと細く切ってもOK！

③ 切ったライスペーパーを1枚ずつさっと液にくぐらせる。

④ クッキングシートを敷いた天板に3枚重ねて並べる

⑤ 180℃に予熱したオーブンで15分焼く。

⑥ お好みで粉糖をかけたら完成✨

保存して作ってみてね📌

お気に入りのキッチングッズは
@mito_diet_recipe 楽天ROOMに載せているからチェックしてね🔍✨

#PR
#ダイエット
#ヘルシーレシピ
#ライスペーパー
#グルテンフリー",10,https://www.instagram.com/p/Dam2sS4xBEH/
2026-07-05T13:48:17.000Z,lesi.fit,12773,"10/10 cardio
1000/10 views ⛰️😍

gym girl fit @bettermestore 
code: LESIFIT 💫",81,https://www.instagram.com/p/Daada7JDWb3/
2026-07-09T12:07:23.000Z,lesi.fit,3,"Pilates Princess set @bettermestore 💖
size XS✨ code: LESIFIT 15% OFF

#outfits #gymwear #pilates #activewear #transition",60,https://www.instagram.com/p/DakkyvUNZ9n/
2026-07-08T18:25:01.000Z,lesi.fit,4902,POV: You stopped waiting for motivation💯,77,https://www.instagram.com/p/DairebCDS37/
2026-07-09T19:34:45.000Z,fit_gallery_top,181,"Know the Difference ☑️ by @fitzzapp 
.
FITZZ – Your All-in-One Fitness Companion
.
Available on Google play and App Store 
.
#fitness #bodybuilding #homeworkout #gym #legworkout",1,https://www.instagram.com/p/DalYQGTDbe4/
,,-1,,0,https://www.instagram.com/bust_up_coach
2026-07-08T22:17:37.000Z,daiki_core_trainer.27,4924,"@daiki_core_trainer.27 動ける体づくりの発信
田中大輝です！
姿勢・体型（ダイエット）パフォーマンスアップ
全てにおいて解決できます。
人間の動くためのカラダ機能を高めれます🔥
・一般の方であれば日常の動き、
日常の動きが変われば体型は綺麗です。
・スポーツする人は体の動きの基礎レベルを
格段に上げてパフォーマンスアップに繋がります！
そして他では聞けないレベルまで深掘り解説してます！
※コメント全て返信します👍
ーーーーーーーーーーーーーーーーー
ローラーに乗って、しゃがんで立つだけ。
床では気づきにくい前後左右の重心のズレを、
ローラーが教えてくれます。
大切なのは、グラつかないように
固めることではなく、
ズレたときに自分の中心へ戻れること。
切り返しや着地でブレやすい人は、まずここから。
保存して試してみてください。
ーーーーーーーーーーーーーーーーー
店舗はトレーニング未経験や
運動が苦手な人でも安心してできます。
□姿勢＆体幹LAB ReSET
岡山県岡山市北区今保199-3レンタルスタジオMei
予約・問い合わせはDMからお願いします。",44,https://www.instagram.com/p/DajF46DTPhm/
2026-07-03T10:21:37.000Z,daiki_core_trainer.27,3714,"@daiki_core_trainer.27 動ける体づくりの発信
田中大輝です！
姿勢・体型（ダイエット）
パフォーマンスアップ
全てにおいて解決できます。
そして他では聞けない
レベルまで深掘り解説してます！
※コメント全て返信します👍
ーーーーーーーーーーーーーーーーー
お尻に丸みがない人は、
鍛える前に股関節を見直してください。
スクワットで膝が内に入る、
骨盤が後ろに倒れる、腰や太ももばかり頑張る。
この状態で重さを増やしても、
丸いお尻にはなりにくいです。
まずは四つん這いから脚を開き、
股関節の奥をゆっくり前後に動かします。
使える股関節になれば、お尻の形は変わります。
鍛える前に15回。 ピーマン尻から卒業しましょう。
ーーーーーーーーーーーーーーーーー
店舗はトレーニング未経験や
運動が苦手な人でも安心してできます。
□姿勢＆体幹LAB ReSET
岡山県岡山市北区今保199-3レンタルスタジオMei
予約・問い合わせはDMからお願いします。",32,https://www.instagram.com/p/DaU8CY3TIGn/
2026-07-07T11:55:14.000Z,bodymakefumie,355,"ほとんどの人が
膝突っ張って立ってます！

でも、それ
膝でなんとかしようとしても
難しい。

なんで突っ張っちゃうのか？
体幹で体を支えられてないから。

下腹部の感覚を入れていこう！
　
　
・・・・・　
　

下半身痩せにとって必須の
足裏アーチ。 

『足裏アーチ復活3Stepレッスン』を
LINEから配信しています！　

プロフィール欄のリンクから
LINEに登録していただくと
動画配信されます！　

こちらから
↓
@bodymakefumie",3,https://www.instagram.com/p/DafaIq1hsDc/
2026-03-03T11:03:59.000Z,bamli.tokyo,1072,"気になる髪質はこれで解決✨✨

#ヘアケア#髪質#髪質改善
#リファ#リケラエマルジョン",0,https://www.instagram.com/p/DVa4DHRksnQ/
2026-07-09T13:00:39.000Z,bodymakefumie,918,"その踵上げ
ちょっと違う！

拇趾球で体を持ち上げる
そんな感じで上がってみて

これが歩行の後ろ脚にも
活きてきます！
　
　
・・・・・　
　

下半身痩せにとって必須の
足裏アーチ。 

『足裏アーチ復活3Stepレッスン』を
LINEから配信しています！　

プロフィール欄のリンクから
LINEに登録していただくと
動画配信されます！　

こちらから
↓
@bodymakefumie",17,https://www.instagram.com/p/DakrB4-zMZK/
2026-06-29T12:58:22.000Z,kyokamommy,49,"ハイハイするようになったら、
歩くようになったら、
もう見れないこの必死さがたまらん😩✊🏼

#生後8ヶ月",2,https://www.instagram.com/p/DaK6nXPhm7m/
2026-07-06T22:27:34.000Z,daiki_core_trainer.27,3272,"@daiki_core_trainer.27 動ける体づくりの発信
田中大輝です！
姿勢・体型（ダイエット）パフォーマンスアップ
全てにおいて解決できます。
人間の動くためのカラダ機能を高めれます🔥
・一般の方であれば日常の動き、
日常の動きが変われば体型は綺麗です。
・スポーツする人は体の動きの基礎レベルを
格段に上げてパフォーマンスアップに繋がります！
そして他では聞けないレベルまで深掘り解説してます！
※コメント全て返信します👍
ーーーーーーーーーーーーーーーーー
これができたら、
日常もスポーツももっと軽やかに動けます。
ステップしながらキャッチして、
クロスして置く。 重心移動、方向転換、
体幹と手足の連動をまとめて強化。
慣れたらスピードを上げてレベルアップ。 動ける身体を作りたい人は、
ぜひやってみてください。
ーーーーーーーーーーーーーーーーー
店舗はトレーニング未経験や
運動が苦手な人でも安心してできます。
□姿勢＆体幹LAB ReSET
岡山県岡山市北区今保199-3レンタルスタジオMei
予約・問い合わせはDMからお願いします。",22,https://www.instagram.com/p/Dad9e9YzNM-/
2026-07-05T12:00:12.000Z,bodymakefumie,614,"歩き方変えたら
私の脚変わる！

そう思う人多いです。

まず
両脚で立てて
片脚で立てないと

始まらないです。

脚だけなんとかすれば
ってわけじゃないです。
　
　
・・・・・　
　

下半身痩せにとって必須の
足裏アーチ。 

『足裏アーチ復活3Stepレッスン』を
LINEから配信しています！　

プロフィール欄のリンクから
LINEに登録していただくと
動画配信されます！　

こちらから
↓
@bodymakefumie",12,https://www.instagram.com/p/DaaREYkh35I/
2026-07-09T11:01:16.000Z,bamli.tokyo,3,"髪質で悩んでる子は
これ使ってみて❤️

髪質変わるヘアケア✨✨

#髪質#髪質改善#ヘアケア
#エルジューダ #リファ",0,https://www.instagram.com/p/DakdfPzEllO/
2026-07-09T22:23:19.000Z,demicstory,9229,🔥5 Ab Mistakes Killing Your Core Gains ❌,12,https://www.instagram.com/p/Dalra_mjYRQ/
2026-07-09T22:13:28.000Z,demicstory,5144,"🔥 Upper, Middle, Lower – Full Chest Activation Guide",5,https://www.instagram.com/p/DalqSVNEdj4/
2026-07-10T01:39:00.000Z,demicstory,5828,🔥 Two Lat Pullover Styles — Two Totally Different Results,10,https://www.instagram.com/p/DamBz1NgSaw/
2026-07-05T12:39:03.000Z,tun_diet_mama,373,"▶︎▶︎他の痩せトレはこちら(@tun_diet_mama)
効果抜群！厳選エクササイズアップしていくよ😊
フォローして参考にしてね！

＼ダイエットは1日にしてならず／
自分のモチベーションに合わせて
毎日楽しくがんばろう🌱　

今回のエクササイズ『内ももすっきり』
１日20回で
効果即実感できるから
スキマで是非やってみてね😊

#産後ダイエット#エクササイズ
#痩せたい#内もも
#骨盤底筋",5,https://www.instagram.com/p/DaaVcUWynwA/
2026-06-26T13:14:06.000Z,tun_diet_mama,258,"▶︎▶︎他の痩せトレはこちら(@tun_diet_mama)
効果抜群！厳選エクササイズアップしていくよ😊
フォローして参考にしてね！

＼ダイエットは1日にしてならず／
自分のモチベーションに合わせて
毎日楽しくがんばろう🌱　

今回のエクササイズ『肩甲骨はがし』
1日30秒で効果実感できるから
是非やってみてね😊

#産後ダイエット#エクササイズ
#眠れない#痩せたい
#肩甲骨",9,https://www.instagram.com/p/DaDORsHS4Sq/
2026-07-07T10:45:19.000Z,bamli.tokyo,2208,"みんなこれもう使った？？
見つけたら即買い🛒
入手困難おすすめアイテム💓💓

#スキンケア#バズりアイテム#肌ケア
#vtリードルsユニバースキット #メンソレータム",7,https://www.instagram.com/p/DafSEqNkq_Z/
2026-07-09T23:21:39.000Z,shingo.39.39,453,"【宇宙にお任せとは、何か？】

「宇宙に委ねる」 「流れに任せる」 「祈って待つ」
これらの言葉は、本来とても深いものです。 しかし使い方を間違えると、現実に向き合わないための言葉にもなってしまいます。

心理学には、スピリチュアル・バイパスという概念があります。 これは、スピリチュアルな信念や祈り、瞑想、ポジティブな言葉を使って、本来向き合うべき感情・課題・責任を避けてしまう状態を指します。

研究では、宗教性やスピリチュアリティは支えにもなりますが、不適切に使われると、感情やトラウマへの直面を回避する働きにもなり得ると整理されています。

つまり、 「宇宙にお任せ」とは、 行動しないことではありません。

本質は、 人事を尽くして、天命を待つ ということです。

人事とは、自分にできること。 準備すること。 学ぶこと。 伝えること。 改善すること。 行動すること。 身体を整えること。

天命とは、自分では完全にコントロールできないこと。 結果。 タイミング。 相手の反応。 偶然。 流れ。

この2つを混同すると、人は苦しくなります。 コントロールできない結果まで握りしめると、不安と執着になります。
 逆に、コントロールできる行動まで手放してしまうと、現実逃避になります。
科学的に見ると、本当のお任せは、心理的柔軟性に近いものです。
 ACT、つまりアクセプタンス＆コミットメント・セラピーでは、不安や恐れを消してから動くのではなく、不安があっても、自分の価値に沿って行動することを重視します。
ACTの中心概念である心理的柔軟性は、今この瞬間に接触し、価値ある方向へ行動を続けたり変えたりする力として説明されています。

ここから見ると、 「お任せ」とは、 結果を諦めることではなく、 結果への過剰な執着を手放すこと。

そして、行動を放棄することではなく、 価値に沿った行動をやり切った後に、 自分では動かせない領域を信頼することです。

では、なぜ身体を整える必要があるのか。
身体が緊張し、呼吸が浅く、内側が不安定なとき、脳は世界を安全ではなく危険として予測しやすくなります。

内受容とは、心拍・呼吸・胃腸・疲労・緊張など、身体内部の信号を神経系が感知し、解釈し、統合する働きです。

内受容は感情、欲求、適応反応、身体調整、メンタルヘルスとも深く関係する領域として研究されています。
つまり、身体が整っていないと、 人は「委ねている」のではなく、 不安から逃げているだけになることがあります。

だから、祈る前に、呼吸。 委ねる前に、身体。 天命を待つ前に、人事。
ゆっくりした呼吸は、自律神経活動やHRV、心理状態と関係することが複数のレビューで報告されています。

特にスロー・ブリージングは、心拍変動や呼吸性洞性不整脈などの変化と関連し、心理生理学的な調整法として研究されています。
宇宙にお任せとは、 何もしないことではない。
身体を整える。 今できることをやる。 やれるだけやったら、結果を握りしめない。

これが、 「人事を尽くして、天命を待つ」 ということ。

そしてこれは、スピリチュアルな言葉でありながら、神経科学・心理学・身体調整の視点から見ても、非常に現実的な生き方です。

宇宙に委ねるとは、 自分を放棄することではない。
自分の身体を整え、 自分の役割を果たし、 自分にできる行動をやり切った先に、 自分ではコントロールできない流れを信頼すること。
お任せとは、逃避ではなく、 行動後の静けさである。

他の投稿はこちら
↓
@shingo.39.39 

#宇宙の法則 #宇宙とつながる #手放す #執着を手放す 
#無為自然 #行動 #自分軸 #天命 #バクティ",5,https://www.instagram.com/p/DalyN5vExSn/
2026-07-09T01:00:08.000Z,shingo.39.39,322,"経験は、知識ではなく“気づき”に変わる。

若い頃の知性には、速さがある。 新しい情報をすばやく処理し、未知の問題に反応し、挑戦する力。

心理学では、こうした力を「流動性知能」と呼ぶ。 一方で、人生経験・語彙・知識・判断力の蓄積によって育つ知性を「結晶性知能」と呼ぶ。

研究では、流動性能力は成人期以降低下しやすい一方で、結晶性能力は高齢期まで伸びたり、維持されたりする傾向が示されている。
 つまり、年齢を重ねることは、単なる衰えではない。 経験が、脳と身体の中で“結晶化”していくプロセスでもある。

そして、ここで重要になるのが「暗黙知」である。
暗黙知とは、言葉にしきれないけれど、確かに働いている知性。 現場でしかわからない違和感。 相手の状態を読む感覚。 進むべきか、待つべきかを見抜く間合い。 理屈では説明しきれないけれど、経験者だけが持つ“わかる”という感覚。

近年の研究でも、暗黙知は、専門的な判断や実践知において重要な役割を持つとされている。 特に医療や職人技、教育、経営のような領域では、マニュアル化された知識だけではなく、経験に基づく文脈判断が不可欠になる。
ただし、経験が多いだけで智慧になるわけではない。
大切なのは、経験を振り返ること。 失敗を意味づけること。 痛みを理解に変えること。 出来事を、自分の内側で統合すること。
智慧研究でも、結晶性知能は智慧にとって重要な条件でありながら、それだけで智慧になるわけではないとされる。
 経験に、内省・感情調整・他者理解・文脈理解が加わることで、知識は“気づき”へ変わっていく。
気づきとは、情報が増えることではない。 同じ出来事を、以前より深く見られるようになること。
若い頃には、結果しか見えなかった。 でも経験を重ねると、背景が見えてくる。 言葉の奥にある感情が見えてくる。 成功の裏にある代償が見えてくる。 人の強さだけでなく、弱さも見えてくる。

それは、ただ知っているのではない。 人生を通して、深く“わかる”ようになったということ。
AI時代、情報の量や処理速度では、人間はAIにかなわない場面が増えていく。
 だからこそ、これからの人間に残る価値は、経験から意味を見抜く力、文脈を読む力、身体に刻まれた暗黙知、そして気づきの深さである。
若さは、速さをくれる。 年齢は、深さをくれる。
経験は、あなたを古くするためにあるのではない。 人生の見え方を深くするためにある。
経験は、知識ではなく“気づき”に変わる。

#気づき #経験 #経験値 #暗黙知
#非認知能力 #知識 #叡智 #知恵 #智慧 
#感覚 #瞑想 #哲学 #心理学 #脳科学",3,https://www.instagram.com/p/DajYsa1mNlz/
2026-07-11T09:26:13.000Z,saiko.relax,48,"講座生対談✨️
素晴らしい実績だしてくれてるで‼️

•*¨*•.¸¸☆*･ﾟ

⁡
サロン歴18年、これまでに約1万人以上の施術経験あり！
＼  たなか さいこ ／です🙋‍♀️

🔻フォローミー​ ​​🔻
 @​𝘀𝗮𝗶𝗸𝗼.𝗿𝗲𝗹𝗮𝘅
⁡
公式LINEで色んな情報出してますよ〜
コチラから
⁡👇👇👇
https://lin.ee/G8E375K
⁡
⁡
いいね･保存もお願いします！
⁡
⁡
✰⋆｡:ﾟ･*☽:ﾟ･⋆｡✰⋆｡:ﾟ･*☽:ﾟ･⋆｡✰⋆｡:ﾟ･*☽
⁡
人生𝟭回‼️
全ては自分次第！
思いっきり楽しもう
✨*｡٩(ˊᗜˋ*)و✨*｡
⁡
✰⋆｡:ﾟ･*☽:ﾟ･⋆｡✰⋆｡:ﾟ･*☽:ﾟ･⋆｡✰⋆｡:ﾟ･*☽
⁡
⁡
​🔻フォローミー​ ​​🔻
 @​𝘀𝗮𝗶𝗸𝗼.𝗿𝗲𝗹𝗮𝘅
 
#リラクゼーションマッサージ
#ボディケアスクール
#セラピスト養成講座
#セラピスト起業
#リラクゼーションサロン
集客力アップ
集客サポート",0,https://www.instagram.com/p/DapcAT-gUHz/
2026-07-11T05:59:10.000Z,hiitmefit,115,"結局、足が痩せるのは運動💪🔥

私は食事のコントロールからダイエットを始めたんですが10kg痩せたって足は太かった🤣💦

逆に上半身がガリガリで見窄らしくて🙈

エクササイズを始めた3ヶ月くらいはびっくりするくらい張ってたけど、何となく張りがあって嫌な感じはしなかったの✨

その時によくショートパンツすでに履き出してた！なんか外国人みたいにお尻が上がってきたから足が太いのは嫌じゃなかったの❤️

だって私はお尻ペタンコの太ももガッツリタイプだったから💦お尻が出来ただけで有り難かった😭❤️🙏

そこからはびっくり！とにかく細くなるのみ！

周りの人もみんなトレーニングすると太くなるって言ってたから怖かったんだけど、とにかく実験してみたかったんだよね✨

いまは太くならない方法がわかったの🤭✨

聞くだけじゃ変わらないの、細くなりたかったらまずやってみるの✨

#ダンベル
#足痩せ",2,https://www.instagram.com/p/DapEgSCEgBC/
2026-07-10T19:33:28.000Z,fitzzapp,173,"Glute Workout on your Chair ☑️ by @fitzzapp 
.
FITZZ – Your All-in-One Fitness Companion
.
Available on Google play and App Store 💪🏻
.
#fitness #bodybuilding #gym #homeworkout #gluteworkout",0,https://www.instagram.com/p/Dan8rpxujaE/
2026-07-10T14:37:26.000Z,fitonomyapp,5805,"How to fix butt wink in your squat

Butt wink at the bottom of a squat is often caused by limited hip mobility and poor control. Improving both can help you move better and stay more stable.

Better mobility and control lead to a stronger, more stable squat.
Train smarter with @fitonomyapp

#squat #mobility #hips #glutes #formcheck",10,https://www.instagram.com/p/DanbaY6BH4U/
2026-07-10T17:30:01.000Z,fitonomyapp,3188,"Feeling every workout in your lower back?

If you feel most exercises in your lower back, it’s often a sign of weak core control and inactive glutes.

#core #lowerback #glutes #stability #mobility",1,https://www.instagram.com/p/DanuzlBFk7h/
2026-07-10T15:20:33.000Z,lesi.fit,3,"STOP GUESSING ON BACK DAY ✨

Today’s workout targets every major area:
✔️ Width for that V-shape
✔️ Thickness for a stronger, more defined look
✔️ Lower back for posture and stability
✔️ Rear delts for balanced shoulders

If you like workouts that are actually structured with a purpose, you’ll love @elvt.app 📲",38,https://www.instagram.com/p/Danf9Lfjb2g/
2026-07-10T11:51:33.000Z,teppei__hair,78,"✨このカラーは僕にしか作れません♡

📌「可愛い！」と思ったら保存してカウンセリングで見せてください◎

こんなお悩みありませんか？👇

♡赤み・オレンジっぽさが気になる
♡ブリーチなしで透明感が欲しい
♡色落ちまで可愛くしたい
♡暗くしたいけど重く見せたくない
♡自分に似合うカラーが分からない
♡ダメージを抑えて綺麗に染めたい

⬆️全てお任せください✨

僕の【くすみグレージュ】は

💎赤みをしっかり消す
💎柔らかく透ける質感
💎色落ちまで綺麗
💎一人一人に合わせたオーダーメイド配合

で作っています◎

⚠️ブリーチなしでできる範囲には限界があります
より透明感を出したい方はダブルカラーがおすすめです✨

📩ご予約はプロフィールURLまたはDMから

DM予約の場合は

①お名前（フルネーム）
②希望メニュー
③ご希望日時（第3希望まで）

を送ってください🙇‍♂️

「自分に似合う色が分からない」

そんな方こそぜひお任せください✨

一人一人に合わせた
“あなただけのグレージュ”
を作ります♡
.
.
#ブリーチなしグレージュ
#ブリーチなしダブルカラー
#くすみカラー",57,https://www.instagram.com/p/DanIARDp_Ok/
2026-07-11T00:09:36.000Z,teppei__hair,36,"✨このカラーは僕にしか作れません♡

📌「可愛い！」と思ったら保存してカウンセリングで見せてください◎

こんなお悩みありませんか？👇

♡赤み・オレンジっぽさが気になる
♡ブリーチなしで透明感が欲しい
♡色落ちまで可愛くしたい
♡暗くしたいけど重く見せたくない
♡自分に似合うカラーが分からない
♡ダメージを抑えて綺麗に染めたい

⬆️全てお任せください✨

僕の【くすみグレージュ】は

💎赤みをしっかり消す
💎柔らかく透ける質感
💎色落ちまで綺麗
💎一人一人に合わせたオーダーメイド配合

で作っています◎

⚠️ブリーチなしでできる範囲には限界があります
より透明感を出したい方はダブルカラーがおすすめです✨

📩ご予約はプロフィールURLまたはDMから

DM予約の場合は

①お名前（フルネーム）
②希望メニュー
③ご希望日時（第3希望まで）

を送ってください🙇‍♂️

「自分に似合う色が分からない」

そんな方こそぜひお任せください✨

一人一人に合わせた
“あなただけのグレージュ”
を作ります♡
.
.
#ブリーチなしグレージュ
#ブリーチなしダブルカラー
#くすみカラー",67,https://www.instagram.com/p/Daocf97AU2A/
2026-07-11T00:11:57.000Z,demicstory,5914,🔥 Target the Right Muscles with the Right Squat Stance,7,https://www.instagram.com/p/Daoco-fDDEh/
2026-07-11T00:35:52.000Z,demicstory,4052,🔥 How to Do the Perfect Elbow Lever (Step by Step),10,https://www.instagram.com/p/DaofYK1CZd_/
2026-07-11T00:51:09.000Z,demicstory,10607,90° vs 45° vs 20° — Massive Difference (Here’s Why),13,https://www.instagram.com/p/DaohJPwlLVP/
2026-06-27T00:53:27.000Z,shingo.39.39,2206,"宇宙とつながるとは何か？

この言葉は、とても誤解されやすい。
宇宙とつながると聞くと、特別な能力、見えない世界との交信、スピリチュアルな神秘体験のように捉えられやすい。

しかし、論文ベースで整理すると、 「宇宙とつながる」とは、決して非科学的な話だけではない。

むしろそれは、 自分という存在が孤立した個体ではなく、 より大きな全体の中に生きていることを、 身体と意識で思い出す体験に近い。

まず、物質的に見れば、私たちの身体は宇宙の歴史の延長にある。
炭素、酸素、鉄、カルシウムなど、生命を構成する多くの元素は、星の内部や星の死、爆発的な宇宙現象の中で形成されてきた。

つまり、人間の身体は、 地球だけで完結しているものではない。
身体そのものが、宇宙の時間、星のプロセス、物質循環の結果として今ここに存在している。

次に、心理学の領域では、 宇宙や大自然を前にしたときに生じる圧倒的な感覚を 「畏敬 awe」と呼ぶ。

Keltner & Haidt は、畏敬の中心に 「広大さ」と「認知枠組みの更新」があると整理した。
広大な星空、海、山、宇宙、生命の神秘に触れたとき、人は自分の理解を超えたものに出会う。

そのとき、脳は今までの小さな解釈だけでは 世界を処理できなくなる。
これが、認知枠組みの更新である。

つまり、宇宙とつながるとは、 ただ空を見ることではない。
自分の中にあった 「世界とはこういうものだ」 「私はこういう存在だ」 という枠組みが、一度ゆるむことである。

さらに、畏敬の研究では “small self” という概念が重要になる。
星空を見上げたとき、 自分がとても小さく感じられることがある。
しかし、それは自己否定ではない。
「自分は無価値だ」と感じる小ささではなく、 「自分だけが世界の中心ではない」と気づく小ささである。

Piff らの研究では、畏敬は small self を通じて、人をより大きな社会的文脈の中に置き直し、向社会性や集合的関心を高める可能性が示されている。

ここが非常に重要である。
宇宙とつながるとは、 自分を消すことではない。
自分の輪郭が広がることである。
「私だけ」から、 「私たち」へ。
「個人」から、 「生命」へ。
「自我」から、 「全体」へ。
この意識の移行が、 宇宙とつながる感覚の心理学的な本質に近い。

また、Yaden らは、自己超越体験を 「自己への意識が一時的に弱まり、 より大きな存在や世界とのつながりを感じる体験」として整理している。

自己超越は、宗教だけで起こるものではない。
自然、音楽、瞑想、祈り、深い呼吸、芸術、愛、出産、死生観、強い感謝の体験の中でも起こる。

つまり、宇宙とつながるとは、特殊な人だけが到達する神秘体験ではなく、人間の意識に備わった自己超越の機能でもある。

そして、この体験の入口は、実は「身体」にある。
なぜなら、私たちは頭だけで世界とつながっているのではないから。
呼吸、心拍、体温、胃腸感覚、皮膚感覚、筋緊張。 これらの内側の感覚を感じる力を、 神経科学では「内受容」と呼ぶ。

Craig や Critchley らの研究は、 内受容が身体状態の感覚、情動、自己感覚と深く関係することを示している。

つまり、自分の身体を感じられない状態では、 世界とのつながりも感じにくくなる。
身体と切り離されたまま、 宇宙とはつながれない。
呼吸が浅く、 身体が緊張し、 意識が頭の中の思考だけに閉じているとき、 人は「自分だけで生きている」ように感じやすい。

反対に、呼吸が深まり、身体がゆるみ、内側の感覚が立ち上がると、自分と世界の境界は少しやわらかくなる。
このとき、人は思い出す。
 身体は地球の物質でできている。 地球は宇宙の一部である。
つまり、呼吸とは、宇宙との最も身近な接点である。
吸う息も、吐く息も、自分だけで完結していない。
呼吸は、身体と地球の共同作業であり、 地球と宇宙の循環の一部である。
だから、宇宙とつながるとは、 どこか遠くへ行くことではない。

今ここで、 呼吸を感じること。 身体を感じること。 自然を感じること。 自分が全体の中にいることを思い出すこと。

純粋意識の視点で言えば、 自我意識は世界を「私」と「それ」に分ける。

私の身体。 私の人生。 私の悩み。 私の成功。 私の不安。

しかし、純粋意識は、 その分離の奥にある全体性に気づく。
自我を否定するのではなく、自我だけが自分ではないと気づく。

身体の奥に、自然とのつながりがある。
自然の奥に、地球とのつながりがある。
地球の奥に、宇宙とのつながりがある。

宇宙とつながるとは、神秘的な能力を得ることではない。
「私は孤立していない」と、身体で思い出すことである。

他の投稿はこちら
↓
@shingo.39.39 

#宇宙と繋がる #宇宙の法則 #宇宙とつながる 
#超越 #メタ認知 #非認知能力 #自然と繋がる 
#自然と暮らす #自然と調和 #調和 #つながる",9,https://www.instagram.com/p/DaEeY9QmCaU/
2026-07-12T07:55:06.000Z,hiitmefit,54,"コレで５キロ痩せて見える🤭✨💕

💎首が短くなった
💎肩のまるみが…
💎背中が分厚くなった
💎腕が短く見える
💎腕とお腹の隙間がない

こんな方はココを引き締めるだけで5キロは痩せて見えるはず❣️

①Dumbbell Halo
ダンベルを頭のまわりでまわす

②Triceps Extension
頭の上で肘を曲げ伸ばしする

③Upright Row
ダンベルを下から垂直に鎖骨まで上げる
*超オススメ肩の後ろの丸みがスッキリ❣️

④Oblique stretch 
手を上げて脇腹を伸ばして縮める

#ダンベル
#腕痩せ",1,https://www.instagram.com/p/Dar2onkS-Yc/
2026-07-12T09:11:02.000Z,saiko.relax,88,"肩こりさんに！肩ばかりやめて‼️

•*¨*•.¸¸☆*･ﾟ

⁡
サロン歴18年、これまでに約1万人以上の施術経験あり！
＼  たなか さいこ ／です🙋‍♀️

🔻フォローミー​ ​​🔻
 @​𝘀𝗮𝗶𝗸𝗼.𝗿𝗲𝗹𝗮𝘅
⁡
⁡
いいね･保存もお願いします！
⁡
⁡
✰⋆｡:ﾟ･*☽:ﾟ･⋆｡✰⋆｡:ﾟ･*☽:ﾟ･⋆｡✰⋆｡:ﾟ･*☽
⁡
人生𝟭回‼️
全ては自分次第！
思いっきり楽しもう
✨*｡٩(ˊᗜˋ*)و✨*｡
⁡
✰⋆｡:ﾟ･*☽:ﾟ･⋆｡✰⋆｡:ﾟ･*☽:ﾟ･⋆｡✰⋆｡:ﾟ･*☽
⁡
⁡
​🔻フォローミー​ ​​🔻
 @​𝘀𝗮𝗶𝗸𝗼.𝗿𝗲𝗹𝗮𝘅
 
#リラクゼーションマッサージ
#ボディケアスクール
#セラピスト養成講座
#セラピスト起業
#リラクゼーションサロン
集客力アップ
集客サポート",0,https://www.instagram.com/p/Dar_JQRg9Kx/
2026-07-12T10:16:00.000Z,g.tail_wellness,14,"謎の疲労感とネガティブ思考の原因である「心のタイムトラベル」。これを物理的に止め、脳のエネルギー漏れを一瞬で防ぐ最強の手段、「マインドフルネス瞑想」についてガチ解説！

次回の「日常でできる6つの実践編」と
セットですぐに見返せるように、
右側の【保存マーク】を押して
リストに入れておきましょう

ーーー

■ 脳のエネルギー漏れを防ぐメカニズム

脳科学的に言うと、
脳の「過去や未来をさまよう回路」と
「今、目の前に集中する回路」はシーソーの関係にあり、
同時には使えません

つまり、
自分の「呼吸」という身体の感覚に
意識のスポットライトを強制的に当てるだけで、
暴走していた不安や後悔の回路を物理的に断ち切り、
脳のエネルギー漏れを一瞬で改善できます

■ マインドフルネスの基本手順

① 静かに目を閉じ、視覚情報を100%シャットアウトする
② 自然な呼吸に伴う「お腹や胸の膨らみ」「鼻を通る空気の感覚」だけに意識を向ける
③ 雑念が浮かんでも客観的に受け流し、再び淡々と呼吸の感覚に戻る

■ 精神論から「環境設計」へ

とはいえ、
仕事や家事に追われる忙しい大人の女性が、
毎日時間を作って修行僧のようにじっと座って瞑想するのは
現実的ではありません

無理な気合や根性は不要です

そこで次回（第3章）は、
わざわざ座禅を組まなくても、
日常の動作の中でマインドフルネスと
「全く同じ脳の切り替え」を起こし、
自律神経を整える6つのメソッドを完全公開しますので、
お楽しみに！

ーーー

【🚨頑張る「宅トレ」が報われないアラフォー女性へ】

自宅で筋トレやストレッチを続けているのに、なかなか体型が変わらない…。
そんなあなたの宅トレの成果を一気に「爆増」させるノウハウが、私が提唱する『G-Method』です。

回数をこなす気合や根性に頼る前に、まずは身体の根本的なシステム（姿勢と呼吸）を書き換える必要があります。

🎁【プロフリンク限定】無料プレゼント中🎁
アラフォー専用・自宅で完結
【脱・根性論ボディデザイン】完全導入スターターキット

身体を根本から書き換える「メイン講義」と、
今日からすぐに環境を整えるための「3つの実践ツール」を
セットでお渡ししています

🎬【メイン講義（全3回・動画約20分）】
『【G-Method序論】アラフォーから自宅で極める「一生崩れない」しなやか美ボディ・3ステップ無料講義』

📕【講義の効果を最大化する3大PDFツール】
・ツール①：
『【体型を崩すNG習慣】危険度チェックシート10選』

・ツール②：
『【習慣をシステムで解決】一生続く「運動自動化」7ステップ』

・ツール③：
『【アラフォー以降専用】一瞬より一生のダイエット成功ロードマップ10選』

一瞬より「一生」の機能美ボディを本気で手に入れたい方は、
プロフィールのリンクから今のうちに必ず受け取ってくださいな
👇
@g.tail_wellness
（※リンク先の専用窓口で即時お渡しします）

#アラフォーダイエット #脳疲労 #マインドフルネス #機能美",0,https://www.instagram.com/p/DasGcm2iBLT/
2026-07-12T10:13:14.000Z,pt_kettyo,26,"側屈を細かく評価
〜左右差は側屈に現れる〜
@pt_kettyo

こんにちは！
ピラティススタジオlulutoの戸田です☺️

側屈を見る時、
「横に倒れたかどうか」
だけで評価していませんか？💡
実は、
・腰部で曲がりすぎる
・胸部が動かない
・骨盤が持ち上がる
など、
同じ側屈でも代償のパターンは人それぞれです。

細かく評価することで、
より的確なアプローチにつながります☺️

保存してぜひレッスンに活かしてみてください！

他の投稿はこちら
🔻
@pt_kettyo

※本アカウント内の投稿内容は
あくまで個人の見解です。

＝＝＝＝＝＝＝＝＝＝＝＝＝
ピラティススタジオluluto 代表
戸田　圭哉

大学卒業後、理学療法士として東京の病院で勤務
その後「ピラティス」に出会い人生が変わる

パーソナルトレーナーを経て、
2022年3月に「ピラティススタジオluluto」をOPEN！

2026年2月には国内外98店舗も展開するチェーン店へ拡大させる

🔻ルルトのインストラクター採用に興味がある方はこちらのアカウントもチェック
@luluto_recruit

今はスタジオ運営と同時にピラティスで
体も心も健康に！をテーマにPHIピラティスマスタートレーナーとして
「ピラティスインストラクター養成コース」も開講中

🔻養成コースが気になる方はこちらへDMを
📩@pt_kettyo
＝＝＝＝＝＝＝＝＝＝＝",0,https://www.instagram.com/p/DasGPF5xbfw/
2026-07-11T14:47:51.000Z,elvt.app,2829,"Fat loss got easier when I stopped guessing and started following a plan💛

If you’re ready to make fat loss feel simple, 
@elvt.app has you covered 📲",21,https://www.instagram.com/p/DaqA6YmMz8i/
2026-07-11T13:57:55.000Z,teppei__hair,13,"✨このカラーは僕にしか作れません♡

📌「可愛い！」と思ったら保存してカウンセリングで見せてください◎

こんなお悩みありませんか？👇

♡赤み・オレンジっぽさが気になる
♡ブリーチなしで透明感が欲しい
♡色落ちまで可愛くしたい
♡暗くしたいけど重く見せたくない
♡自分に似合うカラーが分からない
♡ダメージを抑えて綺麗に染めたい

⬆️全てお任せください✨

僕の【くすみグレージュ】は

💎赤みをしっかり消す
💎柔らかく透ける質感
💎色落ちまで綺麗
💎一人一人に合わせたオーダーメイド配合

で作っています◎

⚠️ブリーチなしでできる範囲には限界があります
より透明感を出したい方はダブルカラーがおすすめです✨

📩ご予約はプロフィールURLまたはDMから

DM予約の場合は

①お名前（フルネーム）
②希望メニュー
③ご希望日時（第3希望まで）

を送ってください🙇‍♂️

「自分に似合う色が分からない」

そんな方こそぜひお任せください✨

一人一人に合わせた
“あなただけのグレージュ”
を作ります♡
.
.
#ブリーチなしグレージュ
#ブリーチなしダブルカラー
#くすみカラー",4,https://www.instagram.com/p/Dap7Sz0CT3n/
2026-07-11T23:59:36.000Z,teppei__hair,36,"✨このカラーは僕にしか作れません♡

📌「可愛い！」と思ったら保存してカウンセリングで見せてください◎

こんなお悩みありませんか？👇

♡赤み・オレンジっぽさが気になる
♡ブリーチなしで透明感が欲しい
♡色落ちまで可愛くしたい
♡暗くしたいけど重く見せたくない
♡自分に似合うカラーが分からない
♡ダメージを抑えて綺麗に染めたい

⬆️全てお任せください✨

僕の【くすみグレージュ】は

💎赤みをしっかり消す
💎柔らかく透ける質感
💎色落ちまで綺麗
💎一人一人に合わせたオーダーメイド配合

で作っています◎

⚠️ブリーチなしでできる範囲には限界があります
より透明感を出したい方はダブルカラーがおすすめです✨

📩ご予約はプロフィールURLまたはDMから

DM予約の場合は

①お名前（フルネーム）
②希望メニュー
③ご希望日時（第3希望まで）

を送ってください🙇‍♂️

「自分に似合う色が分からない」

そんな方こそぜひお任せください✨

一人一人に合わせた
“あなただけのグレージュ”
を作ります♡
.
.
#ブリーチなしグレージュ
#ブリーチなしダブルカラー
#くすみカラー",65,https://www.instagram.com/p/DarACQJhroC/
2026-07-11T11:26:55.000Z,fit_gallery_top,169,"Know the Difference ☑️ by @fitzzapp 
.
FITZZ – Your All-in-One Fitness Companion
.
Available on Google play and App Store 
.
#fitness #bodybuilding #homeworkout #gym #legworkout",0,https://www.instagram.com/p/Dapp-stNzgJ/
2026-07-12T10:13:46.000Z,teppei__hair,27,"✨このカラーは僕にしか作れません♡

📌「可愛い！」と思ったら保存してカウンセリングで見せてください◎

こんなお悩みありませんか？👇

♡赤み・オレンジっぽさが気になる
♡ブリーチなしで透明感が欲しい
♡色落ちまで可愛くしたい
♡暗くしたいけど重く見せたくない
♡自分に似合うカラーが分からない
♡ダメージを抑えて綺麗に染めたい

⬆️全てお任せください✨

僕の【くすみグレージュ】は

💎赤みをしっかり消す
💎柔らかく透ける質感
💎色落ちまで綺麗
💎一人一人に合わせたオーダーメイド配合

で作っています◎

⚠️ブリーチなしでできる範囲には限界があります
より透明感を出したい方はダブルカラーがおすすめです✨

📩ご予約はプロフィールURLまたはDMから

DM予約の場合は

①お名前（フルネーム）
②希望メニュー
③ご希望日時（第3希望まで）

を送ってください🙇‍♂️

「自分に似合う色が分からない」

そんな方こそぜひお任せください✨

一人一人に合わせた
“あなただけのグレージュ”
を作ります♡
.
.
#ブリーチなしグレージュ
#ブリーチなしダブルカラー
#くすみカラー",59,https://www.instagram.com/p/DasGMdVpx1h/
2026-07-11T18:46:02.000Z,fitzzapp,334,"Legs vs Glutes ☑️ by @fitzzapp 
.
FITZZ – Your All-in-One Fitness Companion
.
Available on Google play and App Store 
.
#fitness #bodybuilding #homeworkout #gym #legworkout",0,https://www.instagram.com/p/DaqcNbAONCN/
2026-07-11T13:58:41.000Z,lesi.fit,24109,this is your sign to romanticize your life 💛,92,https://www.instagram.com/p/Dap7YVDDSic/
2026-07-11T13:00:10.000Z,fitonomyapp,8986,"Kickbacks hitting your lower back?

If you feel glute kickbacks more in your lower back, your setup and control need adjustment.
Proper form keeps the tension on your glutes, not your lower back.
Train smarter with @fitonomyapp

#glutes #kickbacks #lowerback #formcheck",16,https://www.instagram.com/p/Dap0wuXhc8t/
2026-07-11T17:15:01.000Z,fitonomyapp,3428,"Leg Extensions Hurting Your Knees? Fix This

Align your knees with the machine’s pivot, keep feet hip-width, and extend with control—don’t slam the lockout. For balance, set up leg curls with the pad above the heels, toes neutral, and hips down to train the hamstrings properly.

Fix your leg training mechanics — train with @fitonomyapp 💪

 #legextensions #legcurl #quads #hamstrings #kneefriendly",1,https://www.instagram.com/p/DaqR9FaFrZA/
2026-07-11T22:44:46.000Z,demicstory,7816,🏊♂️Swim Faster in 22 Seconds: Breaststroke Tips,19,https://www.instagram.com/p/Daq3daGkbMH/
2026-07-11T17:40:27.000Z,demicstory,6733,🔥 Barbell Row Variations for a Stronger Back,9,https://www.instagram.com/p/DaqUopYCWrC/
2026-07-12T03:26:56.000Z,demicstory,9830,🔥 Biceps Not Growing? Try This Curl Variation,9,https://www.instagram.com/p/DarXwGFDXnI/
2026-07-11T13:22:39.000Z,bodymakefumie,41,,2,https://www.instagram.com/p/Dap3Nlsk_3Q/
2026-07-13T09:03:48.000Z,yuna_kirei,16,"この度、LIMOEとコラボレーションで
オフラインイベントを開催することになりました🍋✨

@limoe_official 

【レモンスティックカフェ会☕️🍰】と題して、
インナービューティーお勉強会&ワークショップを
企画させていただきました✨✨

各会、6名という少人数制にして、
一人一人と深く交流できるような会にしたいという
私とJさんのこだわりも詰まっています🤭🌼

試して、話して、学べる、
楽しい会にしたいと思っておりますので
ぜひお気軽にご参加いただけたら嬉しいです☺️💓✨

______

【日時】

第1回　8月23日（日）
・10:00〜（90分）・6名
・15:00〜（90分）・6名
・17:00〜（90分）・6名
・19:00〜（90分）・6名

会場📍株式会社bibin
東京都赤坂２丁目14-5 DAIWA 赤坂ビル6F

___

第2回　8月26日（水）
・10:00〜（90分）・6名
・15:00〜（90分）・6名
・17:00〜（90分）・6名
・19:00〜（90分）・6名

会場📍半蔵門駅から徒歩10分
※詳細住所は参加確定後にDMにてご案内します。

【参加費】 
無料

【応募方法】
Googleフォームよりお申し込みお願いします。
ストーリーにてご案内いたします☺️

みなさんのご参加を心よりお待ちしております🫶🏻",0,https://www.instagram.com/p/DaujOW4GiLm/
2026-07-13T09:14:45.000Z,saiko.relax,35,"理想の未来掴むような行動してる？！

•*¨*•.¸¸☆*･ﾟ

⁡
サロン歴18年、これまでに約1万人以上の施術経験あり！
＼  たなか さいこ ／です🙋‍♀️

🔻フォローミー​ ​​🔻
 @​𝘀𝗮𝗶𝗸𝗼.𝗿𝗲𝗹𝗮𝘅
⁡
いいね･保存もお願いします！
⁡
⁡
✰⋆｡:ﾟ･*☽:ﾟ･⋆｡✰⋆｡:ﾟ･*☽:ﾟ･⋆｡✰⋆｡:ﾟ･*☽
⁡
人生𝟭回‼️
全ては自分次第！
思いっきり楽しもう
✨*｡٩(ˊᗜˋ*)و✨*｡
⁡
✰⋆｡:ﾟ･*☽:ﾟ･⋆｡✰⋆｡:ﾟ･*☽:ﾟ･⋆｡✰⋆｡:ﾟ･*☽
⁡
⁡
​🔻フォローミー​ ​​🔻
 @​𝘀𝗮𝗶𝗸𝗼.𝗿𝗲𝗹𝗮𝘅
 
#リラクゼーションマッサージ
#ボディケアスクール
#セラピスト養成講座
#セラピスト起業
#リラクゼーションサロン
集客力アップ
集客サポート",0,https://www.instagram.com/p/DaukWU8gG_C/
2026-07-13T02:55:06.000Z,hiitmefit,376,"熱中症？紫外線？😏怖くない怖くない🙂‍↔️❤️🔥

跳ね飛ばす力を忘れないで💪🔥

守りに入ったら人間は終わりよ！戦うの！立ち向かうの！

幸せや自由は、その勇気を持った人にだけ与えられる✨

運動は勇気を保つ為にしてるの😏✨

でもそれは、仕事でも家事でも何でもいい！一生懸命にやれば、そこに勇気が生まれてくる🐈💕

40代、立ち向かうことを忘れないで！

#40代 
#健康
#メンタル",3,https://www.instagram.com/p/Dat5D8Uyval/
2026-07-13T10:08:30.000Z,g.tail_wellness,11,"アラフォー以降の謎の疲労感とネガティブ思考を一掃する！

スピリチュアル要素ゼロ、
脳科学に基づいた「最強の脳リセット法6選」を完全公開します

※本投稿はシリーズ第3章（完結編）です。はじめましての方は、ぜひ過去2回分の投稿から順番にご覧ください

メモの用意はいいですか？

日常の中でいつでも実践できるよう、
右側の【保存マーク】を押してリストに入れておきましょう

ーーー

■ 脳のエネルギー漏れを防ぐ6つのメソッド

① 瞑想歩行
足の裏の感覚だけに全集中して歩く。物理的な生データで脳を満たし、雑念を強制終了させます

② パノラマウェイク
スマホなどの一点凝視をやめ、空間全体の「周辺視野」をぼんやり眺めることで、脳の警戒アラームを解除します

③ オプティックラン
イヤホンもスマホも持たずに外を走る。景色が後ろに流れる視覚刺激（オプティック・フロー）が、不安を司る扁桃体をシャットダウンします

④ エコー・チューニング
イヤホンを外し、空間全体の環境音に耳を澄ます。反響音で空間の広さを認識し、脳のストレスと閉塞感を解き放ちます

⑤ グラウンド・リセット
床やストレッチポールの上に仰向けになるだけ。背骨への感覚入力が身体の中心軸を再認識させ、神経の通信エラーを矯正します

⑥ フィジオ・ブレス
鼻から短く2回吸い、口から長く最後まで吐く。肺の奥を広げて迷走神経を刺激し、交感神経のパニックを数秒で止めます

［参考文献］
・Killingsworth, M. A., & Gilbert, D. T. (2010). A wandering mind is an unhappy mind. Science.
・Raichle, M. E., et al. (2001). A default mode of brain function. PNAS.
・Wiehler, A., et al. (2022). A trophic explanation for cognitive fatigue. Current Biology.
・Oppezzo, M., & Schwartz, D. L. (2014). Give Your Ideas Some Legs: The Positive Effect of Walking on Creative Thinking. Journal of Experimental Psychology.
・Kahneman, D. (2011). Thinking, Fast and Slow. Farrar, Straus and Giroux.

ーーー

■ 今日からのアクションプラン

大人の女性がやるべきなのは、
気合や根性に頼ることではありません

日常の環境に少しの工夫を加え、
身体と脳の「システム」をうまく使いこなすことです

今回紹介した中で、
今日すぐにできそうなものを1つ選び、
実践してみてください！

ーーー

【🚨頑張る「宅トレ」が報われないアラフォー女性へ】

自宅で筋トレやストレッチを続けているのに、なかなか体型が変わらない…。
そんなあなたの宅トレの成果を一気に「爆増」させるノウハウが、私が提唱する『G-Method』です。

回数をこなす気合や根性に頼る前に、まずは身体の根本的なシステム（姿勢と呼吸）を書き換える必要があります。

🎁【プロフリンク限定】無料プレゼント中🎁
アラフォー専用・自宅で完結
【脱・根性論ボディデザイン】完全導入スターターキット

身体を根本から書き換える「メイン講義」と、
今日からすぐに環境を整えるための「3つの実践ツール」を
セットでお渡ししています

🎬【メイン講義（全3回・動画約20分）】
『【G-Method序論】アラフォーから自宅で極める「一生崩れない」しなやか美ボディ・3ステップ無料講義』

📕【講義の効果を最大化する3大PDFツール】
・ツール①：
『【体型を崩すNG習慣】危険度チェックシート10選』

・ツール②：
『【習慣をシステムで解決】一生続く「運動自動化」7ステップ』

・ツール③：
『【アラフォー以降専用】一瞬より一生のダイエット成功ロードマップ10選』

一瞬より「一生」の機能美ボディを本気で手に入れたい方は、
プロフィールのリンクから今のうちに必ず受け取ってくださいな
👇
@g.tail_wellness
（※リンク先の専用窓口で即時お渡しします）

#アラフォーダイエット #脳疲労 #自律神経を整える #機能美",0,https://www.instagram.com/p/DauqbwfikTS/
2026-07-13T09:09:35.000Z,pt_kettyo,7,"【7月のルルトオンライン採用セミナー開催情報】
@pt_kettyo

こんにちは！
ピラティススタジオluluto代表の戸田です😊

ルルトで毎月開催している無料オンライン採用セミナーの日程情報です！

・ピラティスに関わる仕事に興味がある方
・ルルトをもっと知りたい方
・転職を考えている方　　など

お申し込み、お待ちしております👍

⚠️申し込み方法は
プロフィールのリンク「採用情報」をタップ！
ルルト採用LINEの友だち登録からお願いいたします🙇‍♂️
@pt_kettyo

セミナー情報の他にも詳しい採用情報、無料オンライン相談など各種コンテンツをご用意しておりますので、少しでも興味のある方はぜひご登録を🙏

＝＝＝＝＝＝＝＝＝＝＝＝＝
ピラティススタジオluluto 代表
戸田　圭哉

大学卒業後、理学療法士として東京の病院で勤務
その後「ピラティス」に出会い人生が変わる

パーソナルトレーナーを経て、2022年3月に「ピラティススタジオluluto」をOPEN！
2026年2月には国内外98店舗も展開するチェーン店へ拡大させる
🔻ルルトのインストラクター採用に興味がある方はこちらのアカウントもチェック
@luluto_recruit

今はスタジオ運営と同時に
ピラティスで体も心も健康に！をテーマに
PHIピラティスマスタートレーナーとして
「ピラティスインストラクター養成コース」も開講中

🔻養成コースが気になる方はこちらへDMを📩
@pt_kettyo

＝＝＝＝＝＝＝＝＝＝＝＝＝

#ピラティスインストラクター採用 #ピラティスインストラクターになりたい #ピラティスインストラクター求人 #ピラティスインストラクター募集 #理学療法士求人",0,https://www.instagram.com/p/Dauj4wKIEQt/
2026-07-13T01:51:18.000Z,shinkyu_refine,19,"セラピスト向け小顔整体技術セミナーのお知らせ

この1dayセミナーでは、

✔ 食いしばりに特化した小顔整体
✔ 美容整体の考え方と技術
✔ 最短で結果を出すための施術手順
✔ 触るべき筋肉・触らなくていい筋肉の見極め

を、現場ですぐ使えるレベルまでお伝えします。

「メイク落とさずに施術したい」
「施術で中々効果が出ない」
「他店との差別化をしたい」
「長時間施術から抜け出したい」
「SNSで集客したい」

そんな方はぜひご参加ください！

お問合せはプロフィールのLINEから💁

#食いしばり
#小顔整体
#エラ張り
#1dayセミナー
#都島",0,https://www.instagram.com/p/DatxCy4RfUk/
2026-07-12T20:48:25.000Z,demicstory,8825,🔥 Upper Body Workout That Actually Builds Muscle,7,https://www.instagram.com/p/DatO8GElPWI/
2026-07-12T23:51:14.000Z,demicstory,8091,💪 Abs Workout You Can Do Anywhere With Just Bodyweight + Dumbbells,14,https://www.instagram.com/p/Datj3BqgT96/
2026-07-12T23:59:14.000Z,demicstory,7989,❌ Bench Dip Mistakes You’re Probably Making,14,https://www.instagram.com/p/Datk0bpj4VF/
2026-07-13T10:46:08.000Z,bamli.tokyo,3,"今年の夏もこれないと乗り切れない🥵🧊
ひんやりアイテムを8つに厳選して紹介するよ！

✔️ 顔汗でメイクが崩れる
✔️ 頭皮がベタついて気持ち悪い
✔️ 外に出るだけで汗だく
✔️ 少しでも涼しく過ごしたい

そんな人はぜひチェックしてみて🫶

#PR #夏対策 #ひんやりグッズ #汗ケア #汗ケアグッズ",0,https://www.instagram.com/p/Dauu74JkrIL/
2026-07-13T10:05:20.000Z,daiki_core_trainer.27,102,"@daiki_core_trainer.27 動ける体づくりの発信
田中大輝です！
姿勢・体型（ダイエット）パフォーマンスアップ
全てにおいて解決できます。
人間の動くためのカラダ機能を高めれます🔥
・一般の方であれば日常の動き、
日常の動きが変われば体型は綺麗です。
・スポーツする人は体の動きの基礎レベルを
格段に上げてパフォーマンスアップに繋がります！
そして他では聞けないレベルまで深掘り解説してます！
※コメント全て返信します👍
ーーーーーーーーーーーーーーーーー
腹筋100回しても、くびれません。
むしろ寸胴に見えます。
くびれに必要なのは、肋骨の動きです。
横に倒れる前に、まず肋骨を横へスライド。
脇腹を潰さず、肋骨と骨盤の間を長く保つ。
これが肋骨のイナシです。
腹筋より先に、肋骨を動かしてください。
ーーーーーーーーーーーーーーーーー
店舗はトレーニング未経験や
運動が苦手な人でも安心してできます。
□姿勢＆体幹LAB ReSET
岡山県岡山市北区今保199-3レンタルスタジオMei
予約・問い合わせはDMからお願いします。",2,https://www.instagram.com/p/DauqII7ziJP/
